<DATE>	<TIME>	<OPEN>	<HIGH>	<LOW>	<CLOSE>	<TICKVOL>	<VOL>	<SPREAD>
2026.07.26	22:01:00	4091.771	4092.761	4090.244	4092.632	87	0	480
2026.07.26	22:02:00	4092.461	4096.553	4091.175	4096.553	156	0	340
2026.07.26	22:03:00	4096.490	4096.490	4092.578	4093.294	180	0	340
2026.07.26	22:04:00	4093.236	4093.610	4089.004	4089.416	202	0	260
2026.07.26	22:05:00	4089.300	4091.982	4089.031	4089.625	149	0	340
2026.07.26	22:06:00	4089.675	4091.539	4089.610	4089.716	132	0	340
2026.07.26	22:07:00	4090.078	4091.087	4089.227	4089.784	114	0	340
2026.07.26	22:08:00	4089.713	4090.969	4089.087	4089.397	111	0	340
2026.07.26	22:09:00	4089.397	4090.191	4087.541	4088.485	120	0	260
2026.07.26	22:10:00	4088.478	4089.219	4087.640	4088.564	115	0	260
2026.07.26	22:11:00	4088.659	4088.844	4087.328	4087.419	90	0	260
2026.07.26	22:12:00	4087.445	4087.681	4085.753	4086.551	87	0	260
2026.07.26	22:13:00	4086.425	4086.733	4085.826	4086.487	79	0	260
2026.07.26	22:14:00	4086.478	4087.413	4086.104	4087.266	109	0	260
2026.07.26	22:15:00	4087.321	4087.321	4084.234	4084.405	169	0	260
2026.07.26	22:16:00	4084.406	4085.130	4083.688	4084.701	117	0	260
2026.07.26	22:17:00	4084.653	4086.319	4084.567	4085.636	106	0	260
2026.07.26	22:18:00	4085.551	4087.126	4084.578	4087.126	120	0	260
2026.07.26	22:19:00	4087.065	4088.058	4086.718	4087.728	106	0	260
2026.07.26	22:20:00	4087.759	4088.062	4087.163	4087.795	63	0	260
2026.07.26	22:21:00	4088.068	4088.788	4087.129	4088.449	108	0	260
2026.07.26	22:22:00	4088.287	4090.202	4087.930	4089.700	101	0	260
2026.07.26	22:23:00	4089.609	4089.609	4087.442	4087.675	96	0	260
2026.07.26	22:24:00	4087.673	4088.391	4087.481	4087.603	59	0	260
2026.07.26	22:25:00	4087.515	4087.859	4086.227	4086.769	74	0	260
2026.07.26	22:26:00	4086.769	4087.620	4085.965	4086.297	105	0	260
2026.07.26	22:27:00	4085.977	4086.927	4085.977	4086.540	63	0	260
2026.07.26	22:28:00	4086.541	4086.541	4085.527	4086.056	50	0	260
2026.07.26	22:29:00	4085.952	4086.891	4085.467	4086.575	78	0	260
2026.07.26	22:30:00	4086.513	4087.192	4085.428	4087.155	115	0	260
2026.07.26	22:31:00	4087.318	4087.829	4086.114	4087.829	74	0	260
2026.07.26	22:32:00	4087.812	4091.361	4087.764	4091.235	84	0	260
2026.07.26	22:33:00	4091.316	4091.918	4090.872	4091.001	73	0	260
2026.07.26	22:34:00	4090.941	4091.583	4090.796	4091.583	62	0	260
2026.07.26	22:35:00	4091.554	4093.056	4091.505	4092.528	89	0	260
2026.07.26	22:36:00	4092.535	4092.707	4091.533	4092.137	55	0	260
2026.07.26	22:37:00	4092.181	4092.387	4091.422	4092.381	63	0	260
2026.07.26	22:38:00	4092.113	4092.623	4089.757	4090.342	78	0	260
2026.07.26	22:39:00	4090.070	4091.182	4089.857	4090.379	88	0	260
2026.07.26	22:40:00	4090.385	4092.372	4090.111	4091.573	109	0	260
2026.07.26	22:41:00	4091.508	4092.807	4091.411	4091.788	72	0	260
2026.07.26	22:42:00	4091.644	4092.011	4090.656	4090.656	64	0	260
2026.07.26	22:43:00	4090.888	4091.282	4090.270	4090.765	64	0	260
2026.07.26	22:44:00	4090.822	4091.589	4090.618	4091.152	77	0	260
2026.07.26	22:45:00	4091.116	4091.455	4090.511	4091.281	91	0	260
2026.07.26	22:46:00	4091.008	4092.420	4091.008	4092.116	68	0	260
2026.07.26	22:47:00	4092.052	4092.825	4091.341	4091.807	93	0	260
2026.07.26	22:48:00	4091.806	4093.750	4091.605	4092.390	123	0	260
2026.07.26	22:49:00	4092.443	4092.443	4090.071	4090.092	94	0	260
2026.07.26	22:50:00	4090.017	4091.469	4090.017	4091.436	61	0	260
2026.07.26	22:51:00	4091.436	4092.117	4091.400	4091.456	75	0	260
2026.07.26	22:52:00	4091.749	4091.948	4090.831	4091.272	61	0	260
2026.07.26	22:53:00	4091.272	4091.426	4090.645	4091.092	56	0	260
2026.07.26	22:54:00	4091.092	4091.784	4091.019	4091.545	51	0	260
2026.07.26	22:55:00	4091.814	4091.944	4089.140	4089.712	101	0	260
2026.07.26	22:56:00	4089.689	4090.431	4088.883	4090.312	86	0	260
2026.07.26	22:57:00	4090.330	4091.148	4090.330	4090.555	59	0	260
2026.07.26	22:58:00	4090.522	4091.443	4090.001	4091.128	68	0	260
2026.07.26	22:59:00	4091.063	4091.234	4089.778	4089.778	73	0	260
2026.07.26	23:00:00	4089.705	4091.305	4089.705	4090.386	105	0	260
2026.07.26	23:01:00	4090.322	4090.488	4088.685	4088.747	77	0	260
2026.07.26	23:02:00	4088.750	4089.083	4087.630	4088.063	77	0	260
2026.07.26	23:03:00	4087.907	4088.372	4087.128	4087.999	93	0	260
2026.07.26	23:04:00	4087.706	4087.956	4087.017	4087.366	73	0	260
2026.07.26	23:05:00	4087.423	4088.346	4087.391	4088.035	62	0	260
2026.07.26	23:06:00	4088.194	4088.523	4087.636	4087.636	72	0	240
2026.07.26	23:07:00	4087.939	4088.024	4086.829	4087.419	56	0	260
2026.07.26	23:08:00	4087.144	4087.950	4086.979	4087.673	64	0	240
2026.07.26	23:09:00	4087.609	4087.684	4086.908	4087.078	55	0	240
2026.07.26	23:10:00	4087.224	4087.564	4086.971	4087.240	66	0	260
2026.07.26	23:11:00	4087.406	4087.617	4085.193	4085.914	82	0	260
2026.07.26	23:12:00	4085.901	4086.129	4085.493	4085.977	35	0	260
2026.07.26	23:13:00	4085.979	4086.030	4085.530	4085.831	47	0	240
2026.07.26	23:14:00	4085.814	4086.566	4084.318	4084.926	78	0	240
2026.07.26	23:15:00	4084.719	4086.325	4084.719	4085.188	99	0	240
2026.07.26	23:16:00	4085.188	4085.377	4084.294	4084.869	63	0	240
2026.07.26	23:17:00	4084.624	4085.742	4084.520	4085.472	68	0	240
2026.07.26	23:18:00	4085.472	4085.796	4085.130	4085.382	62	0	240
2026.07.26	23:19:00	4085.377	4085.377	4084.653	4085.062	84	0	240
2026.07.26	23:20:00	4084.814	4085.801	4084.642	4085.075	72	0	240
2026.07.26	23:21:00	4085.046	4086.099	4084.699	4085.819	78	0	240
2026.07.26	23:22:00	4085.812	4086.198	4085.166	4085.166	78	0	240
2026.07.26	23:23:00	4085.366	4085.886	4083.583	4084.410	129	0	240
2026.07.26	23:24:00	4084.373	4085.345	4083.599	4084.091	99	0	240
2026.07.26	23:25:00	4084.139	4085.069	4084.139	4084.896	82	0	240
2026.07.26	23:26:00	4084.817	4084.979	4083.773	4084.257	74	0	240
2026.07.26	23:27:00	4084.505	4085.597	4084.266	4084.864	72	0	240
2026.07.26	23:28:00	4084.877	4085.235	4084.274	4084.488	60	0	240
2026.07.26	23:29:00	4084.518	4084.994	4084.300	4084.745	56	0	240
2026.07.26	23:30:00	4084.823	4085.728	4084.627	4085.455	76	0	240
2026.07.26	23:31:00	4085.461	4085.869	4085.068	4085.267	74	0	240
2026.07.26	23:32:00	4085.270	4085.628	4085.172	4085.564	56	0	240
2026.07.26	23:33:00	4085.514	4086.486	4085.194	4086.164	75	0	240
2026.07.26	23:34:00	4086.144	4086.674	4085.812	4086.205	79	0	240
2026.07.26	23:35:00	4086.205	4086.970	4086.154	4086.929	51	0	240
2026.07.26	23:36:00	4086.688	4087.745	4086.554	4087.252	75	0	240
2026.07.26	23:37:00	4087.198	4087.281	4086.682	4087.232	55	0	240
2026.07.26	23:38:00	4087.241	4087.520	4086.472	4086.922	57	0	240
2026.07.26	23:39:00	4086.828	4086.952	4085.964	4086.295	55	0	240
2026.07.26	23:40:00	4086.295	4087.150	4086.154	4086.903	51	0	240
2026.07.26	23:41:00	4087.162	4088.361	4086.603	4088.133	80	0	240
2026.07.26	23:42:00	4088.091	4088.983	4088.091	4088.551	68	0	240
2026.07.26	23:43:00	4088.552	4089.429	4088.279	4088.696	73	0	240
2026.07.26	23:44:00	4088.939	4089.155	4088.562	4088.848	88	0	240
2026.07.26	23:45:00	4088.849	4091.872	4088.076	4091.872	146	0	240
2026.07.26	23:46:00	4091.584	4092.306	4090.642	4092.036	160	0	240
2026.07.26	23:47:00	4092.086	4094.716	4091.582	4093.177	172	0	240
2026.07.26	23:48:00	4093.193	4094.055	4092.189	4093.026	192	0	240
2026.07.26	23:49:00	4093.007	4094.566	4092.956	4094.382	154	0	240
2026.07.26	23:50:00	4094.437	4095.354	4093.868	4094.845	125	0	240
2026.07.26	23:51:00	4094.798	4096.411	4093.833	4094.898	175	0	240
2026.07.26	23:52:00	4095.239	4096.033	4095.026	4095.128	174	0	240
2026.07.26	23:53:00	4095.074	4095.275	4093.065	4093.170	129	0	240
2026.07.26	23:54:00	4093.227	4093.853	4092.893	4093.160	112	0	240
2026.07.26	23:55:00	4093.385	4094.321	4093.013	4093.791	148	0	240
2026.07.26	23:56:00	4093.842	4094.011	4092.777	4092.888	126	0	240
2026.07.26	23:57:00	4092.910	4093.668	4092.570	4093.402	113	0	240
2026.07.26	23:58:00	4093.350	4095.958	4093.037	4094.850	160	0	240
2026.07.26	23:59:00	4094.792	4096.348	4093.411	4094.171	189	0	240
2026.07.27	00:00:00	4094.295	4102.032	4093.869	4101.247	641	0	240
2026.07.27	00:01:00	4101.189	4103.717	4099.917	4103.473	529	0	240
2026.07.27	00:02:00	4103.377	4104.052	4101.070	4102.756	451	0	240
2026.07.27	00:03:00	4102.872	4105.093	4101.542	4101.976	323	0	240
2026.07.27	00:04:00	4101.826	4102.195	4100.440	4101.834	276	0	240
2026.07.27	00:05:00	4101.779	4102.355	4101.055	4101.576	251	0	240
2026.07.27	00:06:00	4101.526	4101.995	4099.622	4100.412	325	0	240
2026.07.27	00:07:00	4100.608	4101.642	4099.381	4100.216	255	0	240
2026.07.27	00:08:00	4100.293	4102.280	4099.985	4100.679	310	0	240
2026.07.27	00:09:00	4100.630	4108.480	4100.228	4108.419	400	0	240
2026.07.27	00:10:00	4108.159	4110.193	4106.925	4109.460	363	0	240
2026.07.27	00:11:00	4109.630	4114.092	4109.097	4113.612	465	0	240
2026.07.27	00:12:00	4113.739	4115.823	4113.468	4115.348	409	0	240
2026.07.27	00:13:00	4115.406	4115.995	4114.086	4115.053	288	0	240
2026.07.27	00:14:00	4114.997	4116.193	4114.318	4115.378	315	0	240
2026.07.27	00:15:00	4115.610	4115.610	4112.625	4112.857	352	0	240
2026.07.27	00:16:00	4112.802	4113.737	4110.098	4110.098	291	0	240
2026.07.27	00:17:00	4110.399	4112.381	4110.148	4111.963	230	0	240
2026.07.27	00:18:00	4111.899	4112.179	4108.980	4109.647	319	0	240
2026.07.27	00:19:00	4109.546	4109.704	4106.629	4107.370	315	0	240
2026.07.27	00:20:00	4107.389	4107.524	4104.552	4104.552	383	0	240
2026.07.27	00:21:00	4104.676	4106.220	4104.345	4105.913	301	0	240
2026.07.27	00:22:00	4105.863	4106.303	4103.852	4104.098	310	0	240
2026.07.27	00:23:00	4104.118	4104.747	4102.114	4102.750	317	0	240
2026.07.27	00:24:00	4102.755	4103.583	4101.541	4102.860	214	0	240
2026.07.27	00:25:00	4102.877	4103.048	4097.014	4097.293	391	0	240
2026.07.27	00:26:00	4097.206	4098.331	4093.890	4097.151	439	0	240
2026.07.27	00:27:00	4097.079	4097.159	4090.581	4091.333	420	0	240
2026.07.27	00:28:00	4091.386	4093.452	4090.780	4091.752	267	0	240
2026.07.27	00:29:00	4091.803	4095.396	4091.803	4094.532	257	0	240
2026.07.27	00:30:00	4094.287	4097.543	4094.287	4094.898	292	0	240
2026.07.27	00:31:00	4094.901	4096.485	4093.483	4096.485	258	0	240
2026.07.27	00:32:00	4096.412	4097.225	4095.815	4096.143	229	0	240
2026.07.27	00:33:00	4096.451	4098.136	4094.891	4097.368	287	0	240
2026.07.27	00:34:00	4097.419	4099.671	4097.049	4099.548	180	0	240
2026.07.27	00:35:00	4099.591	4102.005	4099.591	4101.656	230	0	240
2026.07.27	00:36:00	4101.596	4101.715	4099.262	4099.640	217	0	240
2026.07.27	00:37:00	4099.606	4101.468	4099.515	4100.666	231	0	240
2026.07.27	00:38:00	4100.617	4102.485	4100.059	4102.110	175	0	240
2026.07.27	00:39:00	4102.187	4102.337	4099.250	4099.427	209	0	240
2026.07.27	00:40:00	4099.609	4099.700	4098.777	4099.005	140	0	240
2026.07.27	00:41:00	4099.116	4100.005	4098.354	4099.992	209	0	240
2026.07.27	00:42:00	4100.044	4102.099	4099.757	4101.189	236	0	240
2026.07.27	00:43:00	4101.339	4101.646	4099.819	4100.245	148	0	240
2026.07.27	00:44:00	4100.299	4100.590	4099.180	4099.937	200	0	240
2026.07.27	00:45:00	4099.636	4103.057	4099.550	4102.725	315	0	240
2026.07.27	00:46:00	4102.681	4103.164	4100.843	4101.916	185	0	240
2026.07.27	00:47:00	4101.725	4105.128	4101.644	4104.434	244	0	240
2026.07.27	00:48:00	4104.383	4106.145	4104.119	4105.507	268	0	240
2026.07.27	00:49:00	4105.525	4105.968	4103.803	4104.687	231	0	240
2026.07.27	00:50:00	4104.639	4109.074	4104.639	4109.074	265	0	240
2026.07.27	00:51:00	4109.129	4109.318	4106.546	4106.860	255	0	240
2026.07.27	00:52:00	4106.642	4107.490	4105.644	4105.644	192	0	240
2026.07.27	00:53:00	4105.693	4106.585	4105.404	4106.193	253	0	240
2026.07.27	00:54:00	4105.993	4106.632	4105.332	4106.116	208	0	240
2026.07.27	00:55:00	4105.812	4106.390	4104.427	4104.455	279	0	240
2026.07.27	00:56:00	4104.404	4105.321	4103.474	4104.360	204	0	240
2026.07.27	00:57:00	4104.416	4105.152	4103.965	4104.056	197	0	240
2026.07.27	00:58:00	4104.189	4104.877	4103.327	4103.743	238	0	240
2026.07.27	00:59:00	4103.428	4103.428	4099.157	4100.688	369	0	240
2026.07.27	01:00:00	4100.891	4107.702	4100.664	4106.539	1089	0	240
2026.07.27	01:01:00	4106.677	4108.983	4105.827	4108.416	751	0	240
2026.07.27	01:02:00	4108.531	4112.224	4107.512	4107.512	529	0	240
2026.07.27	01:03:00	4107.816	4108.483	4105.479	4106.614	680	0	240
2026.07.27	01:04:00	4106.362	4107.374	4104.398	4107.374	550	0	240
2026.07.27	01:05:00	4107.425	4111.166	4107.228	4110.149	593	0	240
2026.07.27	01:06:00	4110.089	4112.638	4109.446	4109.509	356	0	240
2026.07.27	01:07:00	4109.605	4110.543	4106.141	4106.141	377	0	240
2026.07.27	01:08:00	4106.222	4109.486	4106.216	4106.987	436	0	240
2026.07.27	01:09:00	4106.932	4107.262	4105.436	4106.357	414	0	240
2026.07.27	01:10:00	4106.458	4109.268	4106.237	4107.783	444	0	240
2026.07.27	01:11:00	4107.835	4109.996	4107.835	4109.798	321	0	240
2026.07.27	01:12:00	4109.863	4109.863	4106.544	4106.971	389	0	240
2026.07.27	01:13:00	4106.668	4109.127	4105.971	4108.725	319	0	240
2026.07.27	01:14:00	4108.671	4109.046	4106.962	4106.962	322	0	240
2026.07.27	01:15:00	4107.273	4109.138	4106.845	4107.326	403	0	240
2026.07.27	01:16:00	4107.558	4108.468	4105.669	4108.192	355	0	240
2026.07.27	01:17:00	4107.923	4108.605	4104.085	4105.669	412	0	240
2026.07.27	01:18:00	4105.610	4106.152	4102.829	4103.113	321	0	240
2026.07.27	01:19:00	4103.062	4105.076	4102.030	4102.391	427	0	240
2026.07.27	01:20:00	4102.137	4103.197	4101.345	4101.538	299	0	240
2026.07.27	01:21:00	4101.440	4102.129	4100.279	4101.607	306	0	240
2026.07.27	01:22:00	4101.642	4102.709	4099.900	4102.648	324	0	240
2026.07.27	01:23:00	4102.498	4103.226	4100.600	4100.739	309	0	240
2026.07.27	01:24:00	4100.623	4101.874	4100.276	4101.874	195	0	240
2026.07.27	01:25:00	4101.557	4101.557	4098.785	4099.043	294	0	240
2026.07.27	01:26:00	4098.992	4099.038	4096.910	4097.507	362	0	240
2026.07.27	01:27:00	4097.531	4099.963	4097.301	4099.462	203	0	240
2026.07.27	01:28:00	4099.724	4100.348	4099.029	4099.609	210	0	240
2026.07.27	01:29:00	4099.555	4100.381	4098.893	4100.052	214	0	240
2026.07.27	01:30:00	4099.926	4101.570	4099.533	4100.318	304	0	240
2026.07.27	01:31:00	4100.459	4103.421	4099.642	4102.900	292	0	240
2026.07.27	01:32:00	4102.846	4103.931	4101.807	4102.353	216	0	240
2026.07.27	01:33:00	4102.354	4102.608	4099.317	4100.047	244	0	240
2026.07.27	01:34:00	4100.099	4102.690	4099.776	4100.308	247	0	240
2026.07.27	01:35:00	4100.345	4101.104	4098.154	4098.521	255	0	240
2026.07.27	01:36:00	4098.383	4099.292	4097.856	4098.584	241	0	240
2026.07.27	01:37:00	4098.645	4100.212	4098.304	4100.076	241	0	240
2026.07.27	01:38:00	4099.980	4102.514	4099.719	4102.325	215	0	240
2026.07.27	01:39:00	4102.408	4104.175	4102.121	4103.599	288	0	240
2026.07.27	01:40:00	4103.615	4104.405	4102.624	4102.843	263	0	240
2026.07.27	01:41:00	4102.698	4103.765	4102.161	4103.150	278	0	240
2026.07.27	01:42:00	4103.087	4103.204	4102.400	4102.458	233	0	240
2026.07.27	01:43:00	4102.655	4103.385	4101.876	4102.458	273	0	240
2026.07.27	01:44:00	4102.369	4103.451	4101.983	4102.765	218	0	240
2026.07.27	01:45:00	4102.818	4103.614	4102.618	4103.614	267	0	240
2026.07.27	01:46:00	4103.565	4104.839	4103.447	4104.323	322	0	240
2026.07.27	01:47:00	4104.209	4107.144	4104.103	4105.435	290	0	240
2026.07.27	01:48:00	4105.633	4105.908	4104.723	4105.187	193	0	240
2026.07.27	01:49:00	4105.322	4106.297	4105.089	4105.534	180	0	240
2026.07.27	01:50:00	4105.583	4106.043	4103.256	4103.372	247	0	240
2026.07.27	01:51:00	4103.336	4106.108	4102.600	4106.108	255	0	240
2026.07.27	01:52:00	4105.905	4106.495	4104.686	4106.058	221	0	240
2026.07.27	01:53:00	4105.983	4106.850	4104.941	4106.480	193	0	240
2026.07.27	01:54:00	4106.481	4108.453	4106.127	4107.782	207	0	240
2026.07.27	01:55:00	4107.890	4108.340	4106.412	4106.725	205	0	240
2026.07.27	01:56:00	4106.601	4107.574	4105.911	4106.734	171	0	240
2026.07.27	01:57:00	4106.977	4107.691	4106.297	4106.959	200	0	240
2026.07.27	01:58:00	4107.068	4108.832	4106.909	4108.832	195	0	240
2026.07.27	01:59:00	4108.780	4110.255	4108.330	4109.933	203	0	240
2026.07.27	02:00:00	4109.988	4111.033	4108.449	4108.679	263	0	240
2026.07.27	02:01:00	4108.617	4109.218	4106.821	4107.343	269	0	240
2026.07.27	02:02:00	4107.204	4108.024	4106.032	4106.032	239	0	240
2026.07.27	02:03:00	4105.983	4106.856	4105.218	4106.464	235	0	240
2026.07.27	02:04:00	4106.530	4106.707	4105.160	4105.486	194	0	240
2026.07.27	02:05:00	4105.407	4107.558	4104.959	4106.948	256	0	240
2026.07.27	02:06:00	4106.885	4107.344	4104.236	4104.687	216	0	240
2026.07.27	02:07:00	4104.540	4105.736	4104.057	4105.432	152	0	240
2026.07.27	02:08:00	4105.354	4105.879	4103.804	4104.780	175	0	240
2026.07.27	02:09:00	4104.829	4105.286	4104.125	4104.318	230	0	240
2026.07.27	02:10:00	4104.377	4105.806	4103.162	4105.238	310	0	240
2026.07.27	02:11:00	4105.463	4106.107	4104.565	4105.294	264	0	240
2026.07.27	02:12:00	4105.343	4105.630	4103.984	4104.343	184	0	240
2026.07.27	02:13:00	4104.397	4105.310	4104.308	4104.607	188	0	240
2026.07.27	02:14:00	4104.657	4105.721	4104.261	4105.360	161	0	240
2026.07.27	02:15:00	4105.556	4105.927	4104.392	4104.550	179	0	240
2026.07.27	02:16:00	4104.600	4105.149	4103.929	4104.250	121	0	240
2026.07.27	02:17:00	4104.158	4104.422	4103.414	4103.414	94	0	240
2026.07.27	02:18:00	4103.642	4105.438	4103.352	4104.030	166	0	240
2026.07.27	02:19:00	4104.114	4104.757	4103.822	4104.244	143	0	240
2026.07.27	02:20:00	4104.041	4104.533	4103.201	4104.117	124	0	240
2026.07.27	02:21:00	4104.233	4104.456	4103.727	4103.927	106	0	240
2026.07.27	02:22:00	4103.977	4104.516	4103.148	4104.215	141	0	240
2026.07.27	02:23:00	4104.467	4104.796	4102.136	4102.292	153	0	240
2026.07.27	02:24:00	4102.237	4104.150	4101.883	4103.864	144	0	240
2026.07.27	02:25:00	4104.000	4105.776	4103.738	4104.903	134	0	240
2026.07.27	02:26:00	4105.208	4105.673	4104.398	4104.398	140	0	240
2026.07.27	02:27:00	4104.388	4104.805	4102.803	4103.119	115	0	240
2026.07.27	02:28:00	4103.125	4103.814	4102.833	4103.120	155	0	240
2026.07.27	02:29:00	4103.423	4103.781	4102.724	4103.060	128	0	240
2026.07.27	02:30:00	4103.116	4103.291	4099.371	4101.551	458	0	240
2026.07.27	02:31:00	4101.241	4102.451	4100.767	4102.185	260	0	240
2026.07.27	02:32:00	4102.257	4102.316	4100.514	4100.979	197	0	240
2026.07.27	02:33:00	4100.915	4101.121	4099.528	4100.282	182	0	240
2026.07.27	02:34:00	4100.339	4100.793	4099.171	4100.183	159	0	240
2026.07.27	02:35:00	4100.062	4100.672	4099.317	4099.843	183	0	240
2026.07.27	02:36:00	4099.898	4101.181	4099.898	4100.947	185	0	240
2026.07.27	02:37:00	4100.956	4100.956	4098.528	4099.168	161	0	240
2026.07.27	02:38:00	4099.226	4099.241	4097.839	4098.015	171	0	240
2026.07.27	02:39:00	4098.214	4098.757	4097.592	4097.796	151	0	240
2026.07.27	02:40:00	4097.602	4098.691	4097.177	4097.762	192	0	240
2026.07.27	02:41:00	4097.879	4098.251	4097.127	4097.456	132	0	240
2026.07.27	02:42:00	4097.471	4098.172	4095.865	4096.290	126	0	240
2026.07.27	02:43:00	4096.181	4096.730	4095.676	4096.502	170	0	240
2026.07.27	02:44:00	4096.472	4097.217	4096.183	4096.604	153	0	240
2026.07.27	02:45:00	4096.548	4097.765	4096.257	4096.575	166	0	240
2026.07.27	02:46:00	4096.564	4096.598	4095.421	4095.512	114	0	240
2026.07.27	02:47:00	4095.771	4096.248	4095.115	4095.741	136	0	240
2026.07.27	02:48:00	4095.682	4095.846	4095.126	4095.546	128	0	240
2026.07.27	02:49:00	4095.684	4095.815	4095.333	4095.350	113	0	240
2026.07.27	02:50:00	4095.291	4095.811	4094.143	4094.463	154	0	240
2026.07.27	02:51:00	4094.502	4095.948	4094.090	4095.840	163	0	240
2026.07.27	02:52:00	4095.893	4096.809	4095.508	4096.127	173	0	240
2026.07.27	02:53:00	4096.373	4096.791	4095.064	4096.535	154	0	240
2026.07.27	02:54:00	4096.789	4096.857	4096.173	4096.563	117	0	240
2026.07.27	02:55:00	4096.553	4096.554	4095.341	4096.029	165	0	240
2026.07.27	02:56:00	4096.019	4096.145	4095.131	4095.214	131	0	240
2026.07.27	02:57:00	4095.263	4095.999	4095.006	4095.533	106	0	240
2026.07.27	02:58:00	4095.481	4096.166	4095.299	4095.628	101	0	240
2026.07.27	02:59:00	4095.599	4095.828	4093.673	4093.754	142	0	240
2026.07.27	03:00:00	4093.453	4095.736	4093.193	4095.680	238	0	240
2026.07.27	03:01:00	4095.661	4095.845	4093.911	4094.425	188	0	240
2026.07.27	03:02:00	4094.411	4095.261	4093.874	4093.995	144	0	240
2026.07.27	03:03:00	4094.006	4094.415	4090.839	4090.839	230	0	240
2026.07.27	03:04:00	4091.157	4092.600	4091.098	4092.354	190	0	240
2026.07.27	03:05:00	4092.515	4092.808	4091.318	4091.367	171	0	240
2026.07.27	03:06:00	4091.318	4093.147	4091.023	4093.147	188	0	240
2026.07.27	03:07:00	4093.025	4093.373	4092.135	4092.414	151	0	240
2026.07.27	03:08:00	4092.356	4093.208	4091.935	4092.858	138	0	240
2026.07.27	03:09:00	4093.124	4093.415	4091.024	4091.518	190	0	240
2026.07.27	03:10:00	4091.568	4091.942	4088.910	4091.066	385	0	240
2026.07.27	03:11:00	4091.044	4091.676	4090.806	4091.440	104	0	240
2026.07.27	03:12:00	4091.637	4091.952	4090.756	4091.877	131	0	240
2026.07.27	03:13:00	4092.187	4092.299	4091.160	4091.416	133	0	240
2026.07.27	03:14:00	4091.385	4092.232	4090.640	4092.036	137	0	240
2026.07.27	03:15:00	4092.155	4092.402	4091.080	4091.744	151	0	240
2026.07.27	03:16:00	4091.802	4093.136	4091.532	4092.727	152	0	240
2026.07.27	03:17:00	4092.710	4093.404	4092.663	4093.153	143	0	240
2026.07.27	03:18:00	4093.099	4093.633	4092.053	4093.206	158	0	240
2026.07.27	03:19:00	4093.107	4093.451	4091.691	4092.230	140	0	240
2026.07.27	03:20:00	4092.181	4092.371	4090.875	4091.669	143	0	240
2026.07.27	03:21:00	4091.659	4091.886	4089.594	4089.926	123	0	240
2026.07.27	03:22:00	4089.874	4090.130	4089.258	4090.117	144	0	240
2026.07.27	03:23:00	4090.103	4090.311	4089.717	4090.166	93	0	240
2026.07.27	03:24:00	4090.250	4090.523	4089.641	4089.763	152	0	240
2026.07.27	03:25:00	4089.888	4090.169	4088.971	4089.091	133	0	240
2026.07.27	03:26:00	4089.229	4089.753	4086.001	4087.796	198	0	240
2026.07.27	03:27:00	4087.846	4088.154	4087.088	4088.147	142	0	240
2026.07.27	03:28:00	4088.159	4088.159	4086.357	4086.376	142	0	240
2026.07.27	03:29:00	4086.312	4086.312	4085.203	4085.680	160	0	240
2026.07.27	03:30:00	4085.609	4086.508	4085.224	4086.306	170	0	240
2026.07.27	03:31:00	4086.257	4087.835	4085.481	4087.671	218	0	240
2026.07.27	03:32:00	4087.730	4088.071	4086.491	4087.840	181	0	240
2026.07.27	03:33:00	4087.811	4089.782	4087.755	4089.646	173	0	240
2026.07.27	03:34:00	4089.593	4090.328	4089.244	4090.307	139	0	240
2026.07.27	03:35:00	4090.069	4090.677	4088.608	4088.827	142	0	240
2026.07.27	03:36:00	4088.829	4088.948	4088.023	4088.910	136	0	240
2026.07.27	03:37:00	4088.923	4089.452	4087.931	4088.074	123	0	240
2026.07.27	03:38:00	4088.323	4089.364	4087.826	4089.198	124	0	240
2026.07.27	03:39:00	4089.195	4089.655	4088.803	4089.129	130	0	240
2026.07.27	03:40:00	4089.178	4089.903	4088.773	4089.903	95	0	240
2026.07.27	03:41:00	4089.662	4090.623	4089.599	4089.973	114	0	240
2026.07.27	03:42:00	4090.006	4090.496	4089.704	4090.212	116	0	240
2026.07.27	03:43:00	4090.262	4090.875	4089.881	4090.099	129	0	240
2026.07.27	03:44:00	4090.163	4090.709	4089.611	4089.778	103	0	240
2026.07.27	03:45:00	4089.750	4089.934	4089.209	4089.462	84	0	240
2026.07.27	03:46:00	4089.372	4089.906	4089.343	4089.468	75	0	240
2026.07.27	03:47:00	4089.415	4089.856	4088.330	4088.720	106	0	240
2026.07.27	03:48:00	4088.887	4089.570	4088.457	4089.329	114	0	240
2026.07.27	03:49:00	4089.082	4089.711	4089.008	4089.355	80	0	240
2026.07.27	03:50:00	4089.424	4089.953	4088.990	4089.646	77	0	240
2026.07.27	03:51:00	4089.843	4090.114	4089.183	4089.555	95	0	240
2026.07.27	03:52:00	4089.557	4090.520	4089.503	4090.097	75	0	240
2026.07.27	03:53:00	4089.831	4090.699	4089.766	4090.633	69	0	240
2026.07.27	03:54:00	4090.388	4090.412	4089.078	4089.278	89	0	240
2026.07.27	03:55:00	4089.303	4090.320	4089.239	4090.062	93	0	240
2026.07.27	03:56:00	4090.285	4090.409	4089.568	4089.618	102	0	240
2026.07.27	03:57:00	4089.820	4090.724	4089.541	4090.531	83	0	240
2026.07.27	03:58:00	4090.532	4091.262	4090.282	4090.561	79	0	240
2026.07.27	03:59:00	4090.832	4091.050	4090.286	4090.842	65	0	240
2026.07.27	04:00:00	4090.894	4092.471	4090.674	4092.033	182	0	240
2026.07.27	04:01:00	4092.017	4092.768	4091.700	4092.507	101	0	240
2026.07.27	04:02:00	4092.535	4092.771	4091.276	4091.380	116	0	240
2026.07.27	04:03:00	4091.715	4091.912	4091.144	4091.551	88	0	240
2026.07.27	04:04:00	4091.554	4092.236	4090.616	4091.103	127	0	240
2026.07.27	04:05:00	4091.205	4091.914	4091.045	4091.129	92	0	240
2026.07.27	04:06:00	4091.230	4091.775	4090.270	4090.807	141	0	240
2026.07.27	04:07:00	4090.860	4091.259	4090.301	4090.533	112	0	240
2026.07.27	04:08:00	4090.587	4091.247	4090.354	4090.954	95	0	240
2026.07.27	04:09:00	4090.974	4091.144	4089.254	4089.657	128	0	240
2026.07.27	04:10:00	4089.904	4089.904	4088.875	4088.875	87	0	240
2026.07.27	04:11:00	4089.124	4089.528	4088.682	4088.833	105	0	240
2026.07.27	04:12:00	4088.883	4090.381	4088.482	4090.131	104	0	240
2026.07.27	04:13:00	4089.888	4090.509	4089.673	4090.177	106	0	240
2026.07.27	04:14:00	4090.433	4090.595	4089.577	4089.923	105	0	240
2026.07.27	04:15:00	4089.852	4090.462	4089.723	4089.928	98	0	240
2026.07.27	04:16:00	4089.923	4090.154	4088.408	4088.408	132	0	240
2026.07.27	04:17:00	4088.664	4088.664	4087.215	4087.487	115	0	240
2026.07.27	04:18:00	4087.243	4087.846	4086.946	4087.846	91	0	240
2026.07.27	04:19:00	4087.815	4088.436	4087.502	4088.119	98	0	240
2026.07.27	04:20:00	4088.128	4088.422	4087.368	4087.731	109	0	240
2026.07.27	04:21:00	4087.734	4088.948	4087.682	4088.948	99	0	240
2026.07.27	04:22:00	4088.927	4089.842	4088.506	4089.746	97	0	240
2026.07.27	04:23:00	4089.402	4089.783	4088.664	4088.883	76	0	240
2026.07.27	04:24:00	4088.812	4089.080	4087.982	4087.982	109	0	240
2026.07.27	04:25:00	4088.247	4088.683	4088.062	4088.619	94	0	240
2026.07.27	04:26:00	4088.698	4089.195	4088.442	4088.816	93	0	240
2026.07.27	04:27:00	4088.939	4089.051	4087.068	4088.035	153	0	240
2026.07.27	04:28:00	4087.812	4088.364	4087.466	4088.296	90	0	240
2026.07.27	04:29:00	4088.241	4089.233	4088.241	4089.040	90	0	240
2026.07.27	04:30:00	4088.934	4090.228	4088.934	4089.407	129	0	240
2026.07.27	04:31:00	4089.417	4090.610	4089.367	4090.437	122	0	240
2026.07.27	04:32:00	4090.273	4091.128	4089.960	4090.505	105	0	240
2026.07.27	04:33:00	4090.512	4090.608	4090.081	4090.463	81	0	240
2026.07.27	04:34:00	4090.323	4091.027	4090.046	4090.442	92	0	240
2026.07.27	04:35:00	4090.736	4091.684	4090.127	4091.545	127	0	240
2026.07.27	04:36:00	4091.502	4092.208	4091.287	4091.896	118	0	240
2026.07.27	04:37:00	4091.919	4092.192	4091.556	4091.869	89	0	240
2026.07.27	04:38:00	4091.879	4092.140	4091.367	4091.625	77	0	240
2026.07.27	04:39:00	4091.371	4091.436	4090.660	4091.064	78	0	240
2026.07.27	04:40:00	4091.053	4091.606	4090.950	4091.209	84	0	240
2026.07.27	04:41:00	4091.096	4092.045	4090.773	4091.695	99	0	240
2026.07.27	04:42:00	4091.336	4092.234	4091.336	4091.892	131	0	240
2026.07.27	04:43:00	4092.187	4092.187	4090.954	4090.970	72	0	240
2026.07.27	04:44:00	4090.921	4091.114	4090.094	4090.347	96	0	240
2026.07.27	04:45:00	4090.639	4090.873	4090.069	4090.309	73	0	240
2026.07.27	04:46:00	4090.042	4090.866	4089.861	4090.657	90	0	240
2026.07.27	04:47:00	4090.429	4090.820	4090.111	4090.820	80	0	240
2026.07.27	04:48:00	4090.509	4091.302	4090.234	4091.147	84	0	240
2026.07.27	04:49:00	4091.135	4091.135	4089.711	4089.996	94	0	240
2026.07.27	04:50:00	4090.243	4090.506	4089.644	4089.644	78	0	240
2026.07.27	04:51:00	4089.946	4090.060	4089.234	4089.371	95	0	240
2026.07.27	04:52:00	4089.590	4089.823	4089.277	4089.649	76	0	240
2026.07.27	04:53:00	4089.751	4089.899	4089.344	4089.736	68	0	240
2026.07.27	04:54:00	4089.814	4090.557	4089.291	4090.557	88	0	240
2026.07.27	04:55:00	4090.317	4090.741	4089.935	4090.507	107	0	240
2026.07.27	04:56:00	4090.455	4090.944	4090.160	4090.530	88	0	240
2026.07.27	04:57:00	4090.268	4090.662	4089.858	4090.527	73	0	240
2026.07.27	04:58:00	4090.302	4090.651	4089.966	4089.966	76	0	240
2026.07.27	04:59:00	4090.123	4090.476	4089.443	4090.473	82	0	240
2026.07.27	05:00:00	4090.462	4090.575	4088.470	4089.565	153	0	240
2026.07.27	05:01:00	4089.450	4091.082	4089.369	4090.355	127	0	240
2026.07.27	05:02:00	4090.356	4090.582	4089.742	4089.763	96	0	240
2026.07.27	05:03:00	4089.898	4091.068	4089.737	4090.922	81	0	240
2026.07.27	05:04:00	4090.919	4092.609	4090.185	4090.493	170	0	240
2026.07.27	05:05:00	4090.713	4090.752	4089.567	4089.935	104	0	240
2026.07.27	05:06:00	4089.980	4091.652	4089.659	4091.343	91	0	240
2026.07.27	05:07:00	4091.292	4092.422	4090.947	4092.322	130	0	240
2026.07.27	05:08:00	4092.161	4094.440	4092.019	4093.271	189	0	240
2026.07.27	05:09:00	4093.247	4093.735	4092.901	4093.207	80	0	240
2026.07.27	05:10:00	4093.176	4094.198	4093.026	4093.837	116	0	240
2026.07.27	05:11:00	4093.635	4093.947	4092.731	4092.971	131	0	240
2026.07.27	05:12:00	4092.655	4093.202	4092.410	4092.840	122	0	240
2026.07.27	05:13:00	4092.829	4094.917	4092.824	4094.306	119	0	240
2026.07.27	05:14:00	4094.361	4094.760	4094.030	4094.605	103	0	240
2026.07.27	05:15:00	4094.555	4094.555	4091.889	4092.101	172	0	240
2026.07.27	05:16:00	4092.126	4092.577	4091.682	4092.513	95	0	240
2026.07.27	05:17:00	4092.590	4092.993	4092.029	4092.604	103	0	240
2026.07.27	05:18:00	4092.876	4093.097	4092.364	4092.676	106	0	240
2026.07.27	05:19:00	4092.698	4092.949	4091.623	4091.892	92	0	240
2026.07.27	05:20:00	4091.945	4091.985	4090.680	4091.184	105	0	240
2026.07.27	05:21:00	4091.439	4091.439	4090.298	4090.928	100	0	240
2026.07.27	05:22:00	4090.920	4090.920	4089.193	4089.507	138	0	240
2026.07.27	05:23:00	4089.489	4089.489	4088.584	4088.999	100	0	240
2026.07.27	05:24:00	4088.997	4089.376	4088.148	4088.226	132	0	240
2026.07.27	05:25:00	4088.047	4088.409	4086.036	4086.866	197	0	240
2026.07.27	05:26:00	4086.915	4087.140	4086.248	4086.564	134	0	240
2026.07.27	05:27:00	4086.551	4087.968	4086.159	4087.865	120	0	240
2026.07.27	05:28:00	4088.068	4088.137	4087.150	4087.792	106	0	240
2026.07.27	05:29:00	4088.077	4088.077	4086.759	4087.051	87	0	240
2026.07.27	05:30:00	4087.045	4090.392	4086.543	4087.911	443	0	240
2026.07.27	05:31:00	4088.204	4089.140	4087.740	4088.672	204	0	240
2026.07.27	05:32:00	4088.647	4089.883	4088.288	4089.024	164	0	240
2026.07.27	05:33:00	4088.791	4088.846	4087.248	4087.248	188	0	240
2026.07.27	05:34:00	4087.196	4088.100	4086.084	4087.601	219	0	240
2026.07.27	05:35:00	4087.480	4088.001	4085.649	4086.633	183	0	240
2026.07.27	05:36:00	4086.602	4088.016	4086.602	4088.016	179	0	240
2026.07.27	05:37:00	4087.966	4088.660	4087.695	4088.223	184	0	240
2026.07.27	05:38:00	4088.282	4089.660	4088.282	4088.515	179	0	240
2026.07.27	05:39:00	4088.505	4090.106	4088.029	4088.597	237	0	240
2026.07.27	05:40:00	4088.488	4088.847	4087.851	4088.281	149	0	240
2026.07.27	05:41:00	4088.643	4089.592	4087.149	4087.828	235	0	240
2026.07.27	05:42:00	4087.571	4088.054	4086.664	4087.596	168	0	240
2026.07.27	05:43:00	4087.651	4088.891	4087.296	4087.604	172	0	240
2026.07.27	05:44:00	4087.807	4088.189	4086.904	4087.986	167	0	240
2026.07.27	05:45:00	4088.038	4088.148	4084.529	4084.723	273	0	240
2026.07.27	05:46:00	4084.420	4085.800	4084.304	4085.552	203	0	240
2026.07.27	05:47:00	4085.662	4086.080	4084.623	4085.691	189	0	240
2026.07.27	05:48:00	4085.620	4086.349	4085.198	4086.349	178	0	240
2026.07.27	05:49:00	4086.401	4087.665	4085.710	4086.089	192	0	240
2026.07.27	05:50:00	4086.266	4086.817	4085.636	4086.739	159	0	240
2026.07.27	05:51:00	4086.690	4086.690	4084.930	4086.249	201	0	240
2026.07.27	05:52:00	4086.197	4087.853	4086.033	4087.712	181	0	240
2026.07.27	05:53:00	4087.465	4087.992	4086.893	4087.241	145	0	240
2026.07.27	05:54:00	4087.118	4089.155	4087.008	4088.721	179	0	240
2026.07.27	05:55:00	4088.672	4088.952	4087.368	4087.573	182	0	240
2026.07.27	05:56:00	4087.826	4089.191	4087.719	4088.919	196	0	240
2026.07.27	05:57:00	4088.866	4091.449	4088.396	4090.971	148	0	240
2026.07.27	05:58:00	4090.994	4093.521	4090.925	4092.578	233	0	240
2026.07.27	05:59:00	4092.528	4092.933	4091.672	4092.933	154	0	240
2026.07.27	06:00:00	4092.992	4093.851	4092.052	4093.663	290	0	240
2026.07.27	06:01:00	4093.671	4094.490	4091.709	4092.601	260	0	240
2026.07.27	06:02:00	4092.650	4093.290	4092.119	4092.539	161	0	240
2026.07.27	06:03:00	4092.762	4093.773	4092.518	4093.422	223	0	240
2026.07.27	06:04:00	4093.061	4093.771	4092.021	4093.456	316	0	240
2026.07.27	06:05:00	4093.505	4093.744	4091.601	4093.161	286	0	240
2026.07.27	06:06:00	4093.226	4094.604	4093.226	4094.298	232	0	240
2026.07.27	06:07:00	4094.265	4094.549	4093.441	4093.856	136	0	240
2026.07.27	06:08:00	4093.840	4094.721	4092.938	4093.378	209	0	240
2026.07.27	06:09:00	4093.424	4093.886	4092.486	4093.671	214	0	240
2026.07.27	06:10:00	4093.730	4095.745	4093.730	4095.188	231	0	240
2026.07.27	06:11:00	4095.322	4095.792	4094.576	4095.572	200	0	240
2026.07.27	06:12:00	4095.454	4096.358	4095.021	4095.839	175	0	240
2026.07.27	06:13:00	4095.790	4095.866	4093.148	4093.198	201	0	240
2026.07.27	06:14:00	4093.237	4094.710	4093.059	4094.151	171	0	240
2026.07.27	06:15:00	4094.215	4094.526	4093.467	4093.624	130	0	240
2026.07.27	06:16:00	4093.635	4094.644	4093.400	4094.088	134	0	240
2026.07.27	06:17:00	4094.221	4095.257	4093.963	4094.478	208	0	240
2026.07.27	06:18:00	4094.536	4095.204	4093.932	4094.591	144	0	240
2026.07.27	06:19:00	4094.754	4095.035	4091.819	4092.859	210	0	240
2026.07.27	06:20:00	4092.862	4093.143	4091.523	4092.380	200	0	240
2026.07.27	06:21:00	4092.274	4092.645	4091.251	4091.822	162	0	240
2026.07.27	06:22:00	4091.507	4092.735	4091.395	4091.524	195	0	240
2026.07.27	06:23:00	4091.721	4093.904	4091.279	4093.778	194	0	240
2026.07.27	06:24:00	4093.547	4094.333	4093.216	4093.936	175	0	240
2026.07.27	06:25:00	4093.942	4095.380	4093.895	4094.854	164	0	240
2026.07.27	06:26:00	4095.116	4096.278	4094.759	4095.682	120	0	240
2026.07.27	06:27:00	4095.928	4096.428	4095.473	4095.648	136	0	240
2026.07.27	06:28:00	4095.708	4096.410	4094.230	4094.699	149	0	240
2026.07.27	06:29:00	4094.417	4096.262	4094.363	4095.959	114	0	240
2026.07.27	06:30:00	4095.843	4096.430	4095.104	4095.376	222	0	240
2026.07.27	06:31:00	4095.319	4096.335	4095.319	4095.943	146	0	240
2026.07.27	06:32:00	4096.067	4096.642	4094.397	4095.025	158	0	240
2026.07.27	06:33:00	4095.058	4095.508	4094.200	4095.208	152	0	240
2026.07.27	06:34:00	4095.156	4095.875	4094.489	4095.875	128	0	240
2026.07.27	06:35:00	4095.934	4097.714	4095.179	4097.273	188	0	240
2026.07.27	06:36:00	4097.358	4097.788	4096.836	4097.587	136	0	240
2026.07.27	06:37:00	4097.587	4098.150	4097.353	4097.736	95	0	240
2026.07.27	06:38:00	4097.716	4098.542	4097.162	4097.839	150	0	240
2026.07.27	06:39:00	4097.638	4098.230	4097.178	4098.050	173	0	240
2026.07.27	06:40:00	4098.055	4098.716	4097.313	4098.173	146	0	240
2026.07.27	06:41:00	4098.173	4099.435	4096.905	4096.905	181	0	240
2026.07.27	06:42:00	4096.589	4097.480	4096.352	4097.025	128	0	240
2026.07.27	06:43:00	4096.825	4097.374	4096.323	4097.130	165	0	240
2026.07.27	06:44:00	4097.193	4099.053	4097.027	4098.440	153	0	240
2026.07.27	06:45:00	4098.383	4099.086	4097.174	4097.622	167	0	240
2026.07.27	06:46:00	4097.758	4098.065	4097.159	4098.004	105	0	240
2026.07.27	06:47:00	4097.801	4098.922	4097.580	4098.202	139	0	240
2026.07.27	06:48:00	4098.564	4098.700	4097.427	4097.863	158	0	240
2026.07.27	06:49:00	4097.807	4098.623	4097.669	4097.905	121	0	240
2026.07.27	06:50:00	4097.826	4097.826	4095.380	4095.724	166	0	240
2026.07.27	06:51:00	4095.750	4096.013	4094.881	4095.850	140	0	240
2026.07.27	06:52:00	4095.993	4096.752	4095.916	4096.419	120	0	240
2026.07.27	06:53:00	4096.410	4097.687	4096.163	4097.158	123	0	240
2026.07.27	06:54:00	4097.271	4097.498	4096.434	4096.434	107	0	240
2026.07.27	06:55:00	4096.636	4096.636	4095.430	4096.013	155	0	240
2026.07.27	06:56:00	4095.999	4096.709	4095.922	4096.206	126	0	240
2026.07.27	06:57:00	4096.206	4097.503	4096.164	4096.778	164	0	240
2026.07.27	06:58:00	4096.985	4097.267	4096.347	4096.407	113	0	240
2026.07.27	06:59:00	4096.335	4096.784	4095.863	4095.920	142	0	240
2026.07.27	07:00:00	4095.865	4099.113	4095.680	4098.555	322	0	240
2026.07.27	07:01:00	4098.608	4100.601	4098.431	4100.269	288	0	240
2026.07.27	07:02:00	4100.208	4100.499	4099.326	4099.983	201	0	240
2026.07.27	07:03:00	4100.005	4100.953	4099.043	4099.213	197	0	240
2026.07.27	07:04:00	4098.907	4099.466	4097.744	4098.935	219	0	240
2026.07.27	07:05:00	4098.956	4100.165	4098.217	4099.906	214	0	240
2026.07.27	07:06:00	4099.833	4099.833	4098.277	4098.972	147	0	240
2026.07.27	07:07:00	4098.962	4098.985	4096.791	4097.227	145	0	240
2026.07.27	07:08:00	4097.286	4097.888	4096.183	4097.826	187	0	240
2026.07.27	07:09:00	4097.936	4099.022	4097.699	4098.118	158	0	240
2026.07.27	07:10:00	4098.001	4098.782	4096.874	4098.090	239	0	240
2026.07.27	07:11:00	4097.910	4098.965	4097.317	4098.326	236	0	240
2026.07.27	07:12:00	4098.494	4100.023	4098.168	4099.697	162	0	240
2026.07.27	07:13:00	4099.727	4101.870	4099.472	4100.976	200	0	240
2026.07.27	07:14:00	4100.962	4102.170	4100.334	4101.913	172	0	240
2026.07.27	07:15:00	4102.138	4102.138	4099.810	4100.482	221	0	240
2026.07.27	07:16:00	4100.430	4102.887	4100.156	4102.421	173	0	240
2026.07.27	07:17:00	4102.531	4102.971	4101.369	4101.744	170	0	240
2026.07.27	07:18:00	4101.800	4103.883	4101.596	4102.906	178	0	240
2026.07.27	07:19:00	4102.898	4103.958	4102.330	4103.759	133	0	240
2026.07.27	07:20:00	4103.817	4104.163	4102.792	4103.682	160	0	240
2026.07.27	07:21:00	4103.651	4105.381	4103.433	4105.001	182	0	240
2026.07.27	07:22:00	4104.646	4104.825	4103.882	4104.372	152	0	240
2026.07.27	07:23:00	4104.390	4105.640	4103.750	4103.826	153	0	240
2026.07.27	07:24:00	4103.918	4105.099	4103.809	4104.638	140	0	240
2026.07.27	07:25:00	4104.588	4106.041	4103.917	4104.198	213	0	240
2026.07.27	07:26:00	4104.166	4105.121	4103.794	4103.993	172	0	240
2026.07.27	07:27:00	4104.045	4104.513	4102.817	4103.534	225	0	240
2026.07.27	07:28:00	4103.421	4104.159	4102.842	4103.312	151	0	240
2026.07.27	07:29:00	4103.274	4103.998	4103.006	4103.213	103	0	240
2026.07.27	07:30:00	4103.205	4103.492	4101.344	4102.255	189	0	240
2026.07.27	07:31:00	4102.312	4103.088	4102.100	4102.883	165	0	240
2026.07.27	07:32:00	4102.832	4103.174	4101.496	4101.731	139	0	240
2026.07.27	07:33:00	4101.663	4102.589	4101.554	4101.824	138	0	240
2026.07.27	07:34:00	4101.873	4103.089	4101.509	4102.539	139	0	240
2026.07.27	07:35:00	4102.654	4103.759	4102.216	4102.544	167	0	240
2026.07.27	07:36:00	4102.519	4102.648	4101.144	4101.209	126	0	240
2026.07.27	07:37:00	4101.196	4101.706	4100.859	4101.026	111	0	240
2026.07.27	07:38:00	4100.939	4101.096	4098.853	4099.123	171	0	240
2026.07.27	07:39:00	4099.137	4100.017	4098.700	4099.261	162	0	240
2026.07.27	07:40:00	4099.296	4099.413	4098.572	4098.854	121	0	240
2026.07.27	07:41:00	4098.835	4099.067	4097.925	4098.444	117	0	240
2026.07.27	07:42:00	4098.403	4098.550	4095.793	4096.277	147	0	240
2026.07.27	07:43:00	4096.333	4097.082	4095.887	4096.782	152	0	240
2026.07.27	07:44:00	4096.651	4097.765	4096.543	4097.192	201	0	240
2026.07.27	07:45:00	4097.362	4099.087	4097.318	4097.991	148	0	240
2026.07.27	07:46:00	4098.048	4099.050	4096.611	4098.494	202	0	240
2026.07.27	07:47:00	4098.318	4098.739	4097.055	4097.481	172	0	240
2026.07.27	07:48:00	4097.487	4097.607	4096.818	4097.255	130	0	240
2026.07.27	07:49:00	4097.211	4098.028	4096.995	4097.610	134	0	240
2026.07.27	07:50:00	4097.663	4097.977	4095.268	4095.490	131	0	240
2026.07.27	07:51:00	4095.441	4096.263	4095.139	4095.274	145	0	240
2026.07.27	07:52:00	4095.326	4095.854	4094.806	4095.415	133	0	240
2026.07.27	07:53:00	4095.432	4096.446	4095.262	4095.658	155	0	240
2026.07.27	07:54:00	4095.714	4095.770	4093.149	4094.290	229	0	240
2026.07.27	07:55:00	4094.087	4094.939	4093.613	4093.621	212	0	240
2026.07.27	07:56:00	4093.603	4094.391	4093.211	4093.839	145	0	240
2026.07.27	07:57:00	4093.890	4094.392	4092.491	4093.131	145	0	240
2026.07.27	07:58:00	4093.067	4093.067	4090.273	4090.851	189	0	240
2026.07.27	07:59:00	4090.792	4091.411	4088.590	4088.908	173	0	240
2026.07.27	08:00:00	4088.963	4093.017	4088.690	4091.849	174	0	240
2026.07.27	08:01:00	4091.799	4092.364	4089.830	4089.847	127	0	240
2026.07.27	08:02:00	4089.899	4090.629	4089.042	4090.323	151	0	240
2026.07.27	08:03:00	4090.220	4090.241	4087.946	4088.825	288	0	240
2026.07.27	08:04:00	4088.882	4090.122	4088.395	4088.536	275	0	240
2026.07.27	08:05:00	4088.483	4090.034	4086.899	4089.180	294	0	240
2026.07.27	08:06:00	4089.112	4090.287	4088.310	4090.270	194	0	240
2026.07.27	08:07:00	4090.213	4091.697	4090.085	4091.697	262	0	240
2026.07.27	08:08:00	4091.634	4092.584	4090.884	4090.986	145	0	240
2026.07.27	08:09:00	4091.027	4091.168	4090.173	4090.173	142	0	240
2026.07.27	08:10:00	4090.550	4091.384	4089.877	4090.824	172	0	240
2026.07.27	08:11:00	4090.805	4091.234	4090.178	4090.947	190	0	240
2026.07.27	08:12:00	4091.001	4092.175	4090.580	4091.573	165	0	240
2026.07.27	08:13:00	4091.517	4091.979	4090.916	4091.754	213	0	240
2026.07.27	08:14:00	4091.702	4091.885	4090.897	4091.169	164	0	240
2026.07.27	08:15:00	4091.121	4091.394	4090.407	4090.684	128	0	240
2026.07.27	08:16:00	4090.723	4091.974	4090.285	4090.950	192	0	240
2026.07.27	08:17:00	4091.002	4091.465	4090.653	4090.936	148	0	240
2026.07.27	08:18:00	4090.986	4091.068	4089.434	4090.567	183	0	240
2026.07.27	08:19:00	4090.628	4091.714	4090.484	4091.502	139	0	240
2026.07.27	08:20:00	4091.133	4091.474	4089.501	4089.691	148	0	240
2026.07.27	08:21:00	4089.743	4090.859	4089.319	4090.703	196	0	240
2026.07.27	08:22:00	4090.641	4090.818	4088.792	4089.248	165	0	240
2026.07.27	08:23:00	4089.293	4091.317	4089.050	4091.251	164	0	240
2026.07.27	08:24:00	4091.449	4091.527	4090.534	4091.095	137	0	240
2026.07.27	08:25:00	4091.154	4092.626	4090.921	4091.868	110	0	240
2026.07.27	08:26:00	4092.169	4092.337	4091.139	4091.780	144	0	240
2026.07.27	08:27:00	4092.026	4092.399	4090.986	4091.463	146	0	240
2026.07.27	08:28:00	4091.375	4091.943	4091.141	4091.706	150	0	240
2026.07.27	08:29:00	4091.591	4092.373	4090.643	4090.708	220	0	240
2026.07.27	08:30:00	4090.876	4091.301	4089.824	4090.369	145	0	240
2026.07.27	08:31:00	4090.292	4090.970	4089.848	4090.062	201	0	240
2026.07.27	08:32:00	4090.061	4090.480	4089.216	4089.423	176	0	240
2026.07.27	08:33:00	4089.350	4090.145	4089.197	4089.903	135	0	240
2026.07.27	08:34:00	4089.691	4090.092	4087.390	4087.390	167	0	240
2026.07.27	08:35:00	4087.538	4088.702	4087.214	4088.215	184	0	240
2026.07.27	08:36:00	4088.266	4090.023	4088.001	4089.232	156	0	240
2026.07.27	08:37:00	4089.474	4090.025	4088.639	4089.952	149	0	240
2026.07.27	08:38:00	4089.981	4090.197	4089.524	4090.098	104	0	240
2026.07.27	08:39:00	4090.082	4090.861	4089.647	4090.205	116	0	240
2026.07.27	08:40:00	4090.147	4090.571	4089.561	4089.910	144	0	240
2026.07.27	08:41:00	4090.126	4091.994	4089.840	4091.994	161	0	240
2026.07.27	08:42:00	4091.941	4092.972	4091.280	4091.395	212	0	240
2026.07.27	08:43:00	4091.674	4091.674	4090.797	4091.368	173	0	240
2026.07.27	08:44:00	4091.317	4091.804	4090.918	4091.508	155	0	240
2026.07.27	08:45:00	4091.253	4091.795	4090.739	4091.795	137	0	240
2026.07.27	08:46:00	4091.555	4092.958	4091.406	4092.801	187	0	240
2026.07.27	08:47:00	4092.751	4093.293	4092.046	4092.828	133	0	240
2026.07.27	08:48:00	4092.846	4093.549	4092.581	4093.081	89	0	240
2026.07.27	08:49:00	4092.738	4093.277	4092.738	4092.937	79	0	240
2026.07.27	08:50:00	4093.045	4093.339	4092.487	4092.777	121	0	240
2026.07.27	08:51:00	4092.725	4092.931	4092.028	4092.358	118	0	240
2026.07.27	08:52:00	4092.361	4093.091	4091.268	4093.001	113	0	240
2026.07.27	08:53:00	4093.050	4093.959	4092.983	4093.511	92	0	240
2026.07.27	08:54:00	4093.422	4095.059	4093.303	4094.691	132	0	240
2026.07.27	08:55:00	4094.636	4095.498	4093.851	4095.139	115	0	240
2026.07.27	08:56:00	4095.136	4095.537	4094.646	4094.863	88	0	240
2026.07.27	08:57:00	4094.922	4096.812	4094.735	4096.513	130	0	240
2026.07.27	08:58:00	4096.713	4096.713	4095.820	4096.176	105	0	240
2026.07.27	08:59:00	4096.125	4096.280	4095.266	4095.308	98	0	240
2026.07.27	09:00:00	4095.294	4095.294	4094.084	4094.710	141	0	240
2026.07.27	09:01:00	4094.419	4095.463	4094.419	4094.479	110	0	240
2026.07.27	09:02:00	4094.529	4094.948	4094.161	4094.575	120	0	240
2026.07.27	09:03:00	4094.464	4095.305	4094.350	4094.549	113	0	240
2026.07.27	09:04:00	4094.552	4096.272	4094.384	4095.950	108	0	240
2026.07.27	09:05:00	4096.004	4096.587	4095.488	4096.346	108	0	240
2026.07.27	09:06:00	4096.004	4098.534	4095.449	4098.078	153	0	240
2026.07.27	09:07:00	4098.137	4098.252	4096.384	4096.448	168	0	240
2026.07.27	09:08:00	4096.693	4096.693	4095.127	4095.627	157	0	240
2026.07.27	09:09:00	4095.679	4096.510	4094.453	4094.453	119	0	240
2026.07.27	09:10:00	4094.502	4095.129	4093.747	4094.381	155	0	240
2026.07.27	09:11:00	4094.327	4095.460	4094.327	4094.952	113	0	240
2026.07.27	09:12:00	4095.164	4095.424	4094.837	4095.083	118	0	240
2026.07.27	09:13:00	4095.076	4095.505	4094.843	4094.894	88	0	240
2026.07.27	09:14:00	4094.904	4095.331	4092.871	4093.835	132	0	240
2026.07.27	09:15:00	4094.022	4094.358	4093.277	4094.190	124	0	240
2026.07.27	09:16:00	4094.470	4094.733	4093.509	4093.509	113	0	240
2026.07.27	09:17:00	4093.559	4094.433	4093.444	4094.064	107	0	240
2026.07.27	09:18:00	4093.811	4094.057	4092.959	4093.191	94	0	240
2026.07.27	09:19:00	4093.169	4093.606	4092.735	4092.962	104	0	240
2026.07.27	09:20:00	4092.915	4093.865	4092.672	4093.135	126	0	240
2026.07.27	09:21:00	4093.377	4094.887	4093.001	4094.480	109	0	240
2026.07.27	09:22:00	4094.530	4095.006	4093.834	4094.435	109	0	240
2026.07.27	09:23:00	4094.071	4094.209	4092.947	4093.269	126	0	240
2026.07.27	09:24:00	4093.436	4093.912	4092.170	4093.567	170	0	240
2026.07.27	09:25:00	4093.623	4094.416	4093.334	4094.121	159	0	240
2026.07.27	09:26:00	4094.070	4095.924	4093.961	4094.695	155	0	240
2026.07.27	09:27:00	4094.561	4094.858	4093.909	4094.150	103	0	240
2026.07.27	09:28:00	4094.165	4094.817	4092.949	4093.001	160	0	240
2026.07.27	09:29:00	4093.314	4093.489	4091.071	4091.663	178	0	240
2026.07.27	09:30:00	4091.549	4091.903	4090.612	4091.111	228	0	240
2026.07.27	09:31:00	4091.354	4093.669	4090.291	4092.372	249	0	240
2026.07.27	09:32:00	4092.668	4093.256	4091.204	4092.420	200	0	240
2026.07.27	09:33:00	4092.200	4093.069	4091.041	4091.363	165	0	240
2026.07.27	09:34:00	4091.034	4092.083	4090.836	4091.842	129	0	240
2026.07.27	09:35:00	4091.644	4093.606	4091.176	4093.325	169	0	240
2026.07.27	09:36:00	4093.273	4093.646	4092.988	4093.307	127	0	240
2026.07.27	09:37:00	4093.252	4093.634	4091.639	4092.168	189	0	240
2026.07.27	09:38:00	4092.217	4092.261	4091.389	4091.762	100	0	240
2026.07.27	09:39:00	4091.814	4092.478	4091.609	4092.077	106	0	240
2026.07.27	09:40:00	4092.028	4092.710	4091.847	4092.224	97	0	240
2026.07.27	09:41:00	4091.987	4092.173	4091.031	4092.093	133	0	240
2026.07.27	09:42:00	4092.308	4093.224	4092.137	4092.786	117	0	240
2026.07.27	09:43:00	4092.839	4094.491	4092.145	4094.491	142	0	240
2026.07.27	09:44:00	4094.119	4094.823	4093.814	4093.980	113	0	240
2026.07.27	09:45:00	4094.335	4094.462	4093.721	4094.295	88	0	240
2026.07.27	09:46:00	4094.138	4095.109	4093.689	4094.930	121	0	240
2026.07.27	09:47:00	4094.919	4095.891	4094.906	4095.695	157	0	240
2026.07.27	09:48:00	4095.699	4097.761	4095.436	4096.753	210	0	240
2026.07.27	09:49:00	4096.762	4097.656	4096.647	4097.142	138	0	240
2026.07.27	09:50:00	4097.198	4098.746	4096.889	4098.614	137	0	240
2026.07.27	09:51:00	4098.638	4099.374	4096.512	4096.943	154	0	240
2026.07.27	09:52:00	4096.921	4097.232	4096.084	4096.728	103	0	240
2026.07.27	09:53:00	4096.559	4097.422	4096.533	4097.026	121	0	240
2026.07.27	09:54:00	4097.024	4097.758	4096.911	4097.684	98	0	240
2026.07.27	09:55:00	4097.741	4099.665	4097.674	4099.456	143	0	240
2026.07.27	09:56:00	4099.577	4100.373	4098.652	4099.149	169	0	240
2026.07.27	09:57:00	4098.954	4099.488	4097.939	4098.228	109	0	240
2026.07.27	09:58:00	4098.284	4098.547	4097.468	4097.686	83	0	240
2026.07.27	09:59:00	4097.815	4097.815	4096.017	4096.017	153	0	240
2026.07.27	10:00:00	4096.219	4096.509	4094.459	4094.828	191	0	240
2026.07.27	10:01:00	4094.864	4095.846	4094.291	4094.843	157	0	240
2026.07.27	10:02:00	4094.863	4095.688	4094.696	4095.673	111	0	240
2026.07.27	10:03:00	4095.672	4095.948	4095.175	4095.566	107	0	240
2026.07.27	10:04:00	4095.700	4096.027	4094.662	4094.888	110	0	240
2026.07.27	10:05:00	4094.974	4095.372	4093.732	4094.390	124	0	240
2026.07.27	10:06:00	4094.441	4094.569	4093.222	4093.406	137	0	240
2026.07.27	10:07:00	4093.497	4094.332	4093.205	4094.160	117	0	240
2026.07.27	10:08:00	4094.159	4094.372	4093.259	4093.585	128	0	240
2026.07.27	10:09:00	4093.528	4094.371	4093.347	4093.814	128	0	240
2026.07.27	10:10:00	4093.932	4093.987	4090.814	4091.274	263	0	240
2026.07.27	10:11:00	4090.906	4090.969	4086.293	4086.324	361	0	240
2026.07.27	10:12:00	4086.633	4089.378	4086.576	4089.367	300	0	240
2026.07.27	10:13:00	4089.354	4090.982	4088.555	4090.709	193	0	240
2026.07.27	10:14:00	4090.705	4091.462	4090.024	4090.797	135	0	240
2026.07.27	10:15:00	4090.603	4091.152	4089.224	4089.310	130	0	240
2026.07.27	10:16:00	4089.556	4091.429	4089.089	4091.085	138	0	240
2026.07.27	10:17:00	4091.068	4092.111	4090.889	4091.019	155	0	240
2026.07.27	10:18:00	4090.714	4091.199	4089.933	4090.804	113	0	240
2026.07.27	10:19:00	4090.871	4091.192	4090.293	4091.192	144	0	240
2026.07.27	10:20:00	4090.923	4091.829	4090.899	4091.041	144	0	240
2026.07.27	10:21:00	4091.107	4093.275	4090.508	4092.877	166	0	240
2026.07.27	10:22:00	4092.876	4093.880	4092.804	4093.174	158	0	240
2026.07.27	10:23:00	4093.177	4093.391	4092.360	4092.698	92	0	240
2026.07.27	10:24:00	4092.698	4093.589	4092.196	4092.598	113	0	240
2026.07.27	10:25:00	4092.342	4093.613	4092.231	4093.051	118	0	240
2026.07.27	10:26:00	4092.999	4093.678	4092.573	4093.068	140	0	240
2026.07.27	10:27:00	4093.119	4093.982	4093.028	4093.319	114	0	240
2026.07.27	10:28:00	4092.970	4093.329	4092.596	4092.785	99	0	240
2026.07.27	10:29:00	4092.786	4093.425	4092.761	4092.967	74	0	240
2026.07.27	10:30:00	4092.970	4094.470	4092.970	4094.130	203	0	240
2026.07.27	10:31:00	4094.242	4095.315	4094.050	4094.882	141	0	240
2026.07.27	10:32:00	4094.891	4095.818	4094.291	4094.767	142	0	240
2026.07.27	10:33:00	4094.719	4094.968	4094.199	4094.963	109	0	240
2026.07.27	10:34:00	4095.280	4096.149	4094.820	4095.935	104	0	240
2026.07.27	10:35:00	4095.968	4096.074	4094.915	4095.821	121	0	240
2026.07.27	10:36:00	4095.826	4096.555	4095.664	4095.664	140	0	240
2026.07.27	10:37:00	4095.666	4096.672	4095.296	4095.797	117	0	240
2026.07.27	10:38:00	4095.799	4097.619	4095.737	4097.229	141	0	240
2026.07.27	10:39:00	4097.349	4099.267	4097.300	4098.155	177	0	240
2026.07.27	10:40:00	4097.908	4098.321	4097.373	4098.088	122	0	240
2026.07.27	10:41:00	4098.105	4099.197	4097.540	4098.846	135	0	240
2026.07.27	10:42:00	4098.875	4101.370	4098.750	4100.864	154	0	240
2026.07.27	10:43:00	4100.900	4102.002	4100.088	4100.274	189	0	240
2026.07.27	10:44:00	4100.358	4100.565	4099.972	4100.119	89	0	240
2026.07.27	10:45:00	4100.228	4101.121	4099.640	4100.478	131	0	240
2026.07.27	10:46:00	4100.421	4101.505	4100.258	4100.559	116	0	240
2026.07.27	10:47:00	4100.805	4101.448	4100.442	4101.177	80	0	240
2026.07.27	10:48:00	4101.226	4102.276	4100.886	4102.212	118	0	240
2026.07.27	10:49:00	4101.921	4102.285	4101.694	4101.949	84	0	240
2026.07.27	10:50:00	4101.830	4102.049	4101.334	4101.519	122	0	240
2026.07.27	10:51:00	4101.583	4101.823	4100.740	4101.262	103	0	240
2026.07.27	10:52:00	4101.209	4101.271	4100.078	4100.839	127	0	240
2026.07.27	10:53:00	4100.846	4101.546	4099.831	4100.041	111	0	240
2026.07.27	10:54:00	4100.083	4101.150	4099.334	4101.138	144	0	240
2026.07.27	10:55:00	4101.190	4102.257	4100.950	4101.070	122	0	240
2026.07.27	10:56:00	4101.188	4101.731	4099.969	4100.061	152	0	240
2026.07.27	10:57:00	4100.181	4100.705	4099.476	4100.284	108	0	240
2026.07.27	10:58:00	4100.347	4100.675	4099.381	4099.619	114	0	240
2026.07.27	10:59:00	4099.386	4099.902	4098.663	4099.564	147	0	240
2026.07.27	11:00:00	4099.616	4100.787	4098.924	4100.203	277	0	240
2026.07.27	11:01:00	4100.579	4101.063	4099.687	4099.813	216	0	240
2026.07.27	11:02:00	4099.778	4099.868	4097.550	4097.762	241	0	240
2026.07.27	11:03:00	4097.812	4098.456	4097.234	4098.031	192	0	240
2026.07.27	11:04:00	4098.304	4098.304	4097.085	4097.604	148	0	240
2026.07.27	11:05:00	4097.672	4098.559	4096.968	4098.559	165	0	240
2026.07.27	11:06:00	4098.313	4098.721	4097.482	4098.370	124	0	240
2026.07.27	11:07:00	4098.308	4098.611	4097.602	4098.423	92	0	240
2026.07.27	11:08:00	4098.246	4102.807	4098.074	4102.727	192	0	240
2026.07.27	11:09:00	4102.762	4103.312	4102.314	4102.554	119	0	240
2026.07.27	11:10:00	4102.863	4104.039	4102.440	4102.528	151	0	240
2026.07.27	11:11:00	4102.473	4103.963	4102.201	4103.269	157	0	240
2026.07.27	11:12:00	4103.522	4104.158	4102.157	4103.186	174	0	240
2026.07.27	11:13:00	4103.128	4103.460	4102.254	4102.565	105	0	240
2026.07.27	11:14:00	4102.615	4102.687	4101.648	4101.784	118	0	240
2026.07.27	11:15:00	4102.141	4102.736	4101.557	4102.107	143	0	240
2026.07.27	11:16:00	4102.014	4102.400	4101.237	4101.670	106	0	240
2026.07.27	11:17:00	4101.676	4103.374	4101.620	4103.175	114	0	240
2026.07.27	11:18:00	4103.124	4103.246	4101.027	4101.027	126	0	240
2026.07.27	11:19:00	4101.286	4101.855	4100.416	4100.563	127	0	240
2026.07.27	11:20:00	4100.335	4101.111	4099.852	4100.665	127	0	240
2026.07.27	11:21:00	4100.872	4101.587	4099.790	4100.111	133	0	240
2026.07.27	11:22:00	4100.061	4101.394	4099.813	4101.058	110	0	240
2026.07.27	11:23:00	4101.043	4101.279	4100.135	4100.449	94	0	240
2026.07.27	11:24:00	4100.517	4100.968	4099.577	4099.930	118	0	240
2026.07.27	11:25:00	4099.651	4100.780	4099.651	4100.451	103	0	240
2026.07.27	11:26:00	4100.468	4100.806	4099.608	4099.658	111	0	240
2026.07.27	11:27:00	4099.626	4100.587	4099.626	4100.103	113	0	240
2026.07.27	11:28:00	4100.156	4100.548	4099.578	4099.590	111	0	240
2026.07.27	11:29:00	4099.863	4101.411	4097.028	4097.090	245	0	240
2026.07.27	11:30:00	4097.040	4100.092	4096.500	4099.956	444	0	240
2026.07.27	11:31:00	4099.585	4099.786	4098.136	4099.196	195	0	240
2026.07.27	11:32:00	4099.251	4099.500	4096.780	4097.915	217	0	240
2026.07.27	11:33:00	4098.136	4098.136	4096.085	4096.991	184	0	240
2026.07.27	11:34:00	4096.753	4097.921	4096.753	4097.807	119	0	240
2026.07.27	11:35:00	4097.465	4098.840	4097.465	4098.104	153	0	240
2026.07.27	11:36:00	4098.071	4099.370	4098.071	4098.176	135	0	240
2026.07.27	11:37:00	4098.435	4099.176	4098.035	4098.799	108	0	240
2026.07.27	11:38:00	4098.664	4098.664	4097.470	4097.851	138	0	240
2026.07.27	11:39:00	4098.082	4098.134	4096.553	4096.905	158	0	240
2026.07.27	11:40:00	4096.900	4097.312	4096.322	4097.054	158	0	240
2026.07.27	11:41:00	4096.896	4098.039	4096.781	4097.911	150	0	240
2026.07.27	11:42:00	4097.963	4098.558	4097.246	4098.506	136	0	240
2026.07.27	11:43:00	4098.238	4098.611	4094.459	4096.064	412	0	240
2026.07.27	11:44:00	4096.154	4096.670	4095.691	4095.742	173	0	240
2026.07.27	11:45:00	4095.693	4097.405	4095.586	4095.944	184	0	240
2026.07.27	11:46:00	4095.890	4096.229	4093.856	4095.277	214	0	240
2026.07.27	11:47:00	4095.444	4096.293	4095.108	4095.754	135	0	240
2026.07.27	11:48:00	4095.809	4096.381	4094.785	4096.044	196	0	240
2026.07.27	11:49:00	4095.835	4096.179	4095.238	4095.482	156	0	240
2026.07.27	11:50:00	4095.594	4097.189	4095.216	4096.893	171	0	240
2026.07.27	11:51:00	4097.032	4097.032	4095.186	4095.335	137	0	240
2026.07.27	11:52:00	4095.388	4095.616	4094.635	4095.616	121	0	240
2026.07.27	11:53:00	4095.372	4095.623	4093.964	4094.409	135	0	240
2026.07.27	11:54:00	4094.300	4094.955	4094.036	4094.402	127	0	240
2026.07.27	11:55:00	4094.350	4094.693	4093.904	4094.294	127	0	240
2026.07.27	11:56:00	4094.276	4094.810	4094.018	4094.504	134	0	240
2026.07.27	11:57:00	4094.516	4094.722	4093.957	4094.543	124	0	240
2026.07.27	11:58:00	4094.600	4095.236	4094.084	4095.236	118	0	240
2026.07.27	11:59:00	4094.992	4095.123	4093.428	4093.860	158	0	240
2026.07.27	12:00:00	4094.040	4095.954	4093.929	4095.333	301	0	240
2026.07.27	12:01:00	4095.275	4097.206	4095.104	4096.351	199	0	240
2026.07.27	12:02:00	4096.301	4097.768	4096.276	4097.364	140	0	240
2026.07.27	12:03:00	4097.571	4097.571	4095.779	4096.761	171	0	240
2026.07.27	12:04:00	4096.809	4096.809	4096.029	4096.373	120	0	240
2026.07.27	12:05:00	4096.485	4096.587	4094.417	4094.882	175	0	240
2026.07.27	12:06:00	4094.831	4095.744	4094.565	4095.553	125	0	240
2026.07.27	12:07:00	4095.208	4095.577	4094.139	4094.425	136	0	240
2026.07.27	12:08:00	4094.365	4095.203	4093.697	4094.390	178	0	240
2026.07.27	12:09:00	4094.244	4094.978	4093.957	4094.273	161	0	240
2026.07.27	12:10:00	4094.153	4094.625	4090.948	4091.071	281	0	240
2026.07.27	12:11:00	4091.393	4092.058	4089.212	4091.643	439	0	240
2026.07.27	12:12:00	4091.705	4092.040	4088.684	4089.767	386	0	240
2026.07.27	12:13:00	4089.816	4090.487	4086.136	4087.370	415	0	240
2026.07.27	12:14:00	4087.428	4088.852	4086.818	4087.762	384	0	240
2026.07.27	12:15:00	4087.709	4089.139	4086.557	4087.183	249	0	240
2026.07.27	12:16:00	4087.133	4088.908	4086.180	4088.722	252	0	240
2026.07.27	12:17:00	4088.922	4088.951	4087.544	4088.038	213	0	240
2026.07.27	12:18:00	4088.160	4088.344	4085.535	4086.409	285	0	240
2026.07.27	12:19:00	4086.433	4086.739	4082.196	4084.561	388	0	240
2026.07.27	12:20:00	4084.492	4085.169	4081.765	4083.669	462	0	240
2026.07.27	12:21:00	4083.906	4084.613	4082.318	4083.771	260	0	240
2026.07.27	12:22:00	4083.552	4083.954	4081.787	4083.025	213	0	240
2026.07.27	12:23:00	4082.750	4085.247	4081.629	4084.674	293	0	240
2026.07.27	12:24:00	4084.740	4085.125	4082.246	4083.299	263	0	240
2026.07.27	12:25:00	4083.350	4085.978	4083.050	4085.787	262	0	240
2026.07.27	12:26:00	4085.731	4087.388	4085.487	4086.998	152	0	240
2026.07.27	12:27:00	4087.077	4088.653	4086.819	4088.503	137	0	240
2026.07.27	12:28:00	4088.449	4088.501	4087.678	4088.152	112	0	240
2026.07.27	12:29:00	4088.207	4088.591	4086.510	4086.600	136	0	240
2026.07.27	12:30:00	4086.798	4088.550	4086.753	4088.550	106	0	240
2026.07.27	12:31:00	4088.571	4088.661	4083.470	4084.330	127	0	240
2026.07.27	12:32:00	4084.361	4085.109	4083.528	4084.503	104	0	240
2026.07.27	12:33:00	4084.503	4084.580	4083.226	4084.580	180	0	240
2026.07.27	12:34:00	4084.488	4087.668	4084.044	4087.424	194	0	240
2026.07.27	12:35:00	4087.482	4087.527	4086.052	4086.306	196	0	240
2026.07.27	12:36:00	4086.364	4086.817	4085.028	4085.541	203	0	240
2026.07.27	12:37:00	4085.551	4086.419	4084.860	4085.377	170	0	240
2026.07.27	12:38:00	4085.466	4087.407	4085.205	4087.315	150	0	240
2026.07.27	12:39:00	4087.373	4087.834	4086.245	4087.069	168	0	240
2026.07.27	12:40:00	4086.957	4087.357	4085.068	4085.446	182	0	240
2026.07.27	12:41:00	4085.393	4086.230	4084.975	4085.474	202	0	240
2026.07.27	12:42:00	4085.362	4085.787	4084.194	4085.088	176	0	240
2026.07.27	12:43:00	4085.396	4087.301	4085.315	4086.937	224	0	240
2026.07.27	12:44:00	4086.971	4087.527	4086.093	4086.559	149	0	240
2026.07.27	12:45:00	4086.508	4089.069	4086.076	4088.131	219	0	240
2026.07.27	12:46:00	4088.212	4088.533	4084.964	4085.275	200	0	240
2026.07.27	12:47:00	4085.385	4086.076	4083.320	4085.499	252	0	240
2026.07.27	12:48:00	4085.447	4086.361	4084.975	4085.232	171	0	240
2026.07.27	12:49:00	4085.285	4085.285	4082.295	4082.753	214	0	240
2026.07.27	12:50:00	4082.667	4084.256	4081.856	4083.289	236	0	240
2026.07.27	12:51:00	4083.481	4084.927	4081.731	4084.834	424	0	240
2026.07.27	12:52:00	4084.781	4085.974	4084.491	4085.679	254	0	240
2026.07.27	12:53:00	4085.724	4085.761	4083.537	4084.211	225	0	240
2026.07.27	12:54:00	4084.155	4084.356	4082.798	4083.084	167	0	240
2026.07.27	12:55:00	4083.025	4083.611	4081.435	4082.586	231	0	240
2026.07.27	12:56:00	4082.407	4084.324	4082.318	4083.786	208	0	240
2026.07.27	12:57:00	4083.735	4084.650	4081.979	4084.371	202	0	240
2026.07.27	12:58:00	4084.381	4086.521	4083.681	4086.202	186	0	240
2026.07.27	12:59:00	4086.135	4086.135	4083.381	4083.769	349	0	240
2026.07.27	13:00:00	4083.803	4089.031	4083.803	4085.669	789	0	240
2026.07.27	13:01:00	4085.733	4086.226	4083.232	4084.371	462	0	240
2026.07.27	13:02:00	4084.267	4088.194	4084.267	4087.920	407	0	240
2026.07.27	13:03:00	4088.032	4088.441	4084.330	4084.427	335	0	240
2026.07.27	13:04:00	4084.481	4085.652	4083.389	4083.913	369	0	240
2026.07.27	13:05:00	4083.851	4085.327	4082.648	4085.031	448	0	240
2026.07.27	13:06:00	4085.083	4086.061	4081.998	4081.998	375	0	240
2026.07.27	13:07:00	4082.317	4084.034	4081.957	4084.034	372	0	240
2026.07.27	13:08:00	4084.084	4084.715	4082.780	4084.289	257	0	240
2026.07.27	13:09:00	4084.349	4084.677	4082.240	4083.270	387	0	240
2026.07.27	13:10:00	4083.320	4083.830	4080.832	4081.822	394	0	240
2026.07.27	13:11:00	4081.881	4084.011	4081.769	4083.756	224	0	240
2026.07.27	13:12:00	4083.821	4087.750	4083.821	4086.952	330	0	240
2026.07.27	13:13:00	4087.018	4087.687	4085.384	4085.568	256	0	240
2026.07.27	13:14:00	4085.517	4086.068	4084.397	4085.059	289	0	240
2026.07.27	13:15:00	4085.113	4087.221	4084.834	4085.889	315	0	240
2026.07.27	13:16:00	4085.939	4085.993	4082.866	4083.937	320	0	240
2026.07.27	13:17:00	4083.895	4083.895	4082.007	4082.383	341	0	240
2026.07.27	13:18:00	4082.306	4083.995	4081.582	4083.825	339	0	240
2026.07.27	13:19:00	4083.686	4084.061	4082.894	4083.508	227	0	240
2026.07.27	13:20:00	4083.558	4084.299	4082.185	4082.321	282	0	240
2026.07.27	13:21:00	4082.271	4084.030	4082.043	4083.028	293	0	240
2026.07.27	13:22:00	4083.087	4084.639	4081.419	4084.178	244	0	240
2026.07.27	13:23:00	4084.223	4085.325	4083.672	4084.724	215	0	240
2026.07.27	13:24:00	4084.676	4085.498	4083.646	4083.646	213	0	240
2026.07.27	13:25:00	4083.697	4084.531	4083.369	4083.873	332	0	240
2026.07.27	13:26:00	4083.789	4085.051	4083.328	4084.017	273	0	240
2026.07.27	13:27:00	4084.071	4084.841	4083.299	4083.299	234	0	240
2026.07.27	13:28:00	4083.353	4083.558	4075.899	4076.628	598	0	240
2026.07.27	13:29:00	4076.828	4078.406	4075.980	4076.215	497	0	240
2026.07.27	13:30:00	4076.161	4080.014	4076.053	4079.343	921	0	240
2026.07.27	13:31:00	4079.411	4082.086	4078.520	4079.133	669	0	240
2026.07.27	13:32:00	4079.194	4080.345	4075.381	4077.389	636	0	240
2026.07.27	13:33:00	4077.437	4079.406	4077.079	4078.384	524	0	240
2026.07.27	13:34:00	4078.718	4081.151	4078.662	4079.792	421	0	240
2026.07.27	13:35:00	4079.930	4082.230	4079.454	4081.043	596	0	240
2026.07.27	13:36:00	4081.153	4084.268	4080.144	4082.527	528	0	240
2026.07.27	13:37:00	4082.463	4083.356	4080.930	4081.602	496	0	240
2026.07.27	13:38:00	4081.405	4085.619	4081.143	4085.417	502	0	240
2026.07.27	13:39:00	4085.466	4087.594	4084.744	4085.220	477	0	240
2026.07.27	13:40:00	4085.017	4086.857	4083.706	4085.402	416	0	240
2026.07.27	13:41:00	4085.538	4088.284	4085.026	4087.987	356	0	240
2026.07.27	13:42:00	4087.932	4089.274	4086.383	4087.581	398	0	240
2026.07.27	13:43:00	4087.579	4088.619	4084.503	4085.378	428	0	240
2026.07.27	13:44:00	4085.319	4087.075	4085.078	4086.592	360	0	240
2026.07.27	13:45:00	4086.653	4088.430	4085.656	4086.316	522	0	240
2026.07.27	13:46:00	4086.417	4087.422	4084.796	4086.188	421	0	240
2026.07.27	13:47:00	4086.363	4088.810	4085.578	4087.648	411	0	240
2026.07.27	13:48:00	4087.435	4089.613	4087.202	4088.962	315	0	240
2026.07.27	13:49:00	4089.197	4089.197	4087.202	4087.346	298	0	240
2026.07.27	13:50:00	4087.448	4088.981	4086.726	4087.351	322	0	240
2026.07.27	13:51:00	4087.566	4088.707	4086.600	4088.289	305	0	240
2026.07.27	13:52:00	4088.397	4088.882	4085.654	4085.884	353	0	240
2026.07.27	13:53:00	4085.993	4086.729	4085.009	4086.226	258	0	240
2026.07.27	13:54:00	4086.274	4086.382	4083.941	4084.210	285	0	240
2026.07.27	13:55:00	4084.151	4084.151	4078.893	4079.980	446	0	240
2026.07.27	13:56:00	4080.030	4080.136	4073.479	4075.673	630	0	240
2026.07.27	13:57:00	4075.619	4077.170	4073.452	4074.576	548	0	240
2026.07.27	13:58:00	4074.523	4074.861	4070.410	4071.693	704	0	240
2026.07.27	13:59:00	4071.643	4074.607	4071.544	4074.017	432	0	240
2026.07.27	14:00:00	4074.386	4075.447	4071.101	4073.272	763	0	240
2026.07.27	14:01:00	4073.164	4077.518	4071.614	4077.450	554	0	240
2026.07.27	14:02:00	4077.392	4079.161	4075.731	4078.838	389	0	240
2026.07.27	14:03:00	4078.729	4078.872	4075.443	4075.614	476	0	240
2026.07.27	14:04:00	4075.675	4077.570	4074.269	4075.422	452	0	240
2026.07.27	14:05:00	4075.471	4076.583	4073.684	4075.459	454	0	240
2026.07.27	14:06:00	4075.409	4075.996	4073.249	4074.717	494	0	240
2026.07.27	14:07:00	4074.842	4076.703	4073.696	4074.986	540	0	240
2026.07.27	14:08:00	4074.870	4076.640	4074.462	4075.841	375	0	240
2026.07.27	14:09:00	4075.787	4078.029	4075.276	4077.123	320	0	240
2026.07.27	14:10:00	4077.051	4077.587	4073.595	4074.026	389	0	240
2026.07.27	14:11:00	4073.962	4075.631	4072.419	4074.692	480	0	240
2026.07.27	14:12:00	4074.845	4075.922	4073.427	4075.919	307	0	240
2026.07.27	14:13:00	4075.861	4076.542	4074.742	4075.547	358	0	240
2026.07.27	14:14:00	4075.598	4077.111	4073.968	4076.831	431	0	240
2026.07.27	14:15:00	4076.880	4078.503	4074.919	4075.731	362	0	240
2026.07.27	14:16:00	4075.743	4077.074	4075.226	4076.452	352	0	240
2026.07.27	14:17:00	4076.265	4078.047	4076.205	4077.903	303	0	240
2026.07.27	14:18:00	4077.864	4078.136	4075.602	4076.524	399	0	240
2026.07.27	14:19:00	4076.223	4078.647	4076.087	4076.087	314	0	240
2026.07.27	14:20:00	4076.251	4076.840	4073.079	4073.209	362	0	240
2026.07.27	14:21:00	4072.882	4075.527	4072.676	4075.230	383	0	240
2026.07.27	14:22:00	4075.281	4075.807	4073.353	4073.956	390	0	240
2026.07.27	14:23:00	4074.005	4075.737	4072.814	4073.135	321	0	240
2026.07.27	14:24:00	4073.063	4074.274	4072.292	4073.644	328	0	240
2026.07.27	14:25:00	4073.748	4074.144	4072.244	4073.549	387	0	240
2026.07.27	14:26:00	4073.697	4074.076	4071.330	4073.255	402	0	240
2026.07.27	14:27:00	4073.557	4073.762	4070.961	4071.014	287	0	240
2026.07.27	14:28:00	4070.746	4071.393	4067.013	4070.469	527	0	240
2026.07.27	14:29:00	4070.524	4070.869	4067.923	4068.304	420	0	240
2026.07.27	14:30:00	4068.255	4069.464	4066.495	4068.490	520	0	240
2026.07.27	14:31:00	4068.524	4069.623	4066.684	4068.532	551	0	240
2026.07.27	14:32:00	4068.642	4069.635	4067.915	4069.137	438	0	240
2026.07.27	14:33:00	4069.187	4069.899	4066.247	4066.739	564	0	240
2026.07.27	14:34:00	4066.627	4068.767	4066.379	4067.814	511	0	240
2026.07.27	14:35:00	4067.738	4069.792	4066.558	4069.727	426	0	240
2026.07.27	14:36:00	4069.792	4070.736	4067.148	4067.740	411	0	240
2026.07.27	14:37:00	4067.685	4068.261	4066.021	4068.124	407	0	240
2026.07.27	14:38:00	4068.191	4070.563	4067.057	4069.567	462	0	240
2026.07.27	14:39:00	4069.454	4070.260	4066.829	4068.236	406	0	240
2026.07.27	14:40:00	4068.187	4068.910	4066.710	4068.229	384	0	240
2026.07.27	14:41:00	4068.278	4068.936	4065.168	4066.794	388	0	240
2026.07.27	14:42:00	4066.746	4068.117	4066.079	4066.198	368	0	240
2026.07.27	14:43:00	4066.336	4068.985	4065.352	4068.415	382	0	240
2026.07.27	14:44:00	4068.465	4069.423	4067.810	4068.648	375	0	240
2026.07.27	14:45:00	4068.644	4071.101	4068.644	4069.507	355	0	240
2026.07.27	14:46:00	4069.459	4072.923	4069.450	4072.313	298	0	240
2026.07.27	14:47:00	4072.429	4073.035	4071.075	4072.007	293	0	240
2026.07.27	14:48:00	4071.756	4072.447	4071.411	4072.232	264	0	240
2026.07.27	14:49:00	4072.357	4073.149	4069.600	4071.331	309	0	240
2026.07.27	14:50:00	4071.220	4072.123	4070.133	4070.133	277	0	240
2026.07.27	14:51:00	4070.336	4073.057	4070.156	4072.247	270	0	240
2026.07.27	14:52:00	4072.287	4074.135	4071.248	4074.027	307	0	240
2026.07.27	14:53:00	4073.977	4074.289	4072.581	4073.049	286	0	240
2026.07.27	14:54:00	4072.741	4074.658	4072.640	4073.051	252	0	240
2026.07.27	14:55:00	4073.037	4073.271	4071.402	4072.745	322	0	240
2026.07.27	14:56:00	4072.733	4074.608	4072.611	4073.730	240	0	240
2026.07.27	14:57:00	4073.782	4074.518	4073.019	4073.398	243	0	240
2026.07.27	14:58:00	4073.690	4075.091	4073.356	4073.850	224	0	240
2026.07.27	14:59:00	4073.905	4077.392	4073.460	4075.990	257	0	240
2026.07.27	15:00:00	4076.040	4076.297	4073.341	4074.645	345	0	240
2026.07.27	15:01:00	4074.398	4074.601	4072.635	4073.072	257	0	240
2026.07.27	15:02:00	4073.027	4073.838	4072.139	4072.733	270	0	240
2026.07.27	15:03:00	4072.565	4073.726	4072.565	4072.916	285	0	240
2026.07.27	15:04:00	4072.863	4075.483	4072.658	4074.908	309	0	240
2026.07.27	15:05:00	4074.958	4075.078	4073.787	4074.295	297	0	240
2026.07.27	15:06:00	4074.433	4074.920	4073.346	4073.694	234	0	240
2026.07.27	15:07:00	4073.636	4074.622	4072.987	4074.177	231	0	240
2026.07.27	15:08:00	4074.124	4074.784	4073.476	4074.553	212	0	240
2026.07.27	15:09:00	4074.542	4075.103	4072.218	4072.612	217	0	240
2026.07.27	15:10:00	4072.487	4073.341	4072.218	4072.524	232	0	240
2026.07.27	15:11:00	4072.464	4074.373	4072.455	4073.295	267	0	240
2026.07.27	15:12:00	4073.143	4073.863	4071.832	4073.034	228	0	240
2026.07.27	15:13:00	4072.950	4074.907	4072.891	4074.397	257	0	240
2026.07.27	15:14:00	4074.365	4076.537	4074.365	4075.864	212	0	240
2026.07.27	15:15:00	4076.042	4076.995	4075.576	4076.569	267	0	240
2026.07.27	15:16:00	4076.742	4078.934	4076.322	4077.771	240	0	240
2026.07.27	15:17:00	4077.832	4077.930	4076.612	4077.420	221	0	240
2026.07.27	15:18:00	4077.058	4077.672	4075.378	4077.520	251	0	240
2026.07.27	15:19:00	4077.390	4078.078	4077.089	4077.878	275	0	240
2026.07.27	15:20:00	4077.828	4078.177	4076.646	4077.877	275	0	240
2026.07.27	15:21:00	4077.926	4079.307	4077.352	4077.411	282	0	240
2026.07.27	15:22:00	4077.574	4078.852	4077.022	4078.039	219	0	240
2026.07.27	15:23:00	4077.667	4078.029	4075.466	4075.894	260	0	240
2026.07.27	15:24:00	4075.872	4076.125	4074.870	4075.437	253	0	240
2026.07.27	15:25:00	4075.380	4075.726	4074.473	4075.073	311	0	240
2026.07.27	15:26:00	4074.963	4076.120	4074.598	4075.744	226	0	240
2026.07.27	15:27:00	4075.793	4076.213	4075.024	4075.289	245	0	240
2026.07.27	15:28:00	4075.434	4076.200	4075.284	4075.784	188	0	240
2026.07.27	15:29:00	4075.732	4077.042	4075.385	4076.469	209	0	240
2026.07.27	15:30:00	4076.621	4076.777	4074.949	4075.509	278	0	240
2026.07.27	15:31:00	4075.574	4077.888	4075.260	4076.792	244	0	240
2026.07.27	15:32:00	4077.094	4077.140	4073.418	4073.525	317	0	240
2026.07.27	15:33:00	4073.786	4074.218	4072.742	4073.700	252	0	240
2026.07.27	15:34:00	4073.396	4074.228	4072.902	4073.080	209	0	240
2026.07.27	15:35:00	4073.128	4074.294	4072.941	4073.607	270	0	240
2026.07.27	15:36:00	4073.550	4074.802	4073.050	4073.194	229	0	240
2026.07.27	15:37:00	4073.140	4073.880	4072.816	4073.125	209	0	240
2026.07.27	15:38:00	4073.060	4074.197	4072.485	4073.753	181	0	240
2026.07.27	15:39:00	4073.825	4075.057	4073.355	4073.959	233	0	240
2026.07.27	15:40:00	4073.894	4074.572	4073.257	4073.717	213	0	240
2026.07.27	15:41:00	4073.782	4075.800	4073.678	4075.382	209	0	240
2026.07.27	15:42:00	4075.445	4076.265	4074.667	4074.800	217	0	240
2026.07.27	15:43:00	4074.484	4075.579	4074.336	4074.882	194	0	240
2026.07.27	15:44:00	4074.825	4076.760	4074.371	4076.024	212	0	240
2026.07.27	15:45:00	4076.093	4076.609	4075.231	4075.357	219	0	240
2026.07.27	15:46:00	4075.308	4076.897	4075.105	4076.193	202	0	240
2026.07.27	15:47:00	4076.266	4076.836	4074.439	4075.557	215	0	240
2026.07.27	15:48:00	4075.323	4076.437	4075.114	4075.957	208	0	240
2026.07.27	15:49:00	4075.908	4076.285	4075.163	4076.220	203	0	240
2026.07.27	15:50:00	4076.012	4077.823	4075.747	4077.613	206	0	240
2026.07.27	15:51:00	4077.482	4078.041	4077.004	4077.317	179	0	240
2026.07.27	15:52:00	4077.345	4078.370	4077.057	4077.943	200	0	240
2026.07.27	15:53:00	4078.002	4079.248	4077.600	4079.119	166	0	240
2026.07.27	15:54:00	4079.115	4079.977	4077.601	4077.769	214	0	240
2026.07.27	15:55:00	4077.715	4079.019	4077.350	4078.634	191	0	240
2026.07.27	15:56:00	4078.625	4078.997	4077.988	4078.575	187	0	240
2026.07.27	15:57:00	4078.511	4079.465	4078.006	4078.611	190	0	240
2026.07.27	15:58:00	4078.562	4079.100	4078.312	4078.751	147	0	240
2026.07.27	15:59:00	4078.742	4078.951	4078.157	4078.608	144	0	240
2026.07.27	16:00:00	4078.513	4079.424	4077.725	4078.257	279	0	240
2026.07.27	16:01:00	4078.193	4079.001	4077.706	4078.363	275	0	240
2026.07.27	16:02:00	4078.562	4078.934	4078.066	4078.465	256	0	240
2026.07.27	16:03:00	4078.252	4079.165	4078.072	4078.304	237	0	240
2026.07.27	16:04:00	4078.354	4079.796	4078.354	4079.185	189	0	240
2026.07.27	16:05:00	4079.440	4079.964	4078.138	4078.493	175	0	240
2026.07.27	16:06:00	4078.442	4079.585	4078.119	4079.556	139	0	240
2026.07.27	16:07:00	4079.519	4082.832	4079.338	4082.145	221	0	240
2026.07.27	16:08:00	4082.096	4083.971	4081.478	4083.438	205	0	240
2026.07.27	16:09:00	4083.356	4084.888	4083.088	4084.406	192	0	240
2026.07.27	16:10:00	4084.283	4084.415	4083.017	4083.135	189	0	240
2026.07.27	16:11:00	4083.238	4083.453	4082.267	4082.460	154	0	240
2026.07.27	16:12:00	4082.411	4083.364	4082.206	4082.800	156	0	240
2026.07.27	16:13:00	4082.909	4083.030	4080.999	4081.414	148	0	240
2026.07.27	16:14:00	4081.349	4081.681	4080.588	4081.274	146	0	240
2026.07.27	16:15:00	4081.536	4081.886	4080.544	4081.468	163	0	240
2026.07.27	16:16:00	4081.732	4081.746	4079.916	4080.326	206	0	240
2026.07.27	16:17:00	4080.216	4080.980	4079.876	4080.355	176	0	240
2026.07.27	16:18:00	4080.299	4080.673	4079.740	4080.368	172	0	240
2026.07.27	16:19:00	4080.660	4080.803	4079.820	4080.643	152	0	240
2026.07.27	16:20:00	4080.760	4082.970	4080.303	4082.117	238	0	240
2026.07.27	16:21:00	4082.167	4082.620	4081.396	4081.701	182	0	240
2026.07.27	16:22:00	4081.754	4082.613	4081.403	4082.330	153	0	240
2026.07.27	16:23:00	4082.564	4082.709	4080.810	4081.829	157	0	240
2026.07.27	16:24:00	4081.881	4081.943	4080.988	4081.010	165	0	240
2026.07.27	16:25:00	4081.040	4088.704	4080.643	4088.539	1139	0	240
2026.07.27	16:26:00	4088.235	4088.937	4084.070	4084.878	583	0	240
2026.07.27	16:27:00	4084.829	4086.621	4084.473	4086.341	363	0	240
2026.07.27	16:28:00	4086.245	4087.808	4084.895	4085.416	329	0	240
2026.07.27	16:29:00	4085.364	4085.840	4083.386	4084.900	225	0	240
2026.07.27	16:30:00	4085.007	4090.084	4084.918	4089.016	340	0	240
2026.07.27	16:31:00	4089.066	4093.247	4089.066	4092.026	373	0	240
2026.07.27	16:32:00	4091.973	4092.180	4090.011	4090.373	301	0	240
2026.07.27	16:33:00	4090.321	4090.625	4088.870	4090.371	254	0	240
2026.07.27	16:34:00	4090.356	4092.018	4089.918	4091.520	239	0	240
2026.07.27	16:35:00	4091.434	4092.172	4090.301	4091.167	266	0	240
2026.07.27	16:36:00	4091.216	4092.817	4090.890	4092.242	221	0	240
2026.07.27	16:37:00	4092.224	4093.918	4092.012	4092.612	206	0	240
2026.07.27	16:38:00	4092.558	4093.264	4092.098	4092.572	215	0	240
2026.07.27	16:39:00	4092.377	4092.446	4089.923	4090.501	186	0	240
2026.07.27	16:40:00	4090.702	4090.894	4089.765	4090.314	136	0	240
2026.07.27	16:41:00	4090.514	4090.514	4088.926	4089.226	168	0	240
2026.07.27	16:42:00	4089.194	4089.479	4088.597	4089.038	125	0	240
2026.07.27	16:43:00	4089.044	4089.117	4087.881	4088.411	170	0	240
2026.07.27	16:44:00	4088.030	4088.651	4087.263	4088.408	175	0	240
2026.07.27	16:45:00	4088.460	4088.666	4087.141	4087.259	161	0	240
2026.07.27	16:46:00	4087.253	4087.588	4086.182	4087.059	176	0	240
2026.07.27	16:47:00	4087.019	4087.231	4085.444	4085.528	160	0	240
2026.07.27	16:48:00	4085.581	4086.215	4084.718	4085.342	169	0	240
2026.07.27	16:49:00	4085.290	4085.290	4083.965	4083.965	137	0	240
2026.07.27	16:50:00	4084.002	4084.332	4082.328	4082.588	201	0	240
2026.07.27	16:51:00	4082.600	4083.684	4082.278	4083.553	159	0	240
2026.07.27	16:52:00	4083.545	4083.720	4081.079	4082.175	194	0	240
2026.07.27	16:53:00	4082.062	4082.431	4081.440	4081.727	147	0	240
2026.07.27	16:54:00	4081.672	4082.367	4080.801	4082.026	131	0	240
2026.07.27	16:55:00	4082.059	4082.059	4080.785	4081.237	169	0	240
2026.07.27	16:56:00	4081.119	4082.176	4080.837	4081.867	152	0	240
2026.07.27	16:57:00	4081.922	4082.386	4081.475	4081.709	138	0	240
2026.07.27	16:58:00	4081.767	4082.513	4081.767	4082.000	110	0	240
2026.07.27	16:59:00	4082.013	4082.563	4081.274	4082.254	126	0	240
2026.07.27	17:00:00	4082.457	4082.457	4079.820	4080.960	183	0	240
2026.07.27	17:01:00	4080.884	4080.980	4079.662	4080.079	149	0	240
2026.07.27	17:02:00	4080.075	4080.075	4076.896	4077.630	264	0	240
2026.07.27	17:03:00	4077.579	4077.629	4075.600	4075.762	224	0	240
2026.07.27	17:04:00	4075.698	4076.823	4075.049	4076.347	256	0	240
2026.07.27	17:05:00	4076.373	4077.189	4075.818	4075.818	249	0	240
2026.07.27	17:06:00	4075.761	4076.123	4073.672	4073.761	307	0	240
2026.07.27	17:07:00	4073.709	4075.611	4073.348	4075.321	212	0	240
2026.07.27	17:08:00	4075.028	4075.863	4074.304	4074.641	180	0	240
2026.07.27	17:09:00	4074.681	4075.528	4074.681	4075.130	135	0	240
2026.07.27	17:10:00	4075.066	4076.039	4074.498	4075.333	188	0	240
2026.07.27	17:11:00	4075.280	4075.572	4070.623	4071.307	295	0	240
2026.07.27	17:12:00	4071.233	4072.616	4070.620	4071.858	262	0	240
2026.07.27	17:13:00	4071.803	4073.630	4071.480	4073.523	220	0	240
2026.07.27	17:14:00	4073.537	4075.013	4072.803	4073.374	230	0	240
2026.07.27	17:15:00	4073.554	4074.857	4072.229	4074.857	244	0	240
2026.07.27	17:16:00	4074.823	4075.249	4073.183	4074.322	185	0	240
2026.07.27	17:17:00	4074.628	4075.552	4073.806	4074.000	189	0	240
2026.07.27	17:18:00	4074.203	4074.584	4072.909	4074.187	254	0	240
2026.07.27	17:19:00	4074.382	4074.494	4073.524	4074.173	113	0	240
2026.07.27	17:20:00	4074.103	4076.158	4073.931	4075.668	196	0	240
2026.07.27	17:21:00	4075.554	4076.141	4075.231	4075.231	142	0	240
2026.07.27	17:22:00	4075.182	4075.806	4074.293	4075.172	194	0	240
2026.07.27	17:23:00	4075.154	4075.611	4073.996	4074.183	152	0	240
2026.07.27	17:24:00	4074.234	4074.408	4073.196	4073.563	188	0	240
2026.07.27	17:25:00	4073.928	4074.392	4073.214	4074.037	154	0	240
2026.07.27	17:26:00	4074.088	4075.219	4073.826	4074.612	154	0	240
2026.07.27	17:27:00	4074.719	4075.577	4074.373	4075.194	161	0	240
2026.07.27	17:28:00	4075.244	4075.294	4074.141	4075.277	118	0	240
2026.07.27	17:29:00	4075.228	4076.779	4074.460	4074.783	314	0	240
2026.07.27	17:30:00	4074.734	4075.553	4074.555	4075.134	133	0	240
2026.07.27	17:31:00	4075.021	4075.536	4073.777	4074.651	148	0	240
2026.07.27	17:32:00	4074.641	4075.732	4074.641	4075.552	141	0	240
2026.07.27	17:33:00	4075.484	4076.020	4074.662	4075.028	121	0	240
2026.07.27	17:34:00	4075.081	4075.261	4073.380	4073.906	152	0	240
2026.07.27	17:35:00	4073.922	4073.950	4072.090	4073.176	187	0	240
2026.07.27	17:36:00	4073.232	4074.762	4073.197	4074.102	159	0	240
2026.07.27	17:37:00	4074.312	4074.707	4073.423	4073.572	153	0	240
2026.07.27	17:38:00	4073.537	4074.555	4073.368	4074.056	148	0	240
2026.07.27	17:39:00	4074.042	4074.098	4072.905	4073.017	156	0	240
2026.07.27	17:40:00	4072.966	4073.566	4072.647	4073.172	146	0	240
2026.07.27	17:41:00	4073.129	4074.696	4072.908	4074.616	149	0	240
2026.07.27	17:42:00	4074.604	4074.960	4074.076	4074.202	123	0	240
2026.07.27	17:43:00	4074.277	4074.359	4073.432	4073.991	136	0	240
2026.07.27	17:44:00	4074.041	4074.550	4073.668	4074.371	100	0	240
2026.07.27	17:45:00	4074.361	4074.421	4073.392	4073.726	101	0	240
2026.07.27	17:46:00	4073.722	4075.455	4073.640	4074.666	135	0	240
2026.07.27	17:47:00	4074.718	4074.825	4074.102	4074.276	124	0	240
2026.07.27	17:48:00	4074.321	4075.143	4074.162	4074.619	101	0	240
2026.07.27	17:49:00	4074.613	4075.275	4074.379	4074.774	119	0	240
2026.07.27	17:50:00	4074.822	4076.036	4074.697	4075.466	129	0	240
2026.07.27	17:51:00	4075.460	4076.298	4074.907	4076.070	135	0	240
2026.07.27	17:52:00	4076.092	4076.649	4075.852	4076.548	102	0	240
2026.07.27	17:53:00	4076.542	4077.285	4075.053	4075.236	141	0	240
2026.07.27	17:54:00	4075.278	4076.129	4075.133	4076.129	106	0	240
2026.07.27	17:55:00	4075.928	4076.283	4075.565	4076.053	144	0	240
2026.07.27	17:56:00	4076.000	4076.598	4075.740	4076.548	132	0	240
2026.07.27	17:57:00	4076.691	4076.745	4075.959	4076.239	104	0	240
2026.07.27	17:58:00	4076.287	4077.039	4075.947	4076.448	92	0	240
2026.07.27	17:59:00	4076.715	4076.733	4076.142	4076.246	88	0	240
2026.07.27	18:00:00	4076.457	4076.729	4075.923	4075.935	132	0	240
2026.07.27	18:01:00	4075.950	4077.011	4075.950	4076.596	151	0	240
2026.07.27	18:02:00	4076.646	4077.710	4076.488	4076.921	146	0	240
2026.07.27	18:03:00	4076.810	4079.013	4076.810	4078.637	175	0	240
2026.07.27	18:04:00	4078.649	4079.315	4077.156	4077.174	135	0	240
2026.07.27	18:05:00	4077.398	4078.623	4077.055	4078.469	126	0	240
2026.07.27	18:06:00	4078.472	4078.926	4077.915	4078.153	145	0	240
2026.07.27	18:07:00	4078.204	4078.536	4077.999	4078.431	96	0	240
2026.07.27	18:08:00	4078.194	4078.610	4077.606	4078.557	137	0	240
2026.07.27	18:09:00	4078.494	4078.700	4077.954	4078.583	130	0	240
2026.07.27	18:10:00	4078.602	4078.802	4077.893	4077.893	126	0	240
2026.07.27	18:11:00	4078.163	4078.330	4077.171	4077.176	140	0	240
2026.07.27	18:12:00	4077.193	4077.609	4076.305	4077.508	160	0	240
2026.07.27	18:13:00	4077.529	4077.640	4076.439	4076.673	133	0	240
2026.07.27	18:14:00	4076.645	4077.497	4076.477	4076.759	110	0	240
2026.07.27	18:15:00	4076.710	4076.810	4074.453	4075.368	163	0	240
2026.07.27	18:16:00	4075.082	4075.659	4074.740	4075.365	111	0	240
2026.07.27	18:17:00	4075.276	4075.787	4074.026	4075.360	142	0	240
2026.07.27	18:18:00	4075.515	4075.577	4074.599	4075.571	106	0	240
2026.07.27	18:19:00	4075.620	4076.048	4074.883	4075.092	112	0	240
2026.07.27	18:20:00	4075.042	4075.406	4074.373	4074.422	132	0	240
2026.07.27	18:21:00	4074.531	4074.897	4074.264	4074.726	106	0	240
2026.07.27	18:22:00	4074.720	4075.214	4074.573	4074.846	97	0	240
2026.07.27	18:23:00	4074.858	4075.351	4074.455	4074.755	122	0	240
2026.07.27	18:24:00	4074.886	4076.916	4074.524	4076.396	112	0	240
2026.07.27	18:25:00	4076.314	4077.021	4076.132	4076.554	114	0	240
2026.07.27	18:26:00	4076.279	4076.742	4075.763	4076.242	99	0	240
2026.07.27	18:27:00	4076.430	4076.707	4075.901	4076.044	107	0	240
2026.07.27	18:28:00	4076.113	4076.748	4075.994	4076.411	130	0	240
2026.07.27	18:29:00	4076.157	4076.967	4075.936	4076.905	97	0	240
2026.07.27	18:30:00	4076.648	4077.195	4076.349	4076.676	112	0	240
2026.07.27	18:31:00	4076.852	4077.166	4076.426	4076.805	111	0	240
2026.07.27	18:32:00	4076.787	4076.884	4076.249	4076.638	93	0	240
2026.07.27	18:33:00	4076.622	4076.803	4075.961	4076.287	102	0	240
2026.07.27	18:34:00	4076.225	4076.570	4074.458	4074.890	124	0	240
2026.07.27	18:35:00	4074.938	4075.241	4074.293	4075.122	87	0	240
2026.07.27	18:36:00	4075.072	4075.072	4074.217	4074.935	103	0	240
2026.07.27	18:37:00	4074.791	4075.146	4074.516	4074.908	87	0	240
2026.07.27	18:38:00	4074.950	4074.984	4073.998	4073.998	90	0	240
2026.07.27	18:39:00	4074.202	4074.406	4073.050	4073.594	84	0	240
2026.07.27	18:40:00	4073.567	4073.614	4072.718	4073.189	97	0	240
2026.07.27	18:41:00	4073.280	4079.549	4073.280	4077.796	584	0	240
2026.07.27	18:42:00	4077.745	4078.912	4076.847	4077.803	246	0	240
2026.07.27	18:43:00	4077.498	4078.320	4076.179	4077.305	199	0	240
2026.07.27	18:44:00	4077.534	4077.834	4076.057	4076.273	148	0	240
2026.07.27	18:45:00	4076.224	4076.837	4075.802	4076.282	125	0	240
2026.07.27	18:46:00	4076.094	4076.652	4075.206	4075.445	151	0	240
2026.07.27	18:47:00	4075.437	4075.973	4074.891	4075.962	126	0	240
2026.07.27	18:48:00	4075.710	4076.069	4075.183	4075.900	114	0	240
2026.07.27	18:49:00	4075.783	4076.111	4075.069	4075.297	112	0	240
2026.07.27	18:50:00	4075.363	4076.059	4074.567	4075.660	137	0	240
2026.07.27	18:51:00	4075.709	4076.274	4075.167	4076.207	131	0	240
2026.07.27	18:52:00	4075.931	4077.738	4075.710	4077.666	157	0	240
2026.07.27	18:53:00	4077.602	4078.512	4077.190	4078.161	147	0	240
2026.07.27	18:54:00	4078.110	4078.213	4077.448	4077.470	120	0	240
2026.07.27	18:55:00	4077.671	4079.502	4077.671	4078.830	166	0	240
2026.07.27	18:56:00	4078.920	4079.311	4078.527	4079.311	117	0	240
2026.07.27	18:57:00	4078.908	4079.103	4077.365	4077.615	140	0	240
2026.07.27	18:58:00	4077.973	4078.421	4077.408	4078.252	107	0	240
2026.07.27	18:59:00	4078.200	4078.351	4077.160	4077.756	111	0	240
2026.07.27	19:00:00	4077.870	4078.483	4077.188	4077.503	150	0	240
2026.07.27	19:01:00	4077.463	4078.131	4077.043	4078.131	122	0	240
2026.07.27	19:02:00	4077.912	4078.798	4077.912	4078.351	124	0	240
2026.07.27	19:03:00	4078.400	4078.547	4077.433	4077.642	131	0	240
2026.07.27	19:04:00	4077.777	4078.515	4076.959	4077.196	138	0	240
2026.07.27	19:05:00	4077.305	4077.411	4076.177	4076.657	125	0	240
2026.07.27	19:06:00	4076.408	4078.415	4076.408	4078.415	111	0	240
2026.07.27	19:07:00	4078.181	4079.562	4078.124	4079.195	122	0	240
2026.07.27	19:08:00	4079.508	4079.695	4078.950	4079.028	101	0	240
2026.07.27	19:09:00	4079.374	4079.962	4078.976	4079.616	98	0	240
2026.07.27	19:10:00	4079.565	4080.594	4079.565	4080.454	109	0	240
2026.07.27	19:11:00	4080.451	4081.298	4079.600	4081.298	156	0	240
2026.07.27	19:12:00	4081.357	4081.610	4080.061	4080.061	98	0	240
2026.07.27	19:13:00	4080.125	4080.754	4079.958	4080.423	92	0	240
2026.07.27	19:14:00	4080.413	4080.659	4079.800	4080.134	90	0	240
2026.07.27	19:15:00	4080.187	4080.661	4079.660	4080.341	95	0	240
2026.07.27	19:16:00	4080.377	4080.533	4079.289	4080.023	120	0	240
2026.07.27	19:17:00	4079.993	4080.378	4079.640	4080.122	116	0	240
2026.07.27	19:18:00	4080.134	4081.599	4079.966	4081.548	116	0	240
2026.07.27	19:19:00	4081.605	4084.886	4081.248	4084.374	147	0	240
2026.07.27	19:20:00	4084.358	4088.605	4084.358	4087.770	214	0	240
2026.07.27	19:21:00	4087.708	4087.708	4084.701	4085.220	166	0	240
2026.07.27	19:22:00	4085.160	4085.996	4084.768	4085.277	110	0	240
2026.07.27	19:23:00	4085.223	4085.459	4084.351	4084.584	98	0	240
2026.07.27	19:24:00	4084.569	4085.113	4084.294	4085.062	105	0	240
2026.07.27	19:25:00	4085.115	4085.495	4084.150	4084.597	138	0	240
2026.07.27	19:26:00	4084.501	4084.595	4083.730	4084.051	114	0	240
2026.07.27	19:27:00	4084.085	4084.121	4083.335	4083.715	108	0	240
2026.07.27	19:28:00	4083.712	4084.763	4083.571	4084.582	87	0	240
2026.07.27	19:29:00	4084.699	4086.007	4084.445	4085.801	107	0	240
2026.07.27	19:30:00	4085.933	4086.456	4084.788	4085.275	153	0	240
2026.07.27	19:31:00	4085.078	4085.329	4083.623	4084.576	134	0	240
2026.07.27	19:32:00	4084.830	4085.122	4084.405	4084.614	112	0	240
2026.07.27	19:33:00	4084.611	4085.956	4084.289	4085.731	110	0	240
2026.07.27	19:34:00	4085.680	4086.231	4085.050	4085.279	100	0	240
2026.07.27	19:35:00	4085.185	4086.084	4085.021	4086.008	110	0	240
2026.07.27	19:36:00	4086.044	4086.878	4085.218	4085.620	147	0	240
2026.07.27	19:37:00	4085.620	4086.224	4085.134	4085.395	103	0	240
2026.07.27	19:38:00	4085.445	4086.053	4085.445	4085.701	93	0	240
2026.07.27	19:39:00	4085.643	4086.623	4085.309	4086.442	111	0	240
2026.07.27	19:40:00	4086.390	4087.302	4086.213	4086.465	130	0	240
2026.07.27	19:41:00	4086.463	4087.111	4085.477	4085.785	117	0	240
2026.07.27	19:42:00	4085.746	4086.096	4085.118	4085.228	83	0	240
2026.07.27	19:43:00	4085.530	4086.037	4085.197	4085.692	105	0	240
2026.07.27	19:44:00	4085.673	4087.149	4085.673	4086.734	109	0	240
2026.07.27	19:45:00	4086.807	4087.452	4086.090	4086.709	130	0	240
2026.07.27	19:46:00	4086.695	4087.610	4086.686	4087.056	95	0	240
2026.07.27	19:47:00	4087.073	4087.668	4086.518	4087.052	97	0	240
2026.07.27	19:48:00	4087.057	4088.395	4086.845	4088.147	126	0	240
2026.07.27	19:49:00	4088.315	4089.143	4087.957	4088.981	108	0	240
2026.07.27	19:50:00	4089.035	4089.333	4087.404	4087.780	195	0	240
2026.07.27	19:51:00	4087.730	4087.730	4086.065	4086.971	122	0	240
2026.07.27	19:52:00	4086.922	4086.979	4085.857	4086.077	105	0	240
2026.07.27	19:53:00	4086.380	4087.149	4086.308	4086.692	117	0	240
2026.07.27	19:54:00	4086.639	4087.684	4086.578	4087.353	116	0	240
2026.07.27	19:55:00	4087.227	4087.424	4086.101	4086.458	171	0	240
2026.07.27	19:56:00	4086.450	4087.146	4085.689	4086.022	97	0	240
2026.07.27	19:57:00	4086.026	4086.224	4084.710	4085.465	131	0	240
2026.07.27	19:58:00	4085.221	4085.523	4082.251	4083.378	190	0	240
2026.07.27	19:59:00	4083.434	4083.550	4082.836	4083.208	113	0	240
2026.07.27	20:00:00	4083.258	4084.094	4082.312	4082.348	148	0	240
2026.07.27	20:01:00	4082.592	4083.015	4082.259	4082.843	62	0	240
2026.07.27	20:02:00	4082.924	4083.935	4082.924	4083.023	98	0	240
2026.07.27	20:03:00	4083.253	4083.358	4082.279	4082.380	68	0	240
2026.07.27	20:04:00	4082.370	4082.615	4081.931	4082.349	96	0	240
2026.07.27	20:05:00	4082.296	4082.444	4081.942	4082.192	75	0	240
2026.07.27	20:06:00	4082.166	4082.299	4081.482	4081.731	84	0	240
2026.07.27	20:07:00	4081.679	4082.165	4081.532	4081.582	86	0	240
2026.07.27	20:08:00	4081.632	4081.970	4081.496	4081.970	59	0	240
2026.07.27	20:09:00	4081.739	4082.580	4081.739	4082.417	58	0	240
2026.07.27	20:10:00	4082.456	4082.746	4081.861	4082.138	77	0	240
2026.07.27	20:11:00	4082.120	4082.394	4081.718	4081.730	56	0	240
2026.07.27	20:12:00	4081.781	4082.379	4081.653	4082.019	69	0	240
2026.07.27	20:13:00	4081.651	4082.467	4081.590	4082.139	56	0	240
2026.07.27	20:14:00	4082.191	4082.360	4081.773	4082.096	83	0	240
2026.07.27	20:15:00	4082.076	4082.249	4081.259	4081.406	62	0	240
2026.07.27	20:16:00	4081.404	4081.464	4080.763	4080.763	52	0	240
2026.07.27	20:17:00	4081.019	4081.022	4080.371	4080.611	62	0	240
2026.07.27	20:18:00	4080.596	4080.863	4080.562	4080.816	40	0	240
2026.07.27	20:19:00	4080.813	4081.176	4080.658	4080.806	52	0	240
2026.07.27	20:20:00	4080.806	4080.929	4079.511	4080.284	103	0	240
2026.07.27	20:21:00	4080.226	4080.621	4079.879	4080.018	60	0	240
2026.07.27	20:22:00	4079.956	4080.215	4078.760	4079.096	58	0	240
2026.07.27	20:23:00	4078.885	4079.779	4078.885	4079.738	44	0	240
2026.07.27	20:24:00	4079.738	4080.350	4079.596	4080.059	48	0	240
2026.07.27	20:25:00	4080.138	4081.077	4079.849	4081.077	81	0	240
2026.07.27	20:26:00	4081.126	4081.394	4079.352	4079.701	84	0	240
2026.07.27	20:27:00	4079.753	4080.093	4079.371	4079.849	60	0	240
2026.07.27	20:28:00	4079.855	4080.046	4079.556	4079.675	47	0	240
2026.07.27	20:29:00	4079.709	4079.709	4078.243	4078.533	103	0	240
2026.07.27	20:30:00	4078.791	4079.069	4078.085	4078.794	84	0	240
2026.07.27	20:31:00	4078.736	4079.219	4078.439	4078.948	68	0	240
2026.07.27	20:32:00	4079.200	4079.203	4077.515	4077.902	84	0	240
2026.07.27	20:33:00	4077.961	4078.369	4077.778	4077.890	102	0	240
2026.07.27	20:34:00	4077.839	4077.920	4076.945	4077.055	100	0	240
2026.07.27	20:35:00	4077.169	4078.255	4077.169	4077.891	98	0	240
2026.07.27	20:36:00	4077.893	4078.219	4077.264	4077.476	76	0	240
2026.07.27	20:37:00	4077.700	4078.123	4076.614	4076.667	80	0	240
2026.07.27	20:38:00	4076.732	4077.003	4075.755	4076.506	87	0	240
2026.07.27	20:39:00	4076.488	4076.918	4076.136	4076.677	69	0	240
2026.07.27	20:40:00	4076.447	4077.285	4076.447	4077.129	57	0	240
2026.07.27	20:41:00	4077.197	4077.402	4076.698	4077.215	48	0	240
2026.07.27	20:42:00	4077.218	4077.236	4076.780	4077.163	37	0	240
2026.07.27	20:43:00	4077.173	4077.281	4076.805	4076.872	47	0	240
2026.07.27	20:44:00	4077.017	4077.456	4076.764	4077.270	71	0	240
2026.07.27	20:45:00	4077.161	4077.384	4076.675	4076.972	74	0	240
2026.07.27	20:46:00	4076.972	4077.067	4076.039	4076.288	67	0	240
2026.07.27	20:47:00	4076.299	4076.538	4075.902	4076.151	52	0	240
2026.07.27	20:48:00	4076.154	4076.616	4076.092	4076.571	53	0	240
2026.07.27	20:49:00	4076.572	4076.917	4076.378	4076.756	54	0	240
2026.07.27	20:50:00	4076.732	4077.151	4076.497	4077.071	51	0	240
2026.07.27	20:51:00	4076.818	4077.137	4076.811	4076.864	24	0	240
2026.07.27	20:52:00	4076.865	4077.036	4076.562	4076.805	45	0	240
2026.07.27	20:53:00	4076.828	4076.890	4075.109	4076.317	92	0	240
2026.07.27	20:54:00	4076.135	4076.781	4075.776	4076.781	63	0	240
2026.07.27	20:55:00	4076.773	4077.058	4076.112	4076.810	69	0	240
2026.07.27	20:56:00	4076.943	4077.436	4076.665	4077.037	72	0	240
2026.07.27	20:57:00	4077.104	4077.122	4076.509	4076.799	58	0	240
2026.07.27	22:00:00	4079.401	4081.641	4078.315	4081.564	39	0	480
2026.07.27	22:01:00	4081.477	4081.482	4079.217	4080.298	80	0	340
2026.07.27	22:02:00	4080.299	4080.835	4080.112	4080.234	37	0	340
2026.07.27	22:03:00	4080.240	4080.899	4079.614	4079.883	66	0	340
2026.07.27	22:04:00	4080.027	4080.657	4079.654	4080.632	56	0	260
2026.07.27	22:05:00	4080.691	4081.166	4079.724	4079.997	95	0	260
2026.07.27	22:06:00	4079.955	4080.328	4079.465	4079.734	48	0	260
2026.07.27	22:07:00	4079.733	4079.869	4079.096	4079.242	35	0	260
2026.07.27	22:08:00	4079.259	4079.471	4078.679	4079.056	58	0	260
2026.07.27	22:09:00	4079.103	4079.385	4078.751	4079.053	31	0	260
2026.07.27	22:10:00	4079.326	4079.326	4077.885	4078.209	83	0	260
2026.07.27	22:11:00	4078.146	4078.146	4076.869	4077.427	56	0	260
2026.07.27	22:12:00	4077.443	4077.862	4077.028	4077.562	47	0	240
2026.07.27	22:13:00	4077.562	4077.790	4077.243	4077.674	53	0	240
2026.07.27	22:14:00	4077.517	4077.806	4076.803	4076.919	72	0	240
2026.07.27	22:15:00	4076.983	4077.397	4076.126	4076.293	63	0	260
2026.07.27	22:16:00	4076.286	4076.725	4075.932	4076.712	51	0	240
2026.07.27	22:17:00	4076.712	4076.857	4076.194	4076.831	64	0	240
2026.07.27	22:18:00	4076.579	4076.971	4076.117	4076.676	68	0	240
2026.07.27	22:19:00	4076.680	4077.099	4076.310	4076.415	77	0	240
2026.07.27	22:20:00	4076.422	4076.739	4075.796	4076.169	71	0	240
2026.07.27	22:21:00	4076.036	4076.311	4074.971	4074.971	69	0	240
2026.07.27	22:22:00	4074.921	4075.378	4073.972	4074.291	73	0	240
2026.07.27	22:23:00	4074.118	4074.217	4072.764	4073.316	78	0	240
2026.07.27	22:24:00	4073.300	4073.300	4071.916	4072.571	78	0	240
2026.07.27	22:25:00	4072.571	4072.858	4071.047	4071.165	78	0	240
2026.07.27	22:26:00	4071.411	4071.698	4071.164	4071.698	62	0	240
2026.07.27	22:27:00	4071.700	4073.358	4071.417	4072.825	75	0	240
2026.07.27	22:28:00	4072.774	4072.774	4071.866	4072.325	58	0	240
2026.07.27	22:29:00	4072.364	4072.978	4071.534	4072.250	81	0	240
2026.07.27	22:30:00	4072.363	4073.829	4072.278	4073.802	90	0	240
2026.07.27	22:31:00	4073.843	4074.212	4073.539	4073.541	60	0	240
2026.07.27	22:32:00	4073.558	4074.051	4073.298	4073.663	60	0	240
2026.07.27	22:33:00	4073.663	4073.929	4073.329	4073.589	49	0	240
2026.07.27	22:34:00	4073.659	4074.253	4073.109	4074.161	66	0	240
2026.07.27	22:35:00	4074.163	4074.865	4074.147	4074.636	61	0	240
2026.07.27	22:36:00	4074.586	4075.043	4074.047	4074.169	76	0	240
2026.07.27	22:37:00	4074.390	4074.717	4073.634	4074.717	64	0	240
2026.07.27	22:38:00	4074.699	4074.833	4074.333	4074.539	48	0	240
2026.07.27	22:39:00	4074.788	4074.788	4073.741	4074.270	80	0	240
2026.07.27	22:40:00	4074.280	4074.518	4073.788	4074.245	57	0	240
2026.07.27	22:41:00	4074.473	4074.971	4074.183	4074.696	52	0	240
2026.07.27	22:42:00	4074.954	4074.954	4073.983	4074.596	70	0	240
2026.07.27	22:43:00	4074.596	4074.866	4074.312	4074.505	52	0	240
2026.07.27	22:44:00	4074.522	4075.048	4074.249	4074.686	49	0	240
2026.07.27	22:45:00	4074.949	4074.972	4074.010	4074.107	43	0	240
2026.07.27	22:46:00	4074.107	4074.664	4073.802	4074.346	64	0	240
2026.07.27	22:47:00	4074.365	4074.365	4073.510	4074.089	67	0	240
2026.07.27	22:48:00	4074.090	4074.391	4073.563	4073.702	72	0	240
2026.07.27	22:49:00	4073.702	4074.532	4073.702	4074.216	74	0	240
2026.07.27	22:50:00	4074.167	4074.237	4073.553	4074.237	73	0	240
2026.07.27	22:51:00	4073.988	4074.433	4073.675	4074.036	62	0	240
2026.07.27	22:52:00	4074.148	4074.224	4073.618	4074.193	58	0	240
2026.07.27	22:53:00	4074.245	4074.529	4073.876	4074.074	50	0	240
2026.07.27	22:54:00	4074.081	4074.796	4073.820	4073.904	61	0	240
2026.07.27	22:55:00	4073.904	4074.357	4073.652	4073.955	49	0	240
2026.07.27	22:56:00	4074.162	4074.746	4073.829	4074.426	68	0	240
2026.07.27	22:57:00	4074.204	4074.587	4074.072	4074.144	50	0	240
2026.07.27	22:58:00	4074.459	4074.543	4073.764	4073.959	42	0	240
2026.07.27	22:59:00	4073.976	4074.299	4073.687	4074.044	51	0	240
2026.07.27	23:00:00	4074.258	4074.258	4073.261	4073.754	71	0	240
2026.07.27	23:01:00	4073.716	4073.716	4072.981	4073.226	72	0	240
2026.07.27	23:02:00	4073.182	4073.341	4072.141	4072.693	81	0	240
2026.07.27	23:03:00	4072.658	4072.658	4071.664	4071.918	78	0	240
2026.07.27	23:04:00	4071.868	4072.802	4071.868	4072.592	72	0	240
2026.07.27	23:05:00	4072.899	4074.156	4072.741	4073.854	77	0	240
2026.07.27	23:06:00	4073.859	4074.592	4073.808	4074.123	61	0	240
2026.07.27	23:07:00	4074.173	4074.551	4073.728	4074.018	70	0	240
2026.07.27	23:08:00	4074.248	4074.600	4073.540	4074.026	77	0	240
2026.07.27	23:09:00	4074.175	4074.516	4073.647	4073.647	62	0	240
2026.07.27	23:10:00	4073.883	4074.037	4073.139	4073.373	62	0	240
2026.07.27	23:11:00	4073.175	4073.854	4073.117	4073.829	47	0	240
2026.07.27	23:12:00	4073.517	4074.289	4073.492	4073.839	55	0	240
2026.07.27	23:13:00	4073.825	4074.990	4073.825	4074.536	77	0	240
2026.07.27	23:14:00	4074.508	4075.124	4073.910	4074.117	67	0	240
2026.07.27	23:15:00	4074.119	4074.287	4073.653	4074.081	51	0	240
2026.07.27	23:16:00	4074.081	4074.371	4073.513	4073.513	54	0	240
2026.07.27	23:17:00	4073.400	4074.500	4073.367	4074.360	72	0	240
2026.07.27	23:18:00	4074.370	4074.598	4073.962	4074.286	70	0	240
2026.07.27	23:19:00	4074.226	4074.226	4072.932	4073.145	88	0	240
2026.07.27	23:20:00	4073.184	4073.908	4072.665	4072.665	88	0	240
2026.07.27	23:21:00	4072.939	4073.386	4072.810	4073.386	52	0	240
2026.07.27	23:22:00	4073.136	4073.362	4072.831	4073.125	57	0	240
2026.07.27	23:23:00	4073.125	4073.547	4072.932	4073.441	45	0	240
2026.07.27	23:24:00	4073.441	4073.689	4072.934	4073.327	67	0	240
2026.07.27	23:25:00	4073.108	4073.701	4072.885	4072.904	68	0	240
2026.07.27	23:26:00	4072.911	4073.088	4072.137	4072.547	59	0	240
2026.07.27	23:27:00	4072.540	4072.552	4072.006	4072.428	60	0	240
2026.07.27	23:28:00	4072.201	4073.101	4072.201	4072.863	51	0	240
2026.07.27	23:29:00	4072.864	4073.240	4072.519	4073.117	54	0	240
2026.07.27	23:30:00	4072.865	4072.971	4072.432	4072.806	58	0	240
2026.07.27	23:31:00	4072.785	4072.966	4072.324	4072.630	58	0	240
2026.07.27	23:32:00	4072.630	4072.997	4072.519	4072.544	41	0	240
2026.07.27	23:33:00	4072.890	4073.515	4072.445	4073.397	55	0	240
2026.07.27	23:34:00	4073.514	4073.606	4073.060	4073.320	46	0	240
2026.07.27	23:35:00	4073.613	4073.613	4072.634	4072.634	60	0	240
2026.07.27	23:36:00	4072.878	4073.177	4072.567	4072.696	58	0	240
2026.07.27	23:37:00	4072.696	4073.120	4072.425	4072.977	40	0	240
2026.07.27	23:38:00	4072.990	4073.516	4072.960	4073.516	38	0	240
2026.07.27	23:39:00	4073.264	4073.555	4072.930	4073.107	44	0	240
2026.07.27	23:40:00	4073.115	4073.246	4072.599	4072.606	42	0	240
2026.07.27	23:41:00	4072.621	4072.662	4072.078	4072.590	41	0	240
2026.07.27	23:42:00	4072.338	4072.695	4071.965	4072.311	54	0	240
2026.07.27	23:43:00	4072.555	4072.713	4072.116	4072.132	63	0	240
2026.07.27	23:44:00	4072.132	4072.218	4071.455	4072.054	72	0	240
2026.07.27	23:45:00	4072.075	4072.723	4071.101	4071.876	142	0	240
2026.07.27	23:46:00	4071.823	4072.049	4071.497	4071.537	72	0	240
2026.07.27	23:47:00	4071.548	4071.653	4070.383	4070.567	107	0	240
2026.07.27	23:48:00	4070.618	4071.501	4070.149	4070.736	110	0	240
2026.07.27	23:49:00	4070.741	4070.917	4069.884	4070.215	78	0	240
2026.07.27	23:50:00	4070.326	4071.190	4069.855	4070.992	112	0	240
2026.07.27	23:51:00	4070.918	4072.748	4070.852	4072.351	115	0	240
2026.07.27	23:52:00	4072.410	4072.928	4071.893	4072.067	82	0	240
2026.07.27	23:53:00	4072.339	4072.580	4072.024	4072.363	68	0	240
2026.07.27	23:54:00	4072.321	4072.672	4071.854	4072.096	73	0	240
2026.07.27	23:55:00	4071.861	4072.231	4071.362	4072.213	67	0	240
2026.07.27	23:56:00	4072.215	4072.867	4071.721	4072.148	86	0	240
2026.07.27	23:57:00	4072.141	4072.921	4072.061	4072.587	74	0	240
2026.07.27	23:58:00	4072.601	4072.999	4072.241	4072.686	69	0	240
2026.07.27	23:59:00	4072.824	4073.330	4072.442	4073.195	71	0	240
2026.07.28	00:00:00	4073.146	4074.288	4070.959	4071.855	320	0	240
2026.07.28	00:01:00	4071.751	4072.539	4070.778	4071.640	228	0	240
2026.07.28	00:02:00	4071.534	4071.789	4070.515	4070.773	221	0	240
2026.07.28	00:03:00	4070.823	4070.894	4068.608	4069.971	286	0	240
2026.07.28	00:04:00	4070.238	4070.289	4065.092	4065.183	216	0	240
2026.07.28	00:05:00	4065.239	4065.959	4062.379	4063.332	475	0	240
2026.07.28	00:06:00	4063.407	4064.232	4062.177	4063.307	268	0	240
2026.07.28	00:07:00	4063.250	4065.042	4061.770	4064.754	262	0	240
2026.07.28	00:08:00	4064.805	4066.922	4064.496	4065.307	328	0	240
2026.07.28	00:09:00	4065.108	4066.797	4064.858	4066.465	277	0	240
2026.07.28	00:10:00	4066.568	4067.396	4065.109	4065.533	259	0	240
2026.07.28	00:11:00	4065.804	4066.465	4064.704	4065.997	269	0	240
2026.07.28	00:12:00	4066.047	4067.640	4066.034	4066.964	237	0	240
2026.07.28	00:13:00	4066.965	4067.054	4065.480	4065.746	226	0	240
2026.07.28	00:14:00	4065.750	4067.156	4065.750	4066.921	210	0	240
2026.07.28	00:15:00	4066.848	4067.438	4065.078	4065.208	278	0	240
2026.07.28	00:16:00	4065.288	4065.402	4062.631	4062.905	178	0	240
2026.07.28	00:17:00	4062.840	4065.176	4062.263	4065.118	201	0	240
2026.07.28	00:18:00	4064.884	4065.239	4064.119	4064.680	224	0	240
2026.07.28	00:19:00	4064.683	4065.752	4063.978	4065.186	188	0	240
2026.07.28	00:20:00	4065.248	4066.074	4065.029	4065.629	189	0	240
2026.07.28	00:21:00	4065.518	4066.438	4065.194	4065.928	152	0	240
2026.07.28	00:22:00	4066.043	4066.284	4062.832	4063.123	177	0	240
2026.07.28	00:23:00	4063.082	4063.463	4060.639	4061.701	218	0	240
2026.07.28	00:24:00	4061.684	4062.012	4060.146	4060.962	235	0	240
2026.07.28	00:25:00	4060.943	4062.235	4060.547	4062.048	208	0	240
2026.07.28	00:26:00	4062.084	4062.267	4058.925	4060.054	250	0	240
2026.07.28	00:27:00	4060.056	4061.099	4059.639	4060.980	214	0	240
2026.07.28	00:28:00	4060.716	4063.242	4060.502	4062.371	233	0	240
2026.07.28	00:29:00	4062.080	4062.556	4060.946	4061.898	227	0	240
2026.07.28	00:30:00	4061.956	4063.229	4061.008	4061.309	257	0	240
2026.07.28	00:31:00	4061.291	4062.216	4060.852	4061.399	236	0	240
2026.07.28	00:32:00	4061.714	4061.853	4060.542	4060.913	205	0	240
2026.07.28	00:33:00	4060.562	4063.931	4060.562	4063.510	184	0	240
2026.07.28	00:34:00	4063.498	4064.900	4063.370	4064.065	227	0	240
2026.07.28	00:35:00	4063.955	4064.792	4063.608	4063.908	226	0	240
2026.07.28	00:36:00	4064.020	4064.303	4063.177	4063.873	249	0	240
2026.07.28	00:37:00	4063.812	4064.987	4063.658	4063.877	194	0	240
2026.07.28	00:38:00	4063.770	4064.696	4063.641	4063.851	148	0	240
2026.07.28	00:39:00	4063.844	4064.777	4063.252	4063.432	202	0	240
2026.07.28	00:40:00	4063.484	4063.850	4062.380	4062.426	182	0	240
2026.07.28	00:41:00	4062.440	4064.743	4062.238	4064.011	178	0	240
2026.07.28	00:42:00	4063.793	4066.053	4063.354	4065.956	202	0	240
2026.07.28	00:43:00	4066.008	4066.057	4064.865	4065.128	161	0	240
2026.07.28	00:44:00	4065.076	4065.829	4064.584	4065.365	181	0	240
2026.07.28	00:45:00	4065.291	4065.558	4062.727	4063.698	278	0	240
2026.07.28	00:46:00	4063.556	4063.556	4061.035	4062.304	327	0	240
2026.07.28	00:47:00	4062.020	4062.662	4061.049	4061.521	197	0	240
2026.07.28	00:48:00	4061.455	4062.148	4059.081	4059.262	274	0	240
2026.07.28	00:49:00	4059.269	4060.194	4058.786	4059.782	177	0	240
2026.07.28	00:50:00	4059.669	4060.196	4058.408	4058.953	190	0	240
2026.07.28	00:51:00	4058.937	4059.444	4058.374	4058.578	167	0	240
2026.07.28	00:52:00	4058.420	4059.911	4058.420	4058.885	187	0	240
2026.07.28	00:53:00	4059.086	4059.144	4057.725	4058.854	178	0	240
2026.07.28	00:54:00	4058.665	4059.620	4058.275	4059.437	153	0	240
2026.07.28	00:55:00	4059.627	4061.342	4059.070	4060.141	159	0	240
2026.07.28	00:56:00	4060.089	4060.338	4058.943	4059.785	139	0	240
2026.07.28	00:57:00	4059.773	4060.872	4059.399	4060.313	142	0	240
2026.07.28	00:58:00	4060.400	4060.573	4058.855	4059.319	162	0	240
2026.07.28	00:59:00	4059.450	4059.860	4057.443	4057.763	297	0	240
2026.07.28	01:00:00	4057.712	4058.956	4053.812	4057.229	1071	0	240
2026.07.28	01:01:00	4056.927	4057.646	4053.713	4055.772	860	0	240
2026.07.28	01:02:00	4055.666	4057.943	4055.377	4056.620	661	0	240
2026.07.28	01:03:00	4056.546	4059.010	4055.377	4058.346	549	0	240
2026.07.28	01:04:00	4058.398	4060.196	4057.794	4059.213	445	0	240
2026.07.28	01:05:00	4059.144	4059.647	4055.068	4056.605	577	0	240
2026.07.28	01:06:00	4056.656	4057.453	4054.753	4056.156	359	0	240
2026.07.28	01:07:00	4056.039	4058.269	4055.680	4057.207	426	0	240
2026.07.28	01:08:00	4056.917	4057.458	4055.144	4055.303	297	0	240
2026.07.28	01:09:00	4055.253	4056.390	4054.274	4055.951	324	0	240
2026.07.28	01:10:00	4056.021	4057.230	4055.265	4057.173	339	0	240
2026.07.28	01:11:00	4057.129	4057.595	4055.690	4057.423	326	0	240
2026.07.28	01:12:00	4057.444	4057.444	4054.691	4055.395	322	0	240
2026.07.28	01:13:00	4055.235	4058.086	4055.205	4056.990	327	0	240
2026.07.28	01:14:00	4056.936	4058.476	4056.544	4057.768	339	0	240
2026.07.28	01:15:00	4057.711	4058.800	4056.863	4058.279	313	0	240
2026.07.28	01:16:00	4057.967	4059.189	4055.616	4056.911	291	0	240
2026.07.28	01:17:00	4056.967	4057.658	4056.245	4056.589	262	0	240
2026.07.28	01:18:00	4056.582	4057.467	4056.389	4056.552	237	0	240
2026.07.28	01:19:00	4056.612	4057.279	4053.275	4053.537	360	0	240
2026.07.28	01:20:00	4053.595	4054.725	4052.019	4052.045	405	0	240
2026.07.28	01:21:00	4052.094	4052.281	4049.755	4051.055	421	0	240
2026.07.28	01:22:00	4051.255	4052.133	4050.469	4050.740	252	0	240
2026.07.28	01:23:00	4050.688	4051.532	4050.016	4051.367	349	0	240
2026.07.28	01:24:00	4051.098	4051.436	4048.790	4050.162	336	0	240
2026.07.28	01:25:00	4050.109	4050.230	4047.798	4049.015	406	0	240
2026.07.28	01:26:00	4048.962	4049.488	4046.211	4047.896	409	0	240
2026.07.28	01:27:00	4047.847	4049.421	4047.796	4048.799	312	0	240
2026.07.28	01:28:00	4048.856	4049.322	4047.647	4048.916	309	0	240
2026.07.28	01:29:00	4048.786	4048.786	4046.675	4047.359	266	0	240
2026.07.28	01:30:00	4047.422	4050.145	4046.686	4049.453	333	0	240
2026.07.28	01:31:00	4049.403	4050.179	4048.382	4049.152	288	0	240
2026.07.28	01:32:00	4048.949	4049.659	4047.191	4047.314	326	0	240
2026.07.28	01:33:00	4047.456	4048.072	4045.531	4045.820	335	0	240
2026.07.28	01:34:00	4045.941	4046.693	4043.289	4046.031	386	0	240
2026.07.28	01:35:00	4046.172	4048.323	4045.992	4047.840	328	0	240
2026.07.28	01:36:00	4047.714	4050.299	4047.614	4050.140	302	0	240
2026.07.28	01:37:00	4050.087	4050.524	4049.168	4049.338	263	0	240
2026.07.28	01:38:00	4049.409	4049.769	4048.567	4048.630	257	0	240
2026.07.28	01:39:00	4048.581	4049.436	4047.885	4049.273	240	0	240
2026.07.28	01:40:00	4049.383	4049.547	4048.298	4048.691	219	0	240
2026.07.28	01:41:00	4048.697	4049.543	4048.494	4048.852	220	0	240
2026.07.28	01:42:00	4048.920	4049.575	4047.781	4048.157	206	0	240
2026.07.28	01:43:00	4048.206	4048.687	4046.816	4048.018	266	0	240
2026.07.28	01:44:00	4047.908	4049.381	4047.078	4048.718	254	0	240
2026.07.28	01:45:00	4049.032	4049.032	4047.453	4047.453	187	0	240
2026.07.28	01:46:00	4047.754	4048.738	4046.905	4047.154	215	0	240
2026.07.28	01:47:00	4047.089	4047.498	4045.779	4046.918	256	0	240
2026.07.28	01:48:00	4046.845	4047.434	4046.081	4046.906	245	0	240
2026.07.28	01:49:00	4046.972	4046.972	4045.180	4046.566	246	0	240
2026.07.28	01:50:00	4046.465	4047.307	4045.795	4046.449	206	0	240
2026.07.28	01:51:00	4046.513	4046.593	4043.683	4044.146	177	0	240
2026.07.28	01:52:00	4044.037	4044.650	4042.515	4044.537	241	0	240
2026.07.28	01:53:00	4044.525	4045.169	4043.711	4044.380	230	0	240
2026.07.28	01:54:00	4044.429	4045.138	4044.172	4045.062	168	0	240
2026.07.28	01:55:00	4045.113	4045.202	4043.765	4044.484	210	0	240
2026.07.28	01:56:00	4044.550	4045.253	4043.976	4044.183	189	0	240
2026.07.28	01:57:00	4044.178	4044.953	4043.970	4044.681	192	0	240
2026.07.28	01:58:00	4044.619	4045.311	4044.227	4044.487	146	0	240
2026.07.28	01:59:00	4044.485	4045.368	4044.110	4045.233	160	0	240
2026.07.28	02:00:00	4045.189	4045.994	4043.824	4044.249	256	0	240
2026.07.28	02:01:00	4044.155	4044.969	4043.732	4044.406	204	0	240
2026.07.28	02:02:00	4044.466	4044.521	4043.045	4043.392	242	0	240
2026.07.28	02:03:00	4043.353	4043.862	4042.511	4042.902	155	0	240
2026.07.28	02:04:00	4042.851	4043.914	4042.710	4043.648	160	0	240
2026.07.28	02:05:00	4043.704	4044.477	4042.729	4042.729	179	0	240
2026.07.28	02:06:00	4042.777	4044.501	4042.351	4043.979	225	0	240
2026.07.28	02:07:00	4043.968	4044.690	4042.926	4043.432	211	0	240
2026.07.28	02:08:00	4043.481	4045.109	4043.022	4044.957	216	0	240
2026.07.28	02:09:00	4044.702	4047.040	4044.463	4046.109	206	0	240
2026.07.28	02:10:00	4046.205	4047.124	4045.764	4046.197	209	0	240
2026.07.28	02:11:00	4046.053	4047.494	4045.590	4047.018	166	0	240
2026.07.28	02:12:00	4046.987	4047.578	4046.446	4046.727	155	0	240
2026.07.28	02:13:00	4047.001	4047.013	4045.806	4046.028	175	0	240
2026.07.28	02:14:00	4045.820	4046.623	4045.709	4046.391	160	0	240
2026.07.28	02:15:00	4046.341	4046.483	4045.174	4045.960	124	0	240
2026.07.28	02:16:00	4046.210	4046.426	4045.723	4046.036	134	0	240
2026.07.28	02:17:00	4046.286	4047.702	4045.774	4047.702	164	0	240
2026.07.28	02:18:00	4047.711	4048.093	4047.274	4047.280	144	0	240
2026.07.28	02:19:00	4047.536	4048.143	4047.190	4047.848	162	0	240
2026.07.28	02:20:00	4047.959	4048.884	4047.518	4048.707	175	0	240
2026.07.28	02:21:00	4048.713	4049.073	4047.633	4047.743	151	0	240
2026.07.28	02:22:00	4048.108	4048.680	4047.714	4048.231	143	0	240
2026.07.28	02:23:00	4048.122	4048.843	4047.878	4048.415	171	0	240
2026.07.28	02:24:00	4048.296	4048.469	4046.825	4047.440	140	0	240
2026.07.28	02:25:00	4047.591	4047.978	4046.566	4047.701	148	0	240
2026.07.28	02:26:00	4047.708	4048.399	4047.244	4047.358	173	0	240
2026.07.28	02:27:00	4047.388	4047.388	4045.798	4046.627	164	0	240
2026.07.28	02:28:00	4046.578	4046.578	4045.920	4046.323	109	0	240
2026.07.28	02:29:00	4046.317	4046.556	4045.544	4046.214	137	0	240
2026.07.28	02:30:00	4046.152	4047.928	4045.695	4047.253	304	0	240
2026.07.28	02:31:00	4047.228	4047.977	4045.811	4046.074	214	0	240
2026.07.28	02:32:00	4046.025	4046.717	4045.081	4046.494	169	0	240
2026.07.28	02:33:00	4046.446	4047.025	4046.223	4046.509	183	0	240
2026.07.28	02:34:00	4046.560	4047.039	4046.038	4046.588	151	0	240
2026.07.28	02:35:00	4046.589	4047.079	4045.886	4046.909	204	0	240
2026.07.28	02:36:00	4047.017	4047.139	4046.081	4047.007	152	0	240
2026.07.28	02:37:00	4047.207	4047.207	4045.487	4045.822	155	0	240
2026.07.28	02:38:00	4045.769	4046.024	4044.900	4045.486	162	0	240
2026.07.28	02:39:00	4045.837	4046.075	4044.929	4044.943	150	0	240
2026.07.28	02:40:00	4044.895	4045.736	4043.604	4043.786	185	0	240
2026.07.28	02:41:00	4043.679	4043.679	4042.490	4043.008	234	0	240
2026.07.28	02:42:00	4042.948	4043.070	4041.553	4041.553	200	0	240
2026.07.28	02:43:00	4041.757	4043.800	4041.384	4043.571	251	0	240
2026.07.28	02:44:00	4043.521	4044.360	4043.390	4044.039	169	0	240
2026.07.28	02:45:00	4043.989	4044.786	4043.278	4044.578	185	0	240
2026.07.28	02:46:00	4044.548	4045.172	4044.292	4044.790	156	0	240
2026.07.28	02:47:00	4044.974	4045.300	4043.425	4044.043	152	0	240
2026.07.28	02:48:00	4043.933	4044.677	4043.393	4044.334	161	0	240
2026.07.28	02:49:00	4044.451	4044.473	4042.641	4043.791	173	0	240
2026.07.28	02:50:00	4043.742	4045.570	4043.332	4044.694	229	0	240
2026.07.28	02:51:00	4044.631	4044.754	4043.238	4044.282	178	0	240
2026.07.28	02:52:00	4044.427	4044.738	4042.704	4043.701	153	0	240
2026.07.28	02:53:00	4043.768	4044.822	4042.972	4044.274	189	0	240
2026.07.28	02:54:00	4044.323	4045.171	4043.409	4043.707	145	0	240
2026.07.28	02:55:00	4043.559	4043.973	4041.688	4041.838	121	0	240
2026.07.28	02:56:00	4041.843	4041.996	4040.608	4041.709	192	0	240
2026.07.28	02:57:00	4041.658	4042.665	4040.934	4042.405	166	0	240
2026.07.28	02:58:00	4042.354	4043.348	4042.354	4042.838	122	0	240
2026.07.28	02:59:00	4043.093	4043.093	4041.854	4042.087	102	0	240
2026.07.28	03:00:00	4042.023	4042.596	4041.049	4041.497	134	0	240
2026.07.28	03:01:00	4041.401	4041.975	4040.588	4040.624	202	0	240
2026.07.28	03:02:00	4040.842	4041.864	4040.788	4041.635	198	0	240
2026.07.28	03:03:00	4041.685	4042.913	4040.193	4042.913	171	0	240
2026.07.28	03:04:00	4042.648	4043.947	4042.434	4043.622	122	0	240
2026.07.28	03:05:00	4043.875	4044.565	4042.821	4044.340	159	0	240
2026.07.28	03:06:00	4044.390	4044.912	4043.980	4044.624	154	0	240
2026.07.28	03:07:00	4045.006	4045.591	4044.640	4045.074	126	0	240
2026.07.28	03:08:00	4045.251	4045.325	4044.694	4045.228	110	0	240
2026.07.28	03:09:00	4045.216	4046.081	4044.978	4045.643	89	0	240
2026.07.28	03:10:00	4045.665	4045.973	4045.297	4045.427	128	0	240
2026.07.28	03:11:00	4045.623	4046.386	4045.363	4046.386	206	0	240
2026.07.28	03:12:00	4046.435	4047.184	4046.081	4046.351	143	0	240
2026.07.28	03:13:00	4046.330	4046.766	4045.786	4046.489	135	0	240
2026.07.28	03:14:00	4046.538	4046.955	4045.606	4045.921	149	0	240
2026.07.28	03:15:00	4045.698	4046.364	4045.321	4046.007	151	0	240
2026.07.28	03:16:00	4046.008	4046.797	4045.687	4046.561	140	0	240
2026.07.28	03:17:00	4046.451	4047.832	4046.258	4047.779	162	0	240
2026.07.28	03:18:00	4047.528	4048.503	4047.067	4047.706	158	0	240
2026.07.28	03:19:00	4047.653	4049.046	4047.448	4048.945	124	0	240
2026.07.28	03:20:00	4048.998	4049.046	4047.919	4048.272	144	0	240
2026.07.28	03:21:00	4048.323	4048.433	4046.929	4047.599	152	0	240
2026.07.28	03:22:00	4047.650	4048.527	4047.409	4048.186	136	0	240
2026.07.28	03:23:00	4048.237	4049.372	4048.010	4048.805	127	0	240
2026.07.28	03:24:00	4048.740	4048.893	4048.219	4048.370	104	0	240
2026.07.28	03:25:00	4048.625	4048.946	4047.914	4048.096	129	0	240
2026.07.28	03:26:00	4048.042	4048.567	4047.316	4047.532	126	0	240
2026.07.28	03:27:00	4047.519	4048.231	4046.371	4047.764	138	0	240
2026.07.28	03:28:00	4047.714	4047.975	4047.089	4047.644	95	0	240
2026.07.28	03:29:00	4047.726	4048.335	4047.048	4047.555	101	0	240
2026.07.28	03:30:00	4047.429	4049.094	4047.131	4049.004	170	0	240
2026.07.28	03:31:00	4048.753	4049.348	4048.462	4048.773	126	0	240
2026.07.28	03:32:00	4048.800	4049.666	4048.535	4049.325	110	0	240
2026.07.28	03:33:00	4049.261	4051.027	4049.261	4050.681	180	0	240
2026.07.28	03:34:00	4050.633	4050.838	4049.466	4049.875	172	0	240
2026.07.28	03:35:00	4049.876	4050.001	4048.615	4048.979	163	0	240
2026.07.28	03:36:00	4048.915	4049.698	4048.650	4048.892	166	0	240
2026.07.28	03:37:00	4048.872	4049.544	4048.307	4048.872	211	0	240
2026.07.28	03:38:00	4049.124	4050.031	4048.883	4049.654	202	0	240
2026.07.28	03:39:00	4049.534	4050.064	4048.419	4049.037	116	0	240
2026.07.28	03:40:00	4049.038	4049.314	4048.354	4048.824	135	0	240
2026.07.28	03:41:00	4048.809	4049.012	4047.856	4047.856	110	0	240
2026.07.28	03:42:00	4048.114	4048.645	4047.806	4048.385	114	0	240
2026.07.28	03:43:00	4048.266	4048.748	4047.390	4048.025	153	0	240
2026.07.28	03:44:00	4047.861	4048.446	4047.592	4048.219	116	0	240
2026.07.28	03:45:00	4048.284	4049.062	4048.068	4048.298	140	0	240
2026.07.28	03:46:00	4048.230	4048.704	4047.859	4048.268	119	0	240
2026.07.28	03:47:00	4048.262	4048.957	4048.100	4048.545	121	0	240
2026.07.28	03:48:00	4048.659	4050.184	4048.659	4050.087	131	0	240
2026.07.28	03:49:00	4050.151	4050.582	4049.523	4049.523	115	0	240
2026.07.28	03:50:00	4049.573	4049.989	4048.364	4048.525	117	0	240
2026.07.28	03:51:00	4048.504	4049.133	4048.481	4048.724	69	0	240
2026.07.28	03:52:00	4048.781	4049.387	4048.482	4048.871	119	0	240
2026.07.28	03:53:00	4048.888	4050.781	4048.821	4050.357	130	0	240
2026.07.28	03:54:00	4050.363	4050.363	4049.264	4049.688	114	0	240
2026.07.28	03:55:00	4049.626	4049.839	4048.576	4048.922	120	0	240
2026.07.28	03:56:00	4048.553	4049.847	4048.553	4049.847	97	0	240
2026.07.28	03:57:00	4049.898	4050.087	4048.343	4048.421	101	0	240
2026.07.28	03:58:00	4048.366	4049.144	4047.883	4049.115	81	0	240
2026.07.28	03:59:00	4049.092	4049.602	4048.635	4049.236	90	0	240
2026.07.28	04:00:00	4049.189	4049.262	4048.015	4048.986	155	0	240
2026.07.28	04:01:00	4048.933	4049.701	4048.584	4049.031	127	0	240
2026.07.28	04:02:00	4049.007	4049.463	4048.384	4049.081	130	0	240
2026.07.28	04:03:00	4049.131	4049.456	4048.254	4049.216	163	0	240
2026.07.28	04:04:00	4049.167	4049.278	4047.731	4047.865	162	0	240
2026.07.28	04:05:00	4047.802	4048.122	4046.792	4047.357	127	0	240
2026.07.28	04:06:00	4047.284	4047.284	4046.074	4046.428	114	0	240
2026.07.28	04:07:00	4046.546	4046.768	4045.377	4046.436	175	0	240
2026.07.28	04:08:00	4046.373	4046.539	4045.893	4046.408	126	0	240
2026.07.28	04:09:00	4046.459	4046.829	4046.016	4046.379	81	0	240
2026.07.28	04:10:00	4046.313	4046.852	4046.037	4046.254	126	0	240
2026.07.28	04:11:00	4046.006	4046.335	4045.487	4045.512	104	0	240
2026.07.28	04:12:00	4045.462	4045.710	4043.967	4044.725	127	0	240
2026.07.28	04:13:00	4044.677	4044.891	4043.971	4043.971	100	0	240
2026.07.28	04:14:00	4044.223	4044.447	4043.369	4044.133	114	0	240
2026.07.28	04:15:00	4043.756	4044.700	4043.506	4044.549	125	0	240
2026.07.28	04:16:00	4044.756	4045.079	4044.058	4044.622	110	0	240
2026.07.28	04:17:00	4044.596	4046.707	4044.596	4046.583	135	0	240
2026.07.28	04:18:00	4046.578	4046.880	4045.910	4046.559	108	0	240
2026.07.28	04:19:00	4046.572	4047.398	4046.442	4047.366	100	0	240
2026.07.28	04:20:00	4047.426	4047.679	4046.718	4046.718	106	0	240
2026.07.28	04:21:00	4046.701	4047.594	4046.701	4047.144	76	0	240
2026.07.28	04:22:00	4047.412	4047.504	4046.645	4047.305	102	0	240
2026.07.28	04:23:00	4047.044	4047.992	4046.935	4047.464	103	0	240
2026.07.28	04:24:00	4047.717	4047.761	4046.491	4046.491	90	0	240
2026.07.28	04:25:00	4046.693	4047.069	4046.197	4046.474	102	0	240
2026.07.28	04:26:00	4046.607	4046.955	4045.868	4046.646	100	0	240
2026.07.28	04:27:00	4046.618	4047.218	4045.949	4046.245	123	0	240
2026.07.28	04:28:00	4046.510	4046.791	4046.066	4046.259	103	0	240
2026.07.28	04:29:00	4046.264	4046.481	4045.378	4045.702	84	0	240
2026.07.28	04:30:00	4045.811	4046.069	4043.951	4044.131	120	0	240
2026.07.28	04:31:00	4044.156	4044.826	4043.999	4044.461	109	0	240
2026.07.28	04:32:00	4044.458	4045.110	4044.128	4044.604	116	0	240
2026.07.28	04:33:00	4044.670	4045.674	4044.332	4045.269	113	0	240
2026.07.28	04:34:00	4045.320	4046.835	4045.002	4046.835	97	0	240
2026.07.28	04:35:00	4046.887	4047.026	4046.347	4046.770	83	0	240
2026.07.28	04:36:00	4046.529	4047.000	4045.621	4046.003	77	0	240
2026.07.28	04:37:00	4045.771	4046.422	4045.615	4046.156	103	0	240
2026.07.28	04:38:00	4046.078	4046.492	4045.484	4046.233	79	0	240
2026.07.28	04:39:00	4046.498	4046.698	4045.496	4045.496	97	0	240
2026.07.28	04:40:00	4045.777	4045.781	4044.962	4045.642	110	0	240
2026.07.28	04:41:00	4045.897	4046.419	4045.597	4046.233	105	0	240
2026.07.28	04:42:00	4046.143	4046.981	4046.143	4046.469	90	0	240
2026.07.28	04:43:00	4046.828	4047.019	4046.454	4046.703	85	0	240
2026.07.28	04:44:00	4046.711	4047.875	4046.698	4047.649	90	0	240
2026.07.28	04:45:00	4047.504	4047.790	4047.317	4047.350	94	0	240
2026.07.28	04:46:00	4047.626	4047.829	4047.008	4047.194	100	0	240
2026.07.28	04:47:00	4047.100	4047.523	4046.270	4046.367	97	0	240
2026.07.28	04:48:00	4046.318	4047.223	4043.303	4043.568	161	0	240
2026.07.28	04:49:00	4043.634	4044.311	4042.524	4043.384	149	0	240
2026.07.28	04:50:00	4043.418	4044.464	4043.204	4044.114	126	0	240
2026.07.28	04:51:00	4044.375	4044.575	4043.517	4043.668	94	0	240
2026.07.28	04:52:00	4043.779	4044.093	4043.323	4043.610	99	0	240
2026.07.28	04:53:00	4043.673	4044.138	4042.897	4044.069	104	0	240
2026.07.28	04:54:00	4043.960	4044.532	4043.437	4043.584	111	0	240
2026.07.28	04:55:00	4043.472	4044.503	4043.414	4043.641	132	0	240
2026.07.28	04:56:00	4043.640	4043.640	4042.353	4042.679	120	0	240
2026.07.28	04:57:00	4042.629	4043.014	4042.375	4042.645	70	0	240
2026.07.28	04:58:00	4042.664	4043.157	4042.181	4042.449	77	0	240
2026.07.28	04:59:00	4042.473	4042.813	4041.245	4042.301	123	0	240
2026.07.28	05:00:00	4042.251	4042.251	4039.779	4041.149	214	0	240
2026.07.28	05:01:00	4040.898	4041.861	4040.291	4041.206	175	0	240
2026.07.28	05:02:00	4041.198	4041.672	4040.656	4041.662	142	0	240
2026.07.28	05:03:00	4041.573	4042.481	4041.328	4041.897	111	0	240
2026.07.28	05:04:00	4041.950	4042.398	4041.195	4041.198	149	0	240
2026.07.28	05:05:00	4041.210	4042.838	4040.105	4042.403	162	0	240
2026.07.28	05:06:00	4042.346	4042.460	4041.300	4042.001	150	0	240
2026.07.28	05:07:00	4042.056	4042.836	4041.867	4042.072	144	0	240
2026.07.28	05:08:00	4042.374	4042.830	4041.468	4041.477	167	0	240
2026.07.28	05:09:00	4041.526	4041.633	4040.542	4041.270	126	0	240
2026.07.28	05:10:00	4041.183	4043.634	4041.183	4043.634	166	0	240
2026.07.28	05:11:00	4043.585	4044.148	4041.438	4042.065	170	0	240
2026.07.28	05:12:00	4042.052	4042.255	4041.547	4041.861	124	0	240
2026.07.28	05:13:00	4041.893	4042.322	4041.267	4042.066	179	0	240
2026.07.28	05:14:00	4042.009	4042.544	4041.535	4042.437	172	0	240
2026.07.28	05:15:00	4042.487	4043.065	4041.971	4042.991	166	0	240
2026.07.28	05:16:00	4042.970	4043.312	4042.392	4042.836	140	0	240
2026.07.28	05:17:00	4042.814	4043.087	4042.125	4042.382	127	0	240
2026.07.28	05:18:00	4042.608	4043.247	4042.353	4042.854	142	0	240
2026.07.28	05:19:00	4043.136	4043.388	4042.456	4042.770	116	0	240
2026.07.28	05:20:00	4042.701	4043.627	4041.838	4043.297	117	0	240
2026.07.28	05:21:00	4043.247	4043.553	4042.920	4043.206	114	0	240
2026.07.28	05:22:00	4043.233	4043.542	4042.401	4042.787	118	0	240
2026.07.28	05:23:00	4042.897	4042.897	4042.034	4042.436	130	0	240
2026.07.28	05:24:00	4042.378	4043.101	4042.118	4042.426	139	0	240
2026.07.28	05:25:00	4042.476	4043.356	4040.644	4041.371	200	0	240
2026.07.28	05:26:00	4041.263	4041.798	4040.772	4041.735	136	0	240
2026.07.28	05:27:00	4041.754	4042.233	4041.434	4041.948	151	0	240
2026.07.28	05:28:00	4041.892	4042.253	4041.171	4042.007	125	0	240
2026.07.28	05:29:00	4042.033	4043.473	4042.015	4042.957	123	0	240
2026.07.28	05:30:00	4042.903	4045.705	4040.865	4042.333	530	0	240
2026.07.28	05:31:00	4042.514	4043.236	4039.940	4040.360	428	0	240
2026.07.28	05:32:00	4040.311	4040.750	4038.110	4038.925	355	0	240
2026.07.28	05:33:00	4038.980	4039.766	4037.098	4039.766	359	0	240
2026.07.28	05:34:00	4039.460	4039.460	4037.146	4037.685	401	0	240
2026.07.28	05:35:00	4037.636	4037.817	4035.873	4037.730	329	0	240
2026.07.28	05:36:00	4037.612	4037.807	4034.763	4036.851	339	0	240
2026.07.28	05:37:00	4036.800	4038.110	4036.113	4037.710	209	0	240
2026.07.28	05:38:00	4037.616	4037.839	4036.021	4036.824	270	0	240
2026.07.28	05:39:00	4036.551	4037.770	4035.943	4037.388	229	0	240
2026.07.28	05:40:00	4037.276	4038.570	4036.968	4037.152	211	0	240
2026.07.28	05:41:00	4037.166	4038.693	4036.809	4038.082	179	0	240
2026.07.28	05:42:00	4038.244	4041.560	4037.695	4041.095	231	0	240
2026.07.28	05:43:00	4041.144	4041.607	4040.788	4040.905	87	0	240
2026.07.28	05:44:00	4040.960	4041.660	4040.519	4041.660	118	0	240
2026.07.28	05:45:00	4041.714	4043.948	4041.464	4042.395	169	0	240
2026.07.28	05:46:00	4042.698	4043.097	4039.664	4040.428	231	0	240
2026.07.28	05:47:00	4040.454	4041.129	4039.757	4040.549	151	0	240
2026.07.28	05:48:00	4040.351	4041.774	4040.351	4041.612	157	0	240
2026.07.28	05:49:00	4041.552	4042.528	4041.117	4041.390	139	0	240
2026.07.28	05:50:00	4041.521	4042.426	4040.832	4042.132	149	0	240
2026.07.28	05:51:00	4041.999	4043.166	4041.683	4041.984	143	0	240
2026.07.28	05:52:00	4042.004	4042.650	4041.623	4042.240	107	0	240
2026.07.28	05:53:00	4042.199	4043.404	4042.032	4042.882	136	0	240
2026.07.28	05:54:00	4042.936	4044.183	4042.867	4043.914	115	0	240
2026.07.28	05:55:00	4043.935	4044.658	4043.794	4043.992	112	0	240
2026.07.28	05:56:00	4044.048	4044.310	4043.638	4043.795	127	0	240
2026.07.28	05:57:00	4043.844	4045.334	4043.844	4045.033	121	0	240
2026.07.28	05:58:00	4045.091	4046.615	4044.819	4045.936	111	0	240
2026.07.28	05:59:00	4045.931	4046.281	4045.062	4045.363	107	0	240
2026.07.28	06:00:00	4045.162	4047.153	4044.624	4046.204	282	0	240
2026.07.28	06:01:00	4046.522	4046.575	4045.285	4046.524	230	0	240
2026.07.28	06:02:00	4046.468	4046.900	4045.499	4046.310	189	0	240
2026.07.28	06:03:00	4046.610	4046.773	4045.711	4046.534	178	0	240
2026.07.28	06:04:00	4046.545	4047.881	4046.024	4046.255	167	0	240
2026.07.28	06:05:00	4046.065	4046.607	4045.455	4046.101	160	0	240
2026.07.28	06:06:00	4046.152	4046.696	4043.981	4045.290	194	0	240
2026.07.28	06:07:00	4045.360	4045.980	4044.569	4044.832	202	0	240
2026.07.28	06:08:00	4044.657	4045.500	4043.990	4045.210	178	0	240
2026.07.28	06:09:00	4045.182	4045.537	4043.927	4044.506	153	0	240
2026.07.28	06:10:00	4044.555	4044.918	4042.781	4043.655	180	0	240
2026.07.28	06:11:00	4043.703	4045.012	4043.564	4044.611	188	0	240
2026.07.28	06:12:00	4044.633	4045.128	4044.311	4044.693	129	0	240
2026.07.28	06:13:00	4044.743	4045.864	4044.543	4044.757	203	0	240
2026.07.28	06:14:00	4044.838	4044.980	4043.515	4044.113	174	0	240
2026.07.28	06:15:00	4044.339	4046.882	4043.845	4046.637	183	0	240
2026.07.28	06:16:00	4046.694	4047.123	4045.736	4046.044	137	0	240
2026.07.28	06:17:00	4046.105	4046.339	4045.095	4045.494	136	0	240
2026.07.28	06:18:00	4045.494	4045.494	4044.262	4044.371	199	0	240
2026.07.28	06:19:00	4044.067	4045.688	4044.067	4045.481	129	0	240
2026.07.28	06:20:00	4045.461	4047.145	4045.359	4046.353	164	0	240
2026.07.28	06:21:00	4046.515	4047.396	4046.253	4046.397	168	0	240
2026.07.28	06:22:00	4046.322	4047.004	4045.951	4046.377	145	0	240
2026.07.28	06:23:00	4046.587	4046.845	4045.031	4045.163	173	0	240
2026.07.28	06:24:00	4045.203	4045.670	4044.025	4045.386	182	0	240
2026.07.28	06:25:00	4045.447	4046.186	4044.886	4045.536	190	0	240
2026.07.28	06:26:00	4045.334	4047.553	4045.119	4046.544	165	0	240
2026.07.28	06:27:00	4046.564	4046.946	4046.290	4046.753	133	0	240
2026.07.28	06:28:00	4046.865	4048.931	4046.530	4047.846	237	0	240
2026.07.28	06:29:00	4047.895	4048.220	4046.886	4047.511	131	0	240
2026.07.28	06:30:00	4047.552	4048.623	4046.920	4048.455	185	0	240
2026.07.28	06:31:00	4048.401	4049.305	4047.543	4049.008	143	0	240
2026.07.28	06:32:00	4049.061	4049.788	4048.670	4049.026	132	0	240
2026.07.28	06:33:00	4049.075	4049.504	4048.177	4048.866	194	0	240
2026.07.28	06:34:00	4048.863	4049.682	4048.643	4049.228	122	0	240
2026.07.28	06:35:00	4049.484	4049.484	4048.243	4048.813	175	0	240
2026.07.28	06:36:00	4048.760	4049.727	4048.124	4049.727	150	0	240
2026.07.28	06:37:00	4049.672	4050.057	4048.274	4048.559	165	0	240
2026.07.28	06:38:00	4048.548	4049.479	4048.167	4048.961	131	0	240
2026.07.28	06:39:00	4049.013	4050.554	4049.013	4049.862	116	0	240
2026.07.28	06:40:00	4049.799	4052.115	4049.799	4050.793	195	0	240
2026.07.28	06:41:00	4050.723	4051.398	4050.240	4050.749	189	0	240
2026.07.28	06:42:00	4050.740	4051.274	4050.248	4051.122	172	0	240
2026.07.28	06:43:00	4051.147	4052.374	4050.521	4050.825	153	0	240
2026.07.28	06:44:00	4050.521	4050.931	4049.802	4049.858	153	0	240
2026.07.28	06:45:00	4049.655	4049.893	4048.280	4048.724	191	0	240
2026.07.28	06:46:00	4048.968	4049.093	4048.119	4048.475	167	0	240
2026.07.28	06:47:00	4048.421	4049.056	4047.802	4048.002	162	0	240
2026.07.28	06:48:00	4048.300	4049.189	4047.953	4048.918	131	0	240
2026.07.28	06:49:00	4049.003	4050.331	4049.003	4049.747	185	0	240
2026.07.28	06:50:00	4049.939	4050.895	4049.407	4050.166	183	0	240
2026.07.28	06:51:00	4050.109	4050.173	4049.091	4049.571	152	0	240
2026.07.28	06:52:00	4049.694	4050.131	4049.475	4049.877	175	0	240
2026.07.28	06:53:00	4049.828	4050.899	4049.643	4050.495	147	0	240
2026.07.28	06:54:00	4050.695	4051.423	4050.357	4051.171	145	0	240
2026.07.28	06:55:00	4051.121	4051.546	4050.133	4050.468	180	0	240
2026.07.28	06:56:00	4050.357	4050.358	4049.204	4049.206	135	0	240
2026.07.28	06:57:00	4049.000	4049.653	4048.217	4048.411	172	0	240
2026.07.28	06:58:00	4048.463	4048.984	4048.227	4048.383	124	0	240
2026.07.28	06:59:00	4048.335	4048.587	4048.032	4048.237	102	0	240
2026.07.28	07:00:00	4048.438	4049.074	4047.354	4048.547	302	0	240
2026.07.28	07:01:00	4048.497	4050.308	4048.107	4049.165	215	0	240
2026.07.28	07:02:00	4049.064	4050.147	4048.859	4049.527	155	0	240
2026.07.28	07:03:00	4049.823	4050.007	4048.043	4048.564	124	0	240
2026.07.28	07:04:00	4048.615	4048.940	4047.826	4048.218	119	0	240
2026.07.28	07:05:00	4048.288	4048.463	4047.374	4048.463	114	0	240
2026.07.28	07:06:00	4048.222	4048.652	4047.508	4048.145	137	0	240
2026.07.28	07:07:00	4048.153	4049.255	4047.944	4048.871	123	0	240
2026.07.28	07:08:00	4048.760	4049.639	4048.303	4049.536	119	0	240
2026.07.28	07:09:00	4049.481	4050.370	4048.738	4050.045	124	0	240
2026.07.28	07:10:00	4049.847	4050.858	4049.799	4050.366	121	0	240
2026.07.28	07:11:00	4050.156	4050.903	4049.726	4050.903	144	0	240
2026.07.28	07:12:00	4050.810	4051.291	4049.685	4049.861	122	0	240
2026.07.28	07:13:00	4049.925	4050.066	4048.843	4049.226	122	0	240
2026.07.28	07:14:00	4049.289	4049.665	4048.688	4048.892	123	0	240
2026.07.28	07:15:00	4048.919	4049.751	4048.648	4049.188	118	0	240
2026.07.28	07:16:00	4049.139	4050.555	4048.981	4050.301	105	0	240
2026.07.28	07:17:00	4050.358	4050.472	4049.666	4050.467	92	0	240
2026.07.28	07:18:00	4050.532	4051.964	4050.335	4051.468	180	0	240
2026.07.28	07:19:00	4051.572	4051.822	4050.783	4050.783	108	0	240
2026.07.28	07:20:00	4051.053	4052.363	4050.805	4051.254	154	0	240
2026.07.28	07:21:00	4051.291	4052.315	4051.028	4051.354	123	0	240
2026.07.28	07:22:00	4051.296	4051.881	4051.071	4051.737	95	0	240
2026.07.28	07:23:00	4051.747	4051.784	4051.069	4051.248	78	0	240
2026.07.28	07:24:00	4051.021	4051.175	4049.401	4050.481	128	0	240
2026.07.28	07:25:00	4050.782	4051.282	4049.316	4051.245	144	0	240
2026.07.28	07:26:00	4051.302	4052.050	4051.099	4051.192	114	0	240
2026.07.28	07:27:00	4051.242	4052.019	4050.956	4051.190	123	0	240
2026.07.28	07:28:00	4051.242	4051.987	4050.940	4051.139	133	0	240
2026.07.28	07:29:00	4051.153	4051.318	4050.193	4050.193	113	0	240
2026.07.28	07:30:00	4050.021	4050.594	4049.711	4050.094	143	0	240
2026.07.28	07:31:00	4050.100	4050.659	4049.799	4050.585	133	0	240
2026.07.28	07:32:00	4050.636	4051.171	4049.420	4050.157	147	0	240
2026.07.28	07:33:00	4050.213	4050.256	4049.170	4049.697	140	0	240
2026.07.28	07:34:00	4049.691	4049.879	4048.635	4048.954	124	0	240
2026.07.28	07:35:00	4048.817	4049.784	4048.817	4049.559	102	0	240
2026.07.28	07:36:00	4049.311	4050.200	4048.948	4050.200	135	0	240
2026.07.28	07:37:00	4050.502	4050.605	4048.202	4049.579	188	0	240
2026.07.28	07:38:00	4049.584	4050.685	4049.412	4049.572	163	0	240
2026.07.28	07:39:00	4049.621	4050.630	4049.571	4050.553	90	0	240
2026.07.28	07:40:00	4050.439	4050.659	4048.749	4049.546	150	0	240
2026.07.28	07:41:00	4049.576	4050.794	4049.353	4049.376	138	0	240
2026.07.28	07:42:00	4049.272	4050.239	4049.272	4049.842	107	0	240
2026.07.28	07:43:00	4049.836	4050.068	4049.253	4049.896	110	0	240
2026.07.28	07:44:00	4049.735	4049.769	4048.753	4049.412	128	0	240
2026.07.28	07:45:00	4049.210	4049.631	4047.879	4048.247	152	0	240
2026.07.28	07:46:00	4048.281	4048.750	4046.977	4048.094	175	0	240
2026.07.28	07:47:00	4048.145	4048.507	4047.635	4047.741	115	0	240
2026.07.28	07:48:00	4047.788	4048.485	4047.345	4047.345	118	0	240
2026.07.28	07:49:00	4047.525	4048.164	4046.850	4048.070	117	0	240
2026.07.28	07:50:00	4048.007	4049.753	4047.439	4048.813	199	0	240
2026.07.28	07:51:00	4048.972	4049.856	4047.955	4048.106	242	0	240
2026.07.28	07:52:00	4048.356	4049.558	4047.436	4049.124	184	0	240
2026.07.28	07:53:00	4049.177	4049.444	4048.022	4048.662	113	0	240
2026.07.28	07:54:00	4048.583	4049.334	4048.562	4048.735	122	0	240
2026.07.28	07:55:00	4049.035	4049.407	4048.442	4048.680	114	0	240
2026.07.28	07:56:00	4048.875	4049.171	4047.912	4048.344	145	0	240
2026.07.28	07:57:00	4048.295	4048.742	4047.786	4047.916	87	0	240
2026.07.28	07:58:00	4047.930	4047.930	4046.230	4046.713	187	0	240
2026.07.28	07:59:00	4046.696	4047.627	4046.464	4047.404	123	0	240
2026.07.28	08:00:00	4047.473	4048.643	4046.224	4048.066	291	0	240
2026.07.28	08:01:00	4048.268	4049.505	4047.810	4049.451	220	0	240
2026.07.28	08:02:00	4049.525	4052.917	4049.295	4052.033	256	0	240
2026.07.28	08:03:00	4051.982	4051.982	4050.287	4051.489	276	0	240
2026.07.28	08:04:00	4051.433	4051.958	4050.358	4051.302	221	0	240
2026.07.28	08:05:00	4051.056	4051.255	4049.851	4050.473	198	0	240
2026.07.28	08:06:00	4050.467	4055.264	4050.467	4054.432	273	0	240
2026.07.28	08:07:00	4054.487	4054.487	4051.695	4052.245	262	0	240
2026.07.28	08:08:00	4052.195	4052.966	4050.587	4050.645	247	0	240
2026.07.28	08:09:00	4050.699	4050.876	4048.070	4048.671	170	0	240
2026.07.28	08:10:00	4048.608	4048.900	4045.235	4045.737	277	0	240
2026.07.28	08:11:00	4045.467	4046.566	4044.030	4044.174	291	0	240
2026.07.28	08:12:00	4044.222	4045.041	4043.094	4043.969	333	0	240
2026.07.28	08:13:00	4044.059	4045.639	4043.777	4045.239	298	0	240
2026.07.28	08:14:00	4045.293	4045.566	4042.872	4044.281	347	0	240
2026.07.28	08:15:00	4044.230	4049.348	4044.012	4049.348	417	0	240
2026.07.28	08:16:00	4049.148	4049.317	4047.447	4047.694	444	0	240
2026.07.28	08:17:00	4047.518	4048.709	4047.257	4047.568	407	0	240
2026.07.28	08:18:00	4047.414	4049.116	4047.189	4048.487	338	0	240
2026.07.28	08:19:00	4048.433	4050.349	4048.199	4048.516	258	0	240
2026.07.28	08:20:00	4048.391	4048.646	4047.532	4048.613	213	0	240
2026.07.28	08:21:00	4048.626	4049.845	4048.039	4049.791	214	0	240
2026.07.28	08:22:00	4049.741	4049.838	4048.409	4048.554	196	0	240
2026.07.28	08:23:00	4048.503	4051.122	4047.969	4050.643	224	0	240
2026.07.28	08:24:00	4050.529	4051.146	4049.999	4051.146	184	0	240
2026.07.28	08:25:00	4050.889	4050.889	4049.127	4049.127	201	0	240
2026.07.28	08:26:00	4049.272	4050.153	4048.671	4049.376	175	0	240
2026.07.28	08:27:00	4049.373	4049.792	4048.832	4049.494	138	0	240
2026.07.28	08:28:00	4049.397	4049.903	4048.446	4049.019	147	0	240
2026.07.28	08:29:00	4048.892	4049.771	4048.561	4049.446	224	0	240
2026.07.28	08:30:00	4049.495	4049.827	4046.622	4046.837	300	0	240
2026.07.28	08:31:00	4047.016	4048.011	4046.447	4047.269	264	0	240
2026.07.28	08:32:00	4047.318	4047.602	4045.536	4045.734	281	0	240
2026.07.28	08:33:00	4045.737	4046.072	4044.519	4044.992	226	0	240
2026.07.28	08:34:00	4044.940	4046.217	4044.672	4045.792	232	0	240
2026.07.28	08:35:00	4045.735	4046.161	4045.306	4045.773	275	0	240
2026.07.28	08:36:00	4045.718	4045.718	4044.410	4044.897	160	0	240
2026.07.28	08:37:00	4044.889	4046.224	4044.636	4045.537	200	0	240
2026.07.28	08:38:00	4045.473	4046.392	4045.253	4046.196	204	0	240
2026.07.28	08:39:00	4046.146	4046.146	4042.331	4043.114	222	0	240
2026.07.28	08:40:00	4043.063	4044.886	4042.616	4043.607	178	0	240
2026.07.28	08:41:00	4043.694	4044.669	4043.634	4043.969	155	0	240
2026.07.28	08:42:00	4044.042	4044.180	4041.758	4042.978	210	0	240
2026.07.28	08:43:00	4043.009	4043.304	4042.430	4042.798	195	0	240
2026.07.28	08:44:00	4042.858	4044.937	4042.858	4043.202	208	0	240
2026.07.28	08:45:00	4043.252	4043.929	4042.967	4043.834	177	0	240
2026.07.28	08:46:00	4043.875	4044.526	4043.408	4044.346	150	0	240
2026.07.28	08:47:00	4044.297	4044.542	4043.337	4043.829	170	0	240
2026.07.28	08:48:00	4043.889	4044.818	4043.593	4044.084	145	0	240
2026.07.28	08:49:00	4044.193	4046.142	4044.193	4045.742	143	0	240
2026.07.28	08:50:00	4045.690	4045.815	4044.187	4045.345	226	0	240
2026.07.28	08:51:00	4045.582	4045.582	4043.723	4043.999	229	0	240
2026.07.28	08:52:00	4044.114	4044.486	4043.298	4043.373	238	0	240
2026.07.28	08:53:00	4043.364	4043.441	4042.199	4043.183	185	0	240
2026.07.28	08:54:00	4043.204	4043.286	4041.779	4042.382	174	0	240
2026.07.28	08:55:00	4042.432	4043.341	4041.895	4042.785	145	0	240
2026.07.28	08:56:00	4042.892	4043.523	4042.611	4042.939	111	0	240
2026.07.28	08:57:00	4042.993	4043.352	4042.565	4042.982	88	0	240
2026.07.28	08:58:00	4042.699	4044.094	4042.699	4044.020	108	0	240
2026.07.28	08:59:00	4043.994	4045.546	4043.605	4045.354	115	0	240
2026.07.28	09:00:00	4045.301	4046.046	4044.573	4045.650	221	0	240
2026.07.28	09:01:00	4045.601	4045.996	4044.932	4045.544	126	0	240
2026.07.28	09:02:00	4045.292	4045.706	4044.272	4044.735	141	0	240
2026.07.28	09:03:00	4044.483	4044.895	4043.408	4043.873	159	0	240
2026.07.28	09:04:00	4043.571	4044.172	4042.844	4042.844	123	0	240
2026.07.28	09:05:00	4043.011	4043.487	4041.891	4042.406	151	0	240
2026.07.28	09:06:00	4042.406	4042.696	4042.007	4042.239	136	0	240
2026.07.28	09:07:00	4042.299	4042.838	4041.423	4042.524	161	0	240
2026.07.28	09:08:00	4042.629	4042.838	4041.422	4041.588	131	0	240
2026.07.28	09:09:00	4041.535	4042.918	4041.253	4042.550	120	0	240
2026.07.28	09:10:00	4042.700	4042.790	4041.946	4042.375	132	0	240
2026.07.28	09:11:00	4042.613	4042.701	4042.188	4042.335	74	0	240
2026.07.28	09:12:00	4042.446	4043.236	4042.211	4042.765	116	0	240
2026.07.28	09:13:00	4042.756	4043.217	4041.640	4041.970	151	0	240
2026.07.28	09:14:00	4042.012	4042.012	4040.550	4041.017	131	0	240
2026.07.28	09:15:00	4041.070	4043.242	4040.927	4042.002	229	0	240
2026.07.28	09:16:00	4042.085	4042.309	4041.496	4042.053	153	0	240
2026.07.28	09:17:00	4041.775	4043.849	4041.664	4042.772	200	0	240
2026.07.28	09:18:00	4042.812	4043.384	4042.555	4042.781	97	0	240
2026.07.28	09:19:00	4042.784	4043.385	4042.347	4043.356	159	0	240
2026.07.28	09:20:00	4043.373	4044.185	4043.294	4043.658	82	0	240
2026.07.28	09:21:00	4043.420	4043.686	4042.738	4042.968	68	0	240
2026.07.28	09:22:00	4042.710	4043.304	4042.516	4042.833	106	0	240
2026.07.28	09:23:00	4042.721	4043.314	4042.311	4042.955	101	0	240
2026.07.28	09:24:00	4042.723	4043.180	4042.468	4042.776	103	0	240
2026.07.28	09:25:00	4042.756	4043.093	4041.754	4041.956	117	0	240
2026.07.28	09:26:00	4041.935	4042.628	4041.853	4042.169	92	0	240
2026.07.28	09:27:00	4042.281	4042.541	4041.398	4041.508	119	0	240
2026.07.28	09:28:00	4041.458	4041.910	4040.099	4040.369	134	0	240
2026.07.28	09:29:00	4040.538	4040.578	4038.859	4040.480	169	0	240
2026.07.28	09:30:00	4040.492	4040.492	4037.499	4038.373	273	0	240
2026.07.28	09:31:00	4038.319	4038.601	4035.871	4037.563	250	0	240
2026.07.28	09:32:00	4037.505	4038.622	4036.916	4038.279	179	0	240
2026.07.28	09:33:00	4038.337	4038.785	4037.098	4037.824	206	0	240
2026.07.28	09:34:00	4037.733	4038.002	4036.822	4037.985	144	0	240
2026.07.28	09:35:00	4037.781	4038.361	4029.367	4032.545	480	0	240
2026.07.28	09:36:00	4032.740	4034.574	4032.345	4032.833	407	0	240
2026.07.28	09:37:00	4032.784	4034.013	4030.575	4030.685	254	0	240
2026.07.28	09:38:00	4030.733	4033.282	4030.671	4032.368	329	0	240
2026.07.28	09:39:00	4032.316	4032.749	4031.765	4032.248	191	0	240
2026.07.28	09:40:00	4032.298	4033.119	4031.932	4033.119	167	0	240
2026.07.28	09:41:00	4032.864	4033.685	4032.523	4033.285	122	0	240
2026.07.28	09:42:00	4033.247	4033.678	4032.110	4033.426	151	0	240
2026.07.28	09:43:00	4033.428	4034.196	4032.890	4033.147	143	0	240
2026.07.28	09:44:00	4033.177	4033.418	4032.185	4033.196	141	0	240
2026.07.28	09:45:00	4033.145	4034.239	4032.831	4033.085	192	0	240
2026.07.28	09:46:00	4033.273	4034.299	4032.162	4033.767	201	0	240
2026.07.28	09:47:00	4033.915	4034.215	4031.823	4031.823	206	0	240
2026.07.28	09:48:00	4031.875	4032.066	4029.725	4030.241	280	0	240
2026.07.28	09:49:00	4030.190	4031.756	4030.190	4031.130	187	0	240
2026.07.28	09:50:00	4031.047	4032.095	4029.257	4029.598	243	0	240
2026.07.28	09:51:00	4029.744	4029.894	4028.157	4029.612	220	0	240
2026.07.28	09:52:00	4029.361	4030.320	4028.884	4029.531	190	0	240
2026.07.28	09:53:00	4029.588	4030.895	4029.588	4030.150	156	0	240
2026.07.28	09:54:00	4030.101	4030.845	4029.964	4030.083	116	0	240
2026.07.28	09:55:00	4030.124	4030.124	4029.086	4029.574	146	0	240
2026.07.28	09:56:00	4029.533	4030.126	4028.656	4029.030	179	0	240
2026.07.28	09:57:00	4029.035	4029.035	4019.986	4020.811	578	0	240
2026.07.28	09:58:00	4020.922	4023.260	4019.055	4022.617	482	0	240
2026.07.28	09:59:00	4022.575	4023.699	4021.248	4023.506	285	0	240
2026.07.28	10:00:00	4023.250	4023.676	4021.858	4023.181	329	0	240
2026.07.28	10:01:00	4023.258	4023.565	4021.304	4022.885	290	0	240
2026.07.28	10:02:00	4022.943	4025.132	4022.514	4024.609	249	0	240
2026.07.28	10:03:00	4024.670	4025.159	4023.716	4023.983	187	0	240
2026.07.28	10:04:00	4023.993	4024.682	4023.106	4024.406	174	0	240
2026.07.28	10:05:00	4024.355	4025.051	4023.194	4023.799	193	0	240
2026.07.28	10:06:00	4023.932	4025.076	4023.755	4024.975	172	0	240
2026.07.28	10:07:00	4024.920	4026.904	4024.649	4026.806	200	0	240
2026.07.28	10:08:00	4026.704	4026.802	4023.192	4023.192	223	0	240
2026.07.28	10:09:00	4023.392	4024.594	4021.814	4022.002	317	0	240
2026.07.28	10:10:00	4021.943	4022.974	4021.323	4022.144	242	0	240
2026.07.28	10:11:00	4022.135	4022.611	4020.410	4021.684	242	0	240
2026.07.28	10:12:00	4021.690	4023.991	4021.389	4023.090	201	0	240
2026.07.28	10:13:00	4022.886	4023.219	4022.173	4022.856	211	0	240
2026.07.28	10:14:00	4022.905	4024.523	4022.853	4024.148	156	0	240
2026.07.28	10:15:00	4024.276	4024.589	4023.226	4024.278	165	0	240
2026.07.28	10:16:00	4024.223	4025.867	4023.716	4024.759	198	0	240
2026.07.28	10:17:00	4024.644	4025.869	4024.562	4025.059	160	0	240
2026.07.28	10:18:00	4025.085	4025.310	4023.655	4024.138	187	0	240
2026.07.28	10:19:00	4024.088	4024.220	4021.504	4021.994	232	0	240
2026.07.28	10:20:00	4021.944	4023.067	4019.998	4020.785	265	0	240
2026.07.28	10:21:00	4020.730	4020.891	4018.814	4020.439	228	0	240
2026.07.28	10:22:00	4020.476	4020.632	4018.917	4019.221	231	0	240
2026.07.28	10:23:00	4019.375	4020.406	4017.515	4018.740	338	0	240
2026.07.28	10:24:00	4018.591	4020.273	4018.591	4019.542	243	0	240
2026.07.28	10:25:00	4019.599	4019.826	4017.669	4018.787	193	0	240
2026.07.28	10:26:00	4018.755	4019.154	4016.777	4017.621	211	0	240
2026.07.28	10:27:00	4017.731	4019.025	4017.566	4018.903	135	0	240
2026.07.28	10:28:00	4018.970	4020.414	4017.541	4017.793	191	0	240
2026.07.28	10:29:00	4017.737	4018.704	4017.328	4017.328	167	0	240
2026.07.28	10:30:00	4017.604	4018.242	4017.058	4017.756	178	0	240
2026.07.28	10:31:00	4017.765	4020.132	4017.459	4019.355	146	0	240
2026.07.28	10:32:00	4019.496	4023.472	4019.229	4022.924	262	0	240
2026.07.28	10:33:00	4022.872	4023.186	4022.256	4023.122	147	0	240
2026.07.28	10:34:00	4022.932	4023.319	4021.457	4022.596	173	0	240
2026.07.28	10:35:00	4022.547	4022.778	4019.714	4021.868	548	0	240
2026.07.28	10:36:00	4022.173	4022.333	4020.817	4022.030	188	0	240
2026.07.28	10:37:00	4022.057	4023.255	4021.625	4022.696	226	0	240
2026.07.28	10:38:00	4022.641	4023.164	4021.691	4022.410	181	0	240
2026.07.28	10:39:00	4022.296	4023.119	4021.752	4022.001	137	0	240
2026.07.28	10:40:00	4021.945	4022.051	4020.397	4021.010	184	0	240
2026.07.28	10:41:00	4021.009	4021.455	4020.684	4021.171	150	0	240
2026.07.28	10:42:00	4021.112	4022.794	4020.820	4022.612	201	0	240
2026.07.28	10:43:00	4022.758	4022.758	4021.560	4022.038	161	0	240
2026.07.28	10:44:00	4022.285	4022.569	4022.037	4022.316	65	0	240
2026.07.28	10:45:00	4022.317	4023.054	4021.950	4022.828	153	0	240
2026.07.28	10:46:00	4022.852	4026.025	4022.461	4024.880	238	0	240
2026.07.28	10:47:00	4024.823	4025.097	4024.348	4024.863	202	0	240
2026.07.28	10:48:00	4024.870	4026.164	4023.823	4025.968	268	0	240
2026.07.28	10:49:00	4025.859	4025.902	4023.898	4024.162	172	0	240
2026.07.28	10:50:00	4024.107	4024.598	4023.541	4024.259	190	0	240
2026.07.28	10:51:00	4024.019	4025.155	4023.925	4024.699	137	0	240
2026.07.28	10:52:00	4024.819	4025.674	4024.356	4025.476	152	0	240
2026.07.28	10:53:00	4025.437	4027.757	4025.115	4027.572	153	0	240
2026.07.28	10:54:00	4027.574	4028.395	4027.448	4028.310	149	0	240
2026.07.28	10:55:00	4028.214	4028.396	4027.430	4027.755	122	0	240
2026.07.28	10:56:00	4027.598	4028.272	4027.386	4028.080	130	0	240
2026.07.28	10:57:00	4028.350	4028.428	4027.129	4028.243	142	0	240
2026.07.28	10:58:00	4028.185	4028.401	4026.867	4026.867	130	0	240
2026.07.28	10:59:00	4027.061	4027.510	4025.922	4026.498	213	0	240
2026.07.28	11:00:00	4026.439	4028.867	4026.215	4027.703	358	0	240
2026.07.28	11:01:00	4027.755	4028.744	4027.155	4027.155	205	0	240
2026.07.28	11:02:00	4026.911	4027.706	4026.684	4027.451	179	0	240
2026.07.28	11:03:00	4027.439	4027.757	4025.263	4025.400	223	0	240
2026.07.28	11:04:00	4025.235	4027.043	4025.118	4026.657	244	0	240
2026.07.28	11:05:00	4026.609	4026.806	4025.500	4025.952	290	0	240
2026.07.28	11:06:00	4026.003	4026.519	4025.004	4026.414	318	0	240
2026.07.28	11:07:00	4026.601	4027.850	4025.722	4027.750	256	0	240
2026.07.28	11:08:00	4027.523	4028.733	4027.070	4028.133	212	0	240
2026.07.28	11:09:00	4028.325	4028.555	4027.145	4027.654	250	0	240
2026.07.28	11:10:00	4027.818	4027.984	4026.972	4027.682	215	0	240
2026.07.28	11:11:00	4027.631	4027.910	4026.552	4026.603	173	0	240
2026.07.28	11:12:00	4026.891	4027.199	4024.986	4025.630	209	0	240
2026.07.28	11:13:00	4025.642	4025.689	4023.956	4023.994	190	0	240
2026.07.28	11:14:00	4023.946	4024.735	4023.240	4023.989	156	0	240
2026.07.28	11:15:00	4023.936	4030.293	4023.882	4029.169	753	0	240
2026.07.28	11:16:00	4028.912	4029.119	4027.705	4028.298	206	0	240
2026.07.28	11:17:00	4028.175	4029.047	4027.718	4028.538	184	0	240
2026.07.28	11:18:00	4028.301	4032.275	4028.301	4030.815	367	0	240
2026.07.28	11:19:00	4030.826	4031.002	4030.111	4030.791	154	0	240
2026.07.28	11:20:00	4030.523	4030.651	4029.071	4029.852	223	0	240
2026.07.28	11:21:00	4029.556	4030.731	4029.312	4030.186	169	0	240
2026.07.28	11:22:00	4030.121	4030.268	4028.537	4029.618	188	0	240
2026.07.28	11:23:00	4029.638	4030.581	4029.164	4030.095	187	0	240
2026.07.28	11:24:00	4030.042	4030.673	4028.688	4028.802	167	0	240
2026.07.28	11:25:00	4028.769	4028.967	4027.759	4028.108	211	0	240
2026.07.28	11:26:00	4028.079	4029.289	4027.540	4028.474	162	0	240
2026.07.28	11:27:00	4028.424	4028.434	4026.621	4027.532	173	0	240
2026.07.28	11:28:00	4027.554	4027.666	4026.425	4027.390	176	0	240
2026.07.28	11:29:00	4027.333	4028.240	4027.198	4027.356	137	0	240
2026.07.28	11:30:00	4027.630	4028.839	4027.202	4027.875	250	0	240
2026.07.28	11:31:00	4028.099	4028.886	4027.696	4028.416	130	0	240
2026.07.28	11:32:00	4028.533	4028.916	4026.730	4026.802	152	0	240
2026.07.28	11:33:00	4026.899	4027.203	4026.350	4027.186	120	0	240
2026.07.28	11:34:00	4027.078	4027.538	4026.499	4027.168	129	0	240
2026.07.28	11:35:00	4027.168	4028.473	4027.079	4027.830	152	0	240
2026.07.28	11:36:00	4027.778	4031.637	4027.714	4029.728	291	0	240
2026.07.28	11:37:00	4029.670	4030.099	4028.559	4029.748	172	0	240
2026.07.28	11:38:00	4029.768	4030.916	4029.598	4030.374	134	0	240
2026.07.28	11:39:00	4030.318	4030.318	4029.389	4029.389	107	0	240
2026.07.28	11:40:00	4029.436	4029.834	4028.643	4029.069	140	0	240
2026.07.28	11:41:00	4029.428	4029.808	4028.401	4028.980	155	0	240
2026.07.28	11:42:00	4028.931	4029.515	4028.208	4028.454	191	0	240
2026.07.28	11:43:00	4028.386	4028.751	4026.977	4027.620	222	0	240
2026.07.28	11:44:00	4027.669	4027.755	4026.417	4027.021	195	0	240
2026.07.28	11:45:00	4027.222	4028.054	4026.647	4027.352	158	0	240
2026.07.28	11:46:00	4027.505	4027.663	4026.308	4027.024	133	0	240
2026.07.28	11:47:00	4027.073	4027.714	4025.610	4026.022	184	0	240
2026.07.28	11:48:00	4026.155	4027.804	4026.155	4027.656	157	0	240
2026.07.28	11:49:00	4027.682	4028.038	4026.018	4026.778	156	0	240
2026.07.28	11:50:00	4026.754	4027.014	4024.218	4024.793	196	0	240
2026.07.28	11:51:00	4024.817	4025.053	4024.070	4025.016	161	0	240
2026.07.28	11:52:00	4024.964	4025.252	4023.865	4024.544	162	0	240
2026.07.28	11:53:00	4024.492	4024.984	4023.989	4024.269	144	0	240
2026.07.28	11:54:00	4024.322	4025.310	4024.222	4024.343	145	0	240
2026.07.28	11:55:00	4024.293	4027.283	4024.245	4026.096	222	0	240
2026.07.28	11:56:00	4026.045	4027.025	4025.853	4026.768	132	0	240
2026.07.28	11:57:00	4026.714	4026.714	4025.294	4025.596	142	0	240
2026.07.28	11:58:00	4025.693	4027.177	4025.469	4027.095	127	0	240
2026.07.28	11:59:00	4027.037	4028.443	4026.797	4028.003	141	0	240
2026.07.28	12:00:00	4027.906	4028.609	4023.794	4024.375	378	0	240
2026.07.28	12:01:00	4024.428	4025.194	4024.047	4024.905	206	0	240
2026.07.28	12:02:00	4024.807	4025.899	4024.745	4025.591	146	0	240
2026.07.28	12:03:00	4025.530	4026.066	4024.746	4025.805	206	0	240
2026.07.28	12:04:00	4025.753	4026.688	4025.568	4026.469	167	0	240
2026.07.28	12:05:00	4026.160	4028.150	4025.339	4027.490	288	0	240
2026.07.28	12:06:00	4027.451	4028.817	4027.019	4027.189	201	0	240
2026.07.28	12:07:00	4027.272	4027.553	4026.307	4026.739	207	0	240
2026.07.28	12:08:00	4026.791	4027.360	4026.266	4026.423	204	0	240
2026.07.28	12:09:00	4026.311	4027.019	4025.847	4026.148	201	0	240
2026.07.28	12:10:00	4026.450	4026.625	4023.826	4024.184	257	0	240
2026.07.28	12:11:00	4024.149	4024.699	4022.832	4024.425	240	0	240
2026.07.28	12:12:00	4024.388	4025.838	4024.251	4025.729	153	0	240
2026.07.28	12:13:00	4025.806	4027.965	4025.385	4027.706	188	0	240
2026.07.28	12:14:00	4027.762	4028.103	4026.796	4027.759	161	0	240
2026.07.28	12:15:00	4027.810	4028.072	4026.163	4027.067	149	0	240
2026.07.28	12:16:00	4027.083	4027.555	4026.527	4026.833	134	0	240
2026.07.28	12:17:00	4026.850	4027.444	4026.571	4027.258	176	0	240
2026.07.28	12:18:00	4027.194	4027.881	4027.194	4027.645	204	0	240
2026.07.28	12:19:00	4027.523	4030.594	4026.849	4030.571	236	0	240
2026.07.28	12:20:00	4030.516	4031.420	4029.621	4030.714	275	0	240
2026.07.28	12:21:00	4030.731	4031.835	4030.565	4031.650	160	0	240
2026.07.28	12:22:00	4031.600	4031.649	4030.564	4030.850	126	0	240
2026.07.28	12:23:00	4030.854	4034.366	4030.252	4033.978	263	0	240
2026.07.28	12:24:00	4034.006	4034.131	4032.695	4033.784	186	0	240
2026.07.28	12:25:00	4033.708	4034.140	4032.596	4032.596	210	0	240
2026.07.28	12:26:00	4032.544	4032.921	4031.246	4032.538	195	0	240
2026.07.28	12:27:00	4032.468	4034.401	4032.287	4033.457	201	0	240
2026.07.28	12:28:00	4033.342	4034.995	4033.293	4033.652	188	0	240
2026.07.28	12:29:00	4033.907	4034.392	4033.595	4034.355	166	0	240
2026.07.28	12:30:00	4034.444	4035.080	4031.752	4031.981	140	0	240
2026.07.28	12:31:00	4031.750	4032.026	4027.832	4029.453	138	0	240
2026.07.28	12:32:00	4029.403	4029.793	4028.808	4028.967	98	0	240
2026.07.28	12:33:00	4028.968	4030.022	4028.149	4028.834	168	0	240
2026.07.28	12:34:00	4028.888	4028.973	4025.281	4028.520	445	0	240
2026.07.28	12:35:00	4028.393	4030.159	4027.182	4027.670	304	0	240
2026.07.28	12:36:00	4027.471	4029.546	4026.911	4028.580	349	0	240
2026.07.28	12:37:00	4028.531	4030.244	4026.491	4026.766	327	0	240
2026.07.28	12:38:00	4026.876	4029.542	4026.730	4028.999	265	0	240
2026.07.28	12:39:00	4029.053	4029.499	4027.592	4028.353	293	0	240
2026.07.28	12:40:00	4028.298	4030.845	4028.207	4030.562	397	0	240
2026.07.28	12:41:00	4030.613	4033.041	4030.400	4032.377	330	0	240
2026.07.28	12:42:00	4032.158	4033.778	4032.039	4032.789	203	0	240
2026.07.28	12:43:00	4032.777	4034.824	4032.437	4034.014	228	0	240
2026.07.28	12:44:00	4033.881	4034.246	4032.344	4033.401	196	0	240
2026.07.28	12:45:00	4033.514	4035.748	4033.249	4035.155	228	0	240
2026.07.28	12:46:00	4035.097	4036.345	4034.618	4035.531	244	0	240
2026.07.28	12:47:00	4035.605	4036.571	4034.512	4035.975	228	0	240
2026.07.28	12:48:00	4035.981	4038.100	4035.438	4035.714	269	0	240
2026.07.28	12:49:00	4035.831	4036.174	4034.046	4034.638	210	0	240
2026.07.28	12:50:00	4034.578	4034.865	4033.294	4033.670	232	0	240
2026.07.28	12:51:00	4033.719	4034.314	4033.201	4033.955	260	0	240
2026.07.28	12:52:00	4033.899	4034.835	4033.253	4033.297	266	0	240
2026.07.28	12:53:00	4033.249	4033.249	4031.365	4031.695	189	0	240
2026.07.28	12:54:00	4031.430	4033.020	4031.430	4031.902	190	0	240
2026.07.28	12:55:00	4032.209	4032.912	4031.709	4032.912	252	0	240
2026.07.28	12:56:00	4032.858	4032.858	4030.772	4030.772	206	0	240
2026.07.28	12:57:00	4030.982	4031.724	4029.390	4029.432	181	0	240
2026.07.28	12:58:00	4029.424	4029.846	4028.638	4028.964	135	0	240
2026.07.28	12:59:00	4028.913	4030.211	4028.250	4029.483	157	0	240
2026.07.28	13:00:00	4029.454	4033.058	4029.367	4031.986	508	0	240
2026.07.28	13:01:00	4031.934	4032.503	4030.825	4031.670	295	0	240
2026.07.28	13:02:00	4031.621	4033.664	4030.808	4032.770	482	0	240
2026.07.28	13:03:00	4032.701	4034.368	4032.384	4033.101	417	0	240
2026.07.28	13:04:00	4033.066	4034.059	4032.530	4032.990	358	0	240
2026.07.28	13:05:00	4032.772	4032.906	4030.894	4031.513	290	0	240
2026.07.28	13:06:00	4031.456	4033.785	4031.110	4033.134	275	0	240
2026.07.28	13:07:00	4032.972	4035.572	4032.954	4033.998	331	0	240
2026.07.28	13:08:00	4034.188	4034.661	4032.763	4033.608	280	0	240
2026.07.28	13:09:00	4033.534	4033.784	4032.387	4032.693	187	0	240
2026.07.28	13:10:00	4032.802	4033.870	4031.894	4033.183	274	0	240
2026.07.28	13:11:00	4033.440	4033.940	4033.008	4033.259	174	0	240
2026.07.28	13:12:00	4033.258	4033.678	4031.909	4032.710	231	0	240
2026.07.28	13:13:00	4032.764	4033.866	4032.543	4032.899	205	0	240
2026.07.28	13:14:00	4032.850	4033.160	4032.214	4032.722	203	0	240
2026.07.28	13:15:00	4032.772	4033.152	4030.168	4030.903	235	0	240
2026.07.28	13:16:00	4030.957	4031.315	4029.780	4030.660	297	0	240
2026.07.28	13:17:00	4030.777	4031.987	4030.368	4030.459	244	0	240
2026.07.28	13:18:00	4030.799	4031.589	4029.993	4031.233	255	0	240
2026.07.28	13:19:00	4031.190	4031.369	4029.567	4030.908	218	0	240
2026.07.28	13:20:00	4030.856	4033.903	4030.356	4033.494	353	0	240
2026.07.28	13:21:00	4033.376	4034.806	4032.750	4034.555	263	0	240
2026.07.28	13:22:00	4034.608	4035.910	4034.201	4034.640	196	0	240
2026.07.28	13:23:00	4034.628	4034.796	4033.146	4033.904	219	0	240
2026.07.28	13:24:00	4033.855	4034.576	4033.076	4034.277	158	0	240
2026.07.28	13:25:00	4034.397	4036.177	4034.154	4034.749	285	0	240
2026.07.28	13:26:00	4034.447	4034.679	4032.441	4032.777	164	0	240
2026.07.28	13:27:00	4032.724	4032.931	4030.644	4031.350	223	0	240
2026.07.28	13:28:00	4031.297	4031.507	4030.136	4030.739	227	0	240
2026.07.28	13:29:00	4030.690	4030.799	4028.308	4029.095	248	0	240
2026.07.28	13:30:00	4028.792	4032.985	4028.447	4030.509	672	0	240
2026.07.28	13:31:00	4030.446	4031.020	4027.143	4029.930	594	0	240
2026.07.28	13:32:00	4029.898	4030.617	4028.112	4029.783	440	0	240
2026.07.28	13:33:00	4029.731	4030.528	4028.394	4030.189	521	0	240
2026.07.28	13:34:00	4030.260	4032.042	4029.489	4030.977	409	0	240
2026.07.28	13:35:00	4031.029	4032.713	4030.074	4030.123	563	0	240
2026.07.28	13:36:00	4030.052	4030.200	4025.223	4026.474	669	0	240
2026.07.28	13:37:00	4026.541	4026.593	4023.198	4024.902	520	0	240
2026.07.28	13:38:00	4024.852	4024.852	4022.364	4022.916	481	0	240
2026.07.28	13:39:00	4022.782	4023.392	4021.695	4022.023	325	0	240
2026.07.28	13:40:00	4022.135	4023.759	4021.238	4022.307	522	0	240
2026.07.28	13:41:00	4022.248	4023.381	4020.094	4022.845	484	0	240
2026.07.28	13:42:00	4022.905	4024.342	4021.669	4022.362	461	0	240
2026.07.28	13:43:00	4022.474	4022.686	4020.827	4021.939	368	0	240
2026.07.28	13:44:00	4021.953	4025.347	4021.361	4025.142	327	0	240
2026.07.28	13:45:00	4025.030	4025.674	4022.969	4023.822	421	0	240
2026.07.28	13:46:00	4023.786	4025.184	4022.914	4024.447	380	0	240
2026.07.28	13:47:00	4024.143	4024.388	4022.299	4022.907	389	0	240
2026.07.28	13:48:00	4022.855	4025.321	4021.865	4025.248	445	0	240
2026.07.28	13:49:00	4025.302	4026.795	4024.013	4025.028	458	0	240
2026.07.28	13:50:00	4025.077	4026.848	4024.361	4024.849	396	0	240
2026.07.28	13:51:00	4024.855	4026.581	4024.450	4025.358	467	0	240
2026.07.28	13:52:00	4025.149	4028.953	4024.358	4027.744	518	0	240
2026.07.28	13:53:00	4027.718	4027.718	4025.581	4026.809	418	0	240
2026.07.28	13:54:00	4026.758	4028.150	4026.686	4026.963	377	0	240
2026.07.28	13:55:00	4026.930	4027.355	4023.339	4024.461	383	0	240
2026.07.28	13:56:00	4024.355	4024.994	4023.223	4024.646	368	0	240
2026.07.28	13:57:00	4024.728	4025.004	4022.347	4022.870	340	0	240
2026.07.28	13:58:00	4022.766	4022.865	4021.996	4022.613	200	0	240
2026.07.28	13:59:00	4022.723	4022.943	4021.517	4022.374	234	0	240
2026.07.28	14:00:00	4022.372	4026.693	4021.815	4025.816	257	0	240
2026.07.28	14:01:00	4025.827	4027.229	4024.469	4025.192	206	0	240
2026.07.28	14:02:00	4025.069	4025.876	4024.038	4024.226	189	0	240
2026.07.28	14:03:00	4024.275	4026.376	4023.630	4025.341	405	0	240
2026.07.28	14:04:00	4025.119	4026.844	4024.872	4026.132	372	0	240
2026.07.28	14:05:00	4026.191	4031.285	4025.788	4029.449	458	0	240
2026.07.28	14:06:00	4029.498	4031.019	4028.250	4030.859	460	0	240
2026.07.28	14:07:00	4030.808	4030.808	4027.889	4028.289	370	0	240
2026.07.28	14:08:00	4028.594	4030.090	4027.167	4029.880	366	0	240
2026.07.28	14:09:00	4029.929	4030.963	4029.088	4029.586	408	0	240
2026.07.28	14:10:00	4029.784	4030.908	4028.478	4029.874	347	0	240
2026.07.28	14:11:00	4029.597	4030.855	4029.112	4030.775	267	0	240
2026.07.28	14:12:00	4030.860	4033.576	4028.327	4029.628	411	0	240
2026.07.28	14:13:00	4029.686	4029.805	4027.338	4027.938	309	0	240
2026.07.28	14:14:00	4027.986	4028.201	4025.043	4025.956	347	0	240
2026.07.28	14:15:00	4026.007	4026.660	4023.894	4025.008	477	0	240
2026.07.28	14:16:00	4025.123	4025.327	4022.299	4023.862	324	0	240
2026.07.28	14:17:00	4023.920	4024.917	4022.691	4023.055	347	0	240
2026.07.28	14:18:00	4022.983	4023.361	4021.669	4022.965	383	0	240
2026.07.28	14:19:00	4022.908	4022.915	4019.976	4019.976	354	0	240
2026.07.28	14:20:00	4020.026	4020.911	4018.514	4018.873	313	0	240
2026.07.28	14:21:00	4018.925	4019.132	4013.058	4013.853	772	0	240
2026.07.28	14:22:00	4013.746	4014.740	4012.495	4013.564	598	0	240
2026.07.28	14:23:00	4013.501	4017.628	4011.292	4017.628	449	0	240
2026.07.28	14:24:00	4017.579	4019.587	4016.518	4017.263	453	0	240
2026.07.28	14:25:00	4017.321	4019.480	4016.356	4018.200	325	0	240
2026.07.28	14:26:00	4018.504	4019.026	4017.583	4017.943	341	0	240
2026.07.28	14:27:00	4017.832	4020.468	4016.780	4019.698	357	0	240
2026.07.28	14:28:00	4019.754	4020.844	4019.271	4019.555	296	0	240
2026.07.28	14:29:00	4019.441	4022.691	4019.158	4022.184	327	0	240
2026.07.28	14:30:00	4022.134	4022.479	4020.826	4021.602	379	0	240
2026.07.28	14:31:00	4021.448	4025.146	4021.448	4024.254	297	0	240
2026.07.28	14:32:00	4024.363	4025.283	4023.445	4024.782	242	0	240
2026.07.28	14:33:00	4024.808	4024.908	4023.032	4023.738	309	0	240
2026.07.28	14:34:00	4023.689	4024.027	4020.097	4020.400	370	0	240
2026.07.28	14:35:00	4020.417	4022.100	4019.300	4022.014	414	0	240
2026.07.28	14:36:00	4021.964	4023.657	4020.340	4022.417	452	0	240
2026.07.28	14:37:00	4022.300	4022.936	4020.664	4022.025	342	0	240
2026.07.28	14:38:00	4021.958	4023.469	4020.938	4021.269	321	0	240
2026.07.28	14:39:00	4021.519	4021.590	4020.101	4020.398	266	0	240
2026.07.28	14:40:00	4020.335	4020.620	4018.743	4020.175	339	0	240
2026.07.28	14:41:00	4020.303	4022.061	4019.868	4021.895	397	0	240
2026.07.28	14:42:00	4021.846	4022.115	4020.159	4021.451	296	0	240
2026.07.28	14:43:00	4021.268	4024.022	4021.101	4023.075	336	0	240
2026.07.28	14:44:00	4023.130	4024.282	4022.461	4022.514	301	0	240
2026.07.28	14:45:00	4022.680	4023.189	4021.119	4021.990	274	0	240
2026.07.28	14:46:00	4021.791	4023.174	4021.715	4022.594	267	0	240
2026.07.28	14:47:00	4022.683	4024.945	4022.117	4024.774	245	0	240
2026.07.28	14:48:00	4024.723	4025.552	4024.012	4025.046	228	0	240
2026.07.28	14:49:00	4024.985	4028.768	4024.194	4028.050	339	0	240
2026.07.28	14:50:00	4028.252	4029.327	4027.112	4027.341	277	0	240
2026.07.28	14:51:00	4027.393	4029.077	4027.338	4027.710	256	0	240
2026.07.28	14:52:00	4027.566	4027.815	4025.871	4026.704	264	0	240
2026.07.28	14:53:00	4026.513	4028.837	4026.513	4028.008	284	0	240
2026.07.28	14:54:00	4027.943	4029.615	4026.539	4027.308	294	0	240
2026.07.28	14:55:00	4027.254	4028.435	4026.495	4026.900	254	0	240
2026.07.28	14:56:00	4026.990	4027.199	4026.120	4026.847	192	0	240
2026.07.28	14:57:00	4026.739	4026.883	4025.714	4026.051	175	0	240
2026.07.28	14:58:00	4026.254	4026.431	4025.323	4025.323	154	0	240
2026.07.28	14:59:00	4025.246	4026.042	4024.462	4024.506	153	0	240
2026.07.28	15:00:00	4024.206	4028.980	4024.206	4028.881	340	0	240
2026.07.28	15:01:00	4028.828	4030.029	4026.824	4027.393	264	0	240
2026.07.28	15:02:00	4027.614	4027.797	4025.378	4025.855	253	0	240
2026.07.28	15:03:00	4025.904	4026.249	4024.604	4025.108	253	0	240
2026.07.28	15:04:00	4025.057	4025.607	4024.327	4024.849	246	0	240
2026.07.28	15:05:00	4024.901	4024.950	4022.842	4023.805	190	0	240
2026.07.28	15:06:00	4023.852	4024.534	4022.581	4023.093	256	0	240
2026.07.28	15:07:00	4023.111	4024.102	4022.269	4024.052	244	0	240
2026.07.28	15:08:00	4024.403	4025.817	4023.717	4025.480	218	0	240
2026.07.28	15:09:00	4025.287	4027.963	4024.921	4027.963	281	0	240
2026.07.28	15:10:00	4028.046	4034.838	4027.872	4029.295	1140	0	240
2026.07.28	15:11:00	4029.465	4029.852	4027.640	4028.784	401	0	240
2026.07.28	15:12:00	4028.674	4036.483	4028.339	4033.458	845	0	240
2026.07.28	15:13:00	4033.306	4033.450	4028.847	4030.461	636	0	240
2026.07.28	15:14:00	4030.409	4034.754	4030.409	4033.553	614	0	240
2026.07.28	15:15:00	4033.617	4034.345	4031.619	4034.221	719	0	240
2026.07.28	15:16:00	4034.270	4035.598	4032.334	4033.348	630	0	240
2026.07.28	15:17:00	4033.408	4034.950	4031.606	4034.239	453	0	240
2026.07.28	15:18:00	4034.178	4035.890	4033.722	4034.196	411	0	240
2026.07.28	15:19:00	4034.253	4036.362	4033.896	4035.366	431	0	240
2026.07.28	15:20:00	4035.311	4040.925	4034.994	4039.337	674	0	240
2026.07.28	15:21:00	4039.391	4040.202	4037.866	4039.572	478	0	240
2026.07.28	15:22:00	4039.523	4039.943	4037.155	4037.675	430	0	240
2026.07.28	15:23:00	4037.621	4038.413	4035.294	4035.674	396	0	240
2026.07.28	15:24:00	4035.772	4037.057	4035.286	4035.695	308	0	240
2026.07.28	15:25:00	4035.728	4037.416	4035.241	4037.122	294	0	240
2026.07.28	15:26:00	4037.073	4040.165	4036.849	4039.061	353	0	240
2026.07.28	15:27:00	4039.110	4039.499	4038.029	4038.566	304	0	240
2026.07.28	15:28:00	4038.325	4038.498	4036.502	4037.997	289	0	240
2026.07.28	15:29:00	4038.094	4038.259	4035.029	4035.656	339	0	240
2026.07.28	15:30:00	4035.593	4036.480	4033.900	4034.162	410	0	240
2026.07.28	15:31:00	4034.363	4035.350	4034.037	4034.603	306	0	240
2026.07.28	15:32:00	4034.387	4034.957	4032.082	4033.720	310	0	240
2026.07.28	15:33:00	4033.724	4036.273	4033.575	4035.424	356	0	240
2026.07.28	15:34:00	4035.725	4036.469	4032.997	4033.456	290	0	240
2026.07.28	15:35:00	4033.567	4034.516	4032.688	4034.010	286	0	240
2026.07.28	15:36:00	4033.949	4037.504	4033.793	4037.097	276	0	240
2026.07.28	15:37:00	4037.048	4038.341	4036.414	4036.801	258	0	240
2026.07.28	15:38:00	4036.865	4038.411	4036.374	4036.374	257	0	240
2026.07.28	15:39:00	4036.484	4037.825	4035.701	4037.077	254	0	240
2026.07.28	15:40:00	4037.135	4038.298	4036.614	4037.895	212	0	240
2026.07.28	15:41:00	4037.955	4039.544	4037.663	4039.279	233	0	240
2026.07.28	15:42:00	4039.307	4039.547	4038.259	4038.818	270	0	240
2026.07.28	15:43:00	4038.614	4042.038	4038.452	4040.935	306	0	240
2026.07.28	15:44:00	4040.920	4041.926	4040.350	4041.316	222	0	240
2026.07.28	15:45:00	4041.154	4042.390	4040.937	4041.341	245	0	240
2026.07.28	15:46:00	4041.467	4044.526	4041.202	4044.041	246	0	240
2026.07.28	15:47:00	4043.931	4045.064	4042.939	4043.879	314	0	240
2026.07.28	15:48:00	4043.812	4044.094	4042.306	4043.856	225	0	240
2026.07.28	15:49:00	4043.767	4044.294	4042.638	4043.167	191	0	240
2026.07.28	15:50:00	4043.081	4044.233	4042.719	4043.151	237	0	240
2026.07.28	15:51:00	4043.083	4044.058	4041.779	4044.058	260	0	240
2026.07.28	15:52:00	4043.860	4045.132	4043.172	4044.836	207	0	240
2026.07.28	15:53:00	4044.885	4046.245	4044.386	4045.502	237	0	240
2026.07.28	15:54:00	4045.610	4047.057	4045.409	4046.074	209	0	240
2026.07.28	15:55:00	4046.123	4046.372	4044.910	4044.929	206	0	240
2026.07.28	15:56:00	4044.979	4045.993	4044.737	4045.300	228	0	240
2026.07.28	15:57:00	4045.348	4047.054	4044.939	4046.408	194	0	240
2026.07.28	15:58:00	4046.459	4047.157	4045.224	4046.111	185	0	240
2026.07.28	15:59:00	4046.061	4046.942	4045.612	4045.973	178	0	240
2026.07.28	16:00:00	4046.281	4046.658	4044.054	4045.971	303	0	240
2026.07.28	16:01:00	4046.134	4046.491	4044.797	4044.839	153	0	240
2026.07.28	16:02:00	4045.064	4045.784	4044.160	4044.371	205	0	240
2026.07.28	16:03:00	4044.421	4044.847	4043.285	4043.343	267	0	240
2026.07.28	16:04:00	4043.140	4043.696	4042.374	4042.786	165	0	240
2026.07.28	16:05:00	4042.730	4043.426	4042.561	4042.879	126	0	240
2026.07.28	16:06:00	4042.679	4044.385	4042.371	4044.033	155	0	240
2026.07.28	16:07:00	4043.984	4044.328	4043.540	4043.557	116	0	240
2026.07.28	16:08:00	4043.760	4044.035	4042.888	4044.025	136	0	240
2026.07.28	16:09:00	4043.959	4044.945	4043.093	4043.394	132	0	240
2026.07.28	16:10:00	4043.408	4044.130	4042.143	4043.913	223	0	240
2026.07.28	16:11:00	4044.030	4045.658	4044.030	4045.607	176	0	240
2026.07.28	16:12:00	4045.404	4045.887	4044.251	4044.486	160	0	240
2026.07.28	16:13:00	4044.429	4044.973	4044.111	4044.973	105	0	240
2026.07.28	16:14:00	4044.901	4045.279	4044.103	4044.757	138	0	240
2026.07.28	16:15:00	4044.708	4045.642	4043.963	4044.627	174	0	240
2026.07.28	16:16:00	4044.584	4044.685	4043.581	4044.124	140	0	240
2026.07.28	16:17:00	4044.397	4045.319	4043.538	4043.925	157	0	240
2026.07.28	16:18:00	4043.872	4044.681	4043.319	4043.773	154	0	240
2026.07.28	16:19:00	4043.829	4045.572	4043.666	4045.131	119	0	240
2026.07.28	16:20:00	4045.081	4045.179	4044.214	4044.889	163	0	240
2026.07.28	16:21:00	4044.897	4045.203	4044.471	4045.203	147	0	240
2026.07.28	16:22:00	4045.235	4045.768	4044.896	4045.245	144	0	240
2026.07.28	16:23:00	4045.209	4045.526	4043.847	4044.080	118	0	240
2026.07.28	16:24:00	4044.079	4044.565	4043.168	4043.678	157	0	240
2026.07.28	16:25:00	4043.726	4045.079	4043.639	4044.138	135	0	240
2026.07.28	16:26:00	4044.090	4044.345	4042.853	4043.182	123	0	240
2026.07.28	16:27:00	4043.186	4043.716	4042.449	4043.369	119	0	240
2026.07.28	16:28:00	4043.417	4043.695	4042.716	4042.841	115	0	240
2026.07.28	16:29:00	4042.861	4042.959	4042.116	4042.170	118	0	240
2026.07.28	16:30:00	4042.278	4042.391	4040.980	4041.563	171	0	240
2026.07.28	16:31:00	4041.625	4041.973	4041.172	4041.372	117	0	240
2026.07.28	16:32:00	4041.100	4043.998	4041.100	4043.320	183	0	240
2026.07.28	16:33:00	4043.324	4043.707	4042.963	4043.339	126	0	240
2026.07.28	16:34:00	4043.368	4043.601	4042.644	4042.858	126	0	240
2026.07.28	16:35:00	4042.938	4043.634	4042.706	4043.366	105	0	240
2026.07.28	16:36:00	4043.428	4043.867	4041.997	4042.356	136	0	240
2026.07.28	16:37:00	4042.299	4042.509	4041.261	4041.913	128	0	240
2026.07.28	16:38:00	4041.898	4042.866	4041.748	4042.714	95	0	240
2026.07.28	16:39:00	4042.650	4043.007	4041.725	4041.739	113	0	240
2026.07.28	16:40:00	4041.911	4043.485	4041.911	4042.196	133	0	240
2026.07.28	16:41:00	4042.459	4042.611	4041.096	4041.580	158	0	240
2026.07.28	16:42:00	4041.630	4041.860	4040.727	4041.688	131	0	240
2026.07.28	16:43:00	4041.326	4042.208	4041.253	4042.163	94	0	240
2026.07.28	16:44:00	4042.143	4042.143	4040.125	4040.569	177	0	240
2026.07.28	16:45:00	4040.520	4041.158	4039.472	4039.823	223	0	240
2026.07.28	16:46:00	4039.873	4040.151	4037.729	4038.253	218	0	240
2026.07.28	16:47:00	4038.204	4040.034	4037.989	4039.462	174	0	240
2026.07.28	16:48:00	4039.353	4039.623	4038.138	4038.273	178	0	240
2026.07.28	16:49:00	4038.213	4038.893	4037.701	4037.885	145	0	240
2026.07.28	16:50:00	4037.859	4038.531	4037.702	4037.702	132	0	240
2026.07.28	16:51:00	4037.638	4038.445	4037.401	4038.231	116	0	240
2026.07.28	16:52:00	4038.486	4038.486	4036.966	4037.200	134	0	240
2026.07.28	16:53:00	4037.254	4038.132	4037.076	4037.543	98	0	240
2026.07.28	16:54:00	4037.822	4038.513	4037.381	4038.275	85	0	240
2026.07.28	16:55:00	4038.461	4038.461	4037.563	4037.727	123	0	240
2026.07.28	16:56:00	4037.775	4037.886	4036.713	4036.968	94	0	240
2026.07.28	16:57:00	4036.918	4037.291	4036.474	4036.978	88	0	240
2026.07.28	16:58:00	4036.869	4037.389	4036.712	4036.943	80	0	240
2026.07.28	16:59:00	4037.004	4037.982	4036.781	4037.618	100	0	240
2026.07.28	17:00:00	4037.669	4038.722	4037.445	4038.270	123	0	240
2026.07.28	17:01:00	4037.967	4039.291	4037.935	4038.726	85	0	240
2026.07.28	17:02:00	4038.454	4039.147	4037.169	4037.642	141	0	240
2026.07.28	17:03:00	4037.761	4038.732	4037.287	4037.734	148	0	240
2026.07.28	17:04:00	4037.608	4039.866	4037.499	4039.725	126	0	240
2026.07.28	17:05:00	4039.746	4041.071	4039.349	4040.311	147	0	240
2026.07.28	17:06:00	4040.603	4040.603	4037.959	4039.404	280	0	240
2026.07.28	17:07:00	4039.518	4040.166	4039.257	4040.051	142	0	240
2026.07.28	17:08:00	4040.035	4040.108	4038.900	4039.098	152	0	240
2026.07.28	17:09:00	4039.048	4039.473	4038.283	4038.283	135	0	240
2026.07.28	17:10:00	4038.380	4038.860	4037.556	4038.675	203	0	240
2026.07.28	17:11:00	4038.847	4038.976	4037.146	4037.810	113	0	240
2026.07.28	17:12:00	4037.761	4037.954	4035.668	4036.656	165	0	240
2026.07.28	17:13:00	4036.514	4036.856	4035.928	4036.654	139	0	240
2026.07.28	17:14:00	4036.442	4037.183	4035.934	4037.130	121	0	240
2026.07.28	17:15:00	4037.078	4037.095	4035.813	4035.858	189	0	240
2026.07.28	17:16:00	4035.879	4036.283	4035.406	4036.166	101	0	240
2026.07.28	17:17:00	4036.102	4036.330	4035.730	4036.007	123	0	240
2026.07.28	17:18:00	4035.976	4037.211	4035.605	4036.361	138	0	240
2026.07.28	17:19:00	4036.367	4036.639	4035.475	4035.508	121	0	240
2026.07.28	17:20:00	4035.557	4041.639	4035.113	4040.628	455	0	240
2026.07.28	17:21:00	4040.570	4041.448	4038.021	4038.490	400	0	240
2026.07.28	17:22:00	4038.478	4038.934	4037.521	4038.464	153	0	240
2026.07.28	17:23:00	4038.160	4038.538	4036.052	4036.969	174	0	240
2026.07.28	17:24:00	4036.911	4037.159	4036.294	4036.606	144	0	240
2026.07.28	17:25:00	4036.557	4037.216	4035.749	4037.191	104	0	240
2026.07.28	17:26:00	4036.930	4038.117	4036.835	4038.117	115	0	240
2026.07.28	17:27:00	4038.172	4039.344	4037.968	4039.206	169	0	240
2026.07.28	17:28:00	4039.229	4039.339	4037.102	4037.447	138	0	240
2026.07.28	17:29:00	4037.563	4039.713	4037.110	4037.465	376	0	240
2026.07.28	17:30:00	4037.519	4037.925	4036.432	4036.658	176	0	240
2026.07.28	17:31:00	4036.651	4036.931	4034.742	4035.443	167	0	240
2026.07.28	17:32:00	4035.495	4035.634	4034.455	4034.804	166	0	240
2026.07.28	17:33:00	4034.737	4035.445	4034.532	4034.963	138	0	240
2026.07.28	17:34:00	4034.956	4035.785	4034.574	4035.063	121	0	240
2026.07.28	17:35:00	4035.055	4035.148	4033.725	4034.025	111	0	240
2026.07.28	17:36:00	4034.012	4034.012	4032.446	4032.507	124	0	240
2026.07.28	17:37:00	4032.644	4033.297	4031.938	4032.364	134	0	240
2026.07.28	17:38:00	4032.367	4033.031	4031.787	4032.234	119	0	240
2026.07.28	17:39:00	4032.290	4032.551	4031.092	4031.585	101	0	240
2026.07.28	17:40:00	4031.592	4031.639	4030.382	4030.461	139	0	240
2026.07.28	17:41:00	4030.416	4030.910	4029.804	4030.209	110	0	240
2026.07.28	17:42:00	4030.257	4030.420	4029.075	4029.720	116	0	240
2026.07.28	17:43:00	4029.651	4029.651	4027.789	4028.505	146	0	240
2026.07.28	17:44:00	4028.423	4028.677	4027.644	4028.359	145	0	240
2026.07.28	17:45:00	4028.364	4029.472	4028.041	4028.151	174	0	240
2026.07.28	17:46:00	4028.112	4028.894	4027.522	4028.187	126	0	240
2026.07.28	17:47:00	4028.246	4028.277	4025.584	4026.721	184	0	240
2026.07.28	17:48:00	4026.623	4028.739	4026.453	4028.355	171	0	240
2026.07.28	17:49:00	4028.361	4029.716	4027.982	4029.616	172	0	240
2026.07.28	17:50:00	4029.559	4029.559	4028.033	4028.283	120	0	240
2026.07.28	17:51:00	4028.275	4028.712	4027.717	4028.159	130	0	240
2026.07.28	17:52:00	4028.380	4028.598	4027.204	4027.474	127	0	240
2026.07.28	17:53:00	4027.423	4028.205	4027.147	4027.954	116	0	240
2026.07.28	17:54:00	4027.864	4028.191	4025.731	4026.617	182	0	240
2026.07.28	17:55:00	4026.564	4027.248	4025.818	4026.407	196	0	240
2026.07.28	17:56:00	4026.289	4027.814	4025.831	4027.588	152	0	240
2026.07.28	17:57:00	4027.638	4028.173	4026.970	4027.813	125	0	240
2026.07.28	17:58:00	4027.762	4028.080	4027.234	4027.971	94	0	240
2026.07.28	17:59:00	4027.919	4028.285	4027.448	4027.826	79	0	240
2026.07.28	18:00:00	4027.819	4028.706	4026.980	4028.482	139	0	240
2026.07.28	18:01:00	4028.432	4029.052	4027.614	4027.793	143	0	240
2026.07.28	18:02:00	4027.908	4028.723	4027.801	4028.422	153	0	240
2026.07.28	18:03:00	4028.173	4029.232	4027.952	4028.997	131	0	240
2026.07.28	18:04:00	4028.945	4029.708	4028.716	4029.394	124	0	240
2026.07.28	18:05:00	4029.286	4030.325	4028.891	4029.832	159	0	240
2026.07.28	18:06:00	4029.782	4030.020	4029.113	4029.430	113	0	240
2026.07.28	18:07:00	4029.428	4030.119	4029.256	4029.609	110	0	240
2026.07.28	18:08:00	4029.731	4030.358	4029.393	4029.393	116	0	240
2026.07.28	18:09:00	4029.694	4030.146	4029.231	4029.636	139	0	240
2026.07.28	18:10:00	4029.892	4030.093	4028.383	4028.396	138	0	240
2026.07.28	18:11:00	4028.638	4028.887	4027.639	4027.800	143	0	240
2026.07.28	18:12:00	4027.858	4029.050	4027.806	4028.633	101	0	240
2026.07.28	18:13:00	4028.331	4029.536	4028.121	4029.158	124	0	240
2026.07.28	18:14:00	4029.151	4029.484	4028.141	4028.341	103	0	240
2026.07.28	18:15:00	4028.343	4029.856	4027.849	4029.387	148	0	240
2026.07.28	18:16:00	4029.496	4030.122	4029.220	4029.591	157	0	240
2026.07.28	18:17:00	4029.710	4030.184	4028.425	4028.845	140	0	240
2026.07.28	18:18:00	4028.801	4029.322	4028.467	4028.582	121	0	240
2026.07.28	18:19:00	4028.939	4029.069	4028.305	4028.666	129	0	240
2026.07.28	18:20:00	4028.606	4029.002	4028.417	4028.683	123	0	240
2026.07.28	18:21:00	4028.680	4029.085	4028.015	4028.258	104	0	240
2026.07.28	18:22:00	4028.306	4028.530	4027.947	4028.157	88	0	240
2026.07.28	18:23:00	4028.149	4028.149	4026.501	4026.992	143	0	240
2026.07.28	18:24:00	4027.048	4027.196	4026.488	4026.916	110	0	240
2026.07.28	18:25:00	4026.886	4027.417	4026.568	4026.742	104	0	240
2026.07.28	18:26:00	4026.761	4027.119	4026.275	4026.477	102	0	240
2026.07.28	18:27:00	4026.435	4026.890	4025.729	4026.839	116	0	240
2026.07.28	18:28:00	4026.890	4027.117	4025.951	4026.347	160	0	240
2026.07.28	18:29:00	4026.394	4027.781	4026.169	4027.001	147	0	240
2026.07.28	18:30:00	4027.107	4027.601	4026.408	4026.638	175	0	240
2026.07.28	18:31:00	4026.589	4027.154	4024.873	4025.138	156	0	240
2026.07.28	18:32:00	4025.186	4025.743	4024.718	4024.829	140	0	240
2026.07.28	18:33:00	4025.033	4025.639	4023.816	4024.565	130	0	240
2026.07.28	18:34:00	4024.504	4024.978	4024.082	4024.557	102	0	240
2026.07.28	18:35:00	4024.251	4024.572	4023.358	4024.570	153	0	240
2026.07.28	18:36:00	4024.592	4024.804	4023.529	4023.846	134	0	240
2026.07.28	18:37:00	4023.737	4024.393	4023.533	4024.270	128	0	240
2026.07.28	18:38:00	4024.027	4024.823	4023.741	4024.145	121	0	240
2026.07.28	18:39:00	4024.138	4024.245	4023.102	4023.891	104	0	240
2026.07.28	18:40:00	4023.885	4024.508	4023.374	4023.423	122	0	240
2026.07.28	18:41:00	4023.445	4024.405	4023.320	4023.745	120	0	240
2026.07.28	18:42:00	4023.686	4025.036	4023.170	4024.516	117	0	240
2026.07.28	18:43:00	4024.621	4024.887	4024.218	4024.790	115	0	240
2026.07.28	18:44:00	4024.740	4024.939	4023.870	4024.340	151	0	240
2026.07.28	18:45:00	4024.365	4025.125	4023.398	4025.125	129	0	240
2026.07.28	18:46:00	4024.885	4025.861	4024.719	4025.600	114	0	240
2026.07.28	18:47:00	4025.546	4025.938	4024.205	4024.514	127	0	240
2026.07.28	18:48:00	4024.317	4024.839	4023.831	4023.879	148	0	240
2026.07.28	18:49:00	4023.825	4024.425	4023.353	4023.953	130	0	240
2026.07.28	18:50:00	4024.041	4024.392	4023.677	4024.237	113	0	240
2026.07.28	18:51:00	4024.188	4024.492	4023.637	4023.911	96	0	240
2026.07.28	18:52:00	4023.863	4024.470	4023.356	4023.764	134	0	240
2026.07.28	18:53:00	4023.997	4024.418	4023.270	4023.305	130	0	240
2026.07.28	18:54:00	4023.290	4023.614	4022.248	4022.937	123	0	240
2026.07.28	18:55:00	4022.886	4022.939	4021.583	4022.231	120	0	240
2026.07.28	18:56:00	4022.235	4022.852	4021.739	4022.709	119	0	240
2026.07.28	18:57:00	4022.760	4023.300	4022.418	4023.148	102	0	240
2026.07.28	18:58:00	4023.043	4023.043	4022.291	4022.640	103	0	240
2026.07.28	18:59:00	4022.688	4023.169	4022.256	4023.139	87	0	240
2026.07.28	19:00:00	4022.831	4023.407	4022.551	4022.695	134	0	240
2026.07.28	19:01:00	4022.816	4023.143	4022.283	4022.713	104	0	240
2026.07.28	19:02:00	4022.698	4023.354	4022.406	4023.354	115	0	240
2026.07.28	19:03:00	4023.286	4024.719	4023.286	4024.719	110	0	240
2026.07.28	19:04:00	4024.565	4024.894	4024.086	4024.474	145	0	240
2026.07.28	19:05:00	4024.445	4025.188	4023.592	4025.050	137	0	240
2026.07.28	19:06:00	4025.101	4025.694	4024.821	4025.245	148	0	240
2026.07.28	19:07:00	4025.135	4025.449	4024.149	4024.199	99	0	240
2026.07.28	19:08:00	4024.468	4025.563	4024.148	4025.365	123	0	240
2026.07.28	19:09:00	4025.299	4025.467	4024.585	4024.813	91	0	240
2026.07.28	19:10:00	4024.809	4024.838	4023.878	4024.265	105	0	240
2026.07.28	19:11:00	4023.913	4024.568	4023.533	4024.568	92	0	240
2026.07.28	19:12:00	4024.285	4024.532	4023.736	4023.736	82	0	240
2026.07.28	19:13:00	4023.954	4024.814	4023.746	4024.814	85	0	240
2026.07.28	19:14:00	4024.803	4024.816	4023.807	4023.966	87	0	240
2026.07.28	19:15:00	4024.109	4024.663	4023.874	4024.657	100	0	240
2026.07.28	19:16:00	4024.549	4024.971	4024.052	4024.814	116	0	240
2026.07.28	19:17:00	4024.529	4025.215	4024.368	4024.817	97	0	240
2026.07.28	19:18:00	4024.810	4024.997	4023.947	4024.218	82	0	240
2026.07.28	19:19:00	4024.219	4024.301	4023.780	4024.026	71	0	240
2026.07.28	19:20:00	4023.976	4024.280	4023.365	4023.530	93	0	240
2026.07.28	19:21:00	4023.772	4023.827	4022.935	4023.223	72	0	240
2026.07.28	19:22:00	4023.225	4023.610	4022.861	4023.349	78	0	240
2026.07.28	19:23:00	4023.371	4023.554	4022.629	4023.045	72	0	240
2026.07.28	19:24:00	4023.040	4023.390	4022.778	4023.064	77	0	240
2026.07.28	19:25:00	4023.184	4023.506	4022.908	4023.320	100	0	240
2026.07.28	19:26:00	4023.286	4023.404	4021.779	4022.192	99	0	240
2026.07.28	19:27:00	4022.434	4022.624	4021.854	4022.571	83	0	240
2026.07.28	19:28:00	4022.361	4023.764	4022.228	4023.525	86	0	240
2026.07.28	19:29:00	4023.527	4023.556	4022.858	4023.164	84	0	240
2026.07.28	19:30:00	4023.484	4025.759	4022.845	4025.503	175	0	240
2026.07.28	19:31:00	4025.505	4026.200	4025.183	4025.841	100	0	240
2026.07.28	19:32:00	4025.861	4025.970	4025.251	4025.416	86	0	240
2026.07.28	19:33:00	4025.418	4027.022	4025.169	4026.688	125	0	240
2026.07.28	19:34:00	4026.452	4027.767	4026.443	4027.421	127	0	240
2026.07.28	19:35:00	4027.403	4027.575	4025.727	4026.179	128	0	240
2026.07.28	19:36:00	4026.174	4026.390	4025.266	4025.573	94	0	240
2026.07.28	19:37:00	4025.541	4025.640	4024.654	4025.242	79	0	240
2026.07.28	19:38:00	4025.189	4025.392	4024.233	4024.645	109	0	240
2026.07.28	19:39:00	4024.695	4024.941	4024.383	4024.836	88	0	240
2026.07.28	19:40:00	4024.882	4025.590	4024.617	4025.140	110	0	240
2026.07.28	19:41:00	4024.892	4025.335	4024.838	4025.020	79	0	240
2026.07.28	19:42:00	4025.275	4025.844	4024.912	4025.135	95	0	240
2026.07.28	19:43:00	4025.078	4025.348	4024.613	4025.073	70	0	240
2026.07.28	19:44:00	4025.056	4026.043	4024.846	4025.977	83	0	240
2026.07.28	19:45:00	4026.051	4027.484	4025.993	4026.664	155	0	240
2026.07.28	19:46:00	4026.552	4026.762	4026.157	4026.297	82	0	240
2026.07.28	19:47:00	4026.294	4026.866	4026.080	4026.502	93	0	240
2026.07.28	19:48:00	4026.321	4027.529	4026.253	4026.861	87	0	240
2026.07.28	19:49:00	4026.816	4027.056	4026.439	4026.618	64	0	240
2026.07.28	19:50:00	4026.669	4026.829	4025.352	4025.600	146	0	240
2026.07.28	19:51:00	4025.549	4026.024	4025.318	4025.906	84	0	240
2026.07.28	19:52:00	4025.653	4026.651	4025.629	4026.082	84	0	240
2026.07.28	19:53:00	4026.095	4027.296	4026.027	4027.296	97	0	240
2026.07.28	19:54:00	4027.040	4027.985	4026.758	4027.215	111	0	240
2026.07.28	19:55:00	4027.135	4027.471	4026.584	4026.914	147	0	240
2026.07.28	19:56:00	4026.779	4027.449	4026.344	4027.358	127	0	240
2026.07.28	19:57:00	4027.288	4027.488	4026.638	4026.909	125	0	240
2026.07.28	19:58:00	4026.898	4027.822	4026.783	4027.015	126	0	240
2026.07.28	19:59:00	4026.768	4026.971	4025.907	4026.526	175	0	240
2026.07.28	20:00:00	4026.217	4026.369	4024.030	4024.341	172	0	240
2026.07.28	20:01:00	4024.462	4024.866	4024.221	4024.397	78	0	240
2026.07.28	20:02:00	4024.397	4024.735	4024.019	4024.275	85	0	240
2026.07.28	20:03:00	4024.023	4024.659	4023.435	4023.696	82	0	240
2026.07.28	20:04:00	4023.716	4023.894	4023.025	4023.446	77	0	240
2026.07.28	20:05:00	4023.446	4024.399	4022.925	4023.797	167	0	240
2026.07.28	20:06:00	4023.858	4023.952	4023.080	4023.338	100	0	240
2026.07.28	20:07:00	4023.575	4023.802	4022.542	4022.895	92	0	240
2026.07.28	20:08:00	4022.831	4023.417	4022.640	4023.206	90	0	240
2026.07.28	20:09:00	4023.321	4023.675	4022.953	4023.321	80	0	240
2026.07.28	20:10:00	4023.323	4023.909	4023.026	4023.759	74	0	240
2026.07.28	20:11:00	4023.713	4024.130	4023.513	4023.751	84	0	240
2026.07.28	20:12:00	4023.738	4024.192	4023.432	4023.818	62	0	240
2026.07.28	20:13:00	4023.796	4024.218	4023.600	4023.879	76	0	240
2026.07.28	20:14:00	4024.116	4024.763	4023.728	4023.783	86	0	240
2026.07.28	20:15:00	4023.718	4024.714	4023.452	4024.461	88	0	240
2026.07.28	20:16:00	4024.700	4025.323	4024.374	4025.323	71	0	240
2026.07.28	20:17:00	4025.092	4025.624	4024.804	4025.372	70	0	240
2026.07.28	20:18:00	4025.170	4026.360	4025.170	4026.180	58	0	240
2026.07.28	20:19:00	4025.929	4026.724	4025.779	4026.332	59	0	240
2026.07.28	20:20:00	4026.561	4026.621	4026.061	4026.253	54	0	240
2026.07.28	20:21:00	4026.254	4026.599	4025.804	4025.881	69	0	240
2026.07.28	20:22:00	4025.879	4026.459	4025.667	4026.138	60	0	240
2026.07.28	20:23:00	4026.132	4026.323	4025.573	4025.573	72	0	240
2026.07.28	20:24:00	4025.580	4026.078	4025.492	4025.820	43	0	240
2026.07.28	20:25:00	4025.820	4026.551	4025.820	4026.289	47	0	240
2026.07.28	20:26:00	4026.343	4026.987	4025.767	4025.936	77	0	240
2026.07.28	20:27:00	4026.042	4027.156	4026.042	4027.156	56	0	240
2026.07.28	20:28:00	4027.123	4027.671	4026.943	4027.244	82	0	240
2026.07.28	20:29:00	4027.243	4027.482	4026.987	4027.151	60	0	240
2026.07.28	20:30:00	4027.266	4028.259	4027.266	4027.658	54	0	240
2026.07.28	20:31:00	4027.656	4028.132	4027.526	4027.901	38	0	240
2026.07.28	20:32:00	4027.891	4027.891	4027.318	4027.626	44	0	240
2026.07.28	20:33:00	4027.660	4028.346	4027.473	4028.326	63	0	240
2026.07.28	20:34:00	4028.277	4028.441	4028.002	4028.264	64	0	240
2026.07.28	20:35:00	4028.375	4029.078	4028.026	4028.811	72	0	240
2026.07.28	20:36:00	4028.806	4029.577	4028.777	4029.390	63	0	240
2026.07.28	20:37:00	4029.392	4029.930	4027.246	4027.847	178	0	240
2026.07.28	20:38:00	4027.575	4028.251	4027.378	4027.736	75	0	240
2026.07.28	20:39:00	4027.698	4028.051	4027.368	4027.570	61	0	240
2026.07.28	20:40:00	4027.686	4029.071	4027.686	4029.071	69	0	240
2026.07.28	20:41:00	4029.274	4029.750	4028.256	4028.326	81	0	240
2026.07.28	20:42:00	4028.551	4029.327	4028.551	4029.327	65	0	240
2026.07.28	20:43:00	4029.346	4030.172	4029.102	4029.735	104	0	240
2026.07.28	20:44:00	4029.787	4030.202	4029.393	4029.901	76	0	240
2026.07.28	20:45:00	4029.877	4030.241	4029.187	4029.540	106	0	240
2026.07.28	20:46:00	4029.589	4030.506	4029.425	4030.299	74	0	240
2026.07.28	20:47:00	4030.299	4030.435	4029.652	4029.964	79	0	240
2026.07.28	20:48:00	4030.264	4030.336	4029.459	4029.475	70	0	240
2026.07.28	20:49:00	4029.485	4029.622	4027.549	4027.573	90	0	240
2026.07.28	20:50:00	4027.625	4027.820	4026.556	4027.475	130	0	240
2026.07.28	20:51:00	4027.709	4027.937	4026.902	4027.396	88	0	240
2026.07.28	20:52:00	4027.351	4027.962	4027.000	4027.674	86	0	240
2026.07.28	20:53:00	4027.637	4028.085	4027.409	4027.903	70	0	240
2026.07.28	20:54:00	4027.763	4028.674	4027.763	4028.362	65	0	240
2026.07.28	20:55:00	4028.138	4029.280	4027.950	4029.115	83	0	240
2026.07.28	20:56:00	4029.108	4029.298	4028.488	4029.164	62	0	240
2026.07.28	20:57:00	4029.161	4029.241	4028.518	4028.838	54	0	240
2026.07.28	22:00:00	4027.862	4028.600	4027.590	4027.679	28	0	340
2026.07.28	22:01:00	4027.756	4028.164	4026.013	4027.153	72	0	340
2026.07.28	22:02:00	4027.195	4027.195	4025.421	4026.620	69	0	340
2026.07.28	22:03:00	4026.747	4027.112	4025.725	4025.777	60	0	340
2026.07.28	22:04:00	4025.778	4026.741	4025.452	4026.285	31	0	340
2026.07.28	22:05:00	4026.367	4027.295	4026.077	4027.052	67	0	340
2026.07.28	22:06:00	4027.052	4027.052	4026.142	4026.430	52	0	260
2026.07.28	22:07:00	4026.512	4027.231	4026.511	4026.849	34	0	260
2026.07.28	22:08:00	4026.788	4027.255	4026.687	4026.908	28	0	260
2026.07.28	22:09:00	4026.908	4027.274	4026.588	4026.916	45	0	260
2026.07.28	22:10:00	4026.924	4028.044	4026.876	4027.070	60	0	260
2026.07.28	22:11:00	4026.955	4027.257	4026.198	4026.658	54	0	260
2026.07.28	22:12:00	4026.387	4027.332	4026.387	4026.966	53	0	260
2026.07.28	22:13:00	4026.700	4027.001	4025.629	4025.773	96	0	260
2026.07.28	22:14:00	4025.784	4026.009	4024.435	4024.555	80	0	260
2026.07.28	22:15:00	4024.615	4025.289	4024.078	4024.078	65	0	240
2026.07.28	22:16:00	4024.017	4024.612	4023.815	4024.103	41	0	240
2026.07.28	22:17:00	4024.103	4024.263	4023.453	4023.497	42	0	240
2026.07.28	22:18:00	4023.453	4023.533	4022.659	4022.823	69	0	240
2026.07.28	22:19:00	4022.833	4023.063	4022.255	4022.507	43	0	240
2026.07.28	22:20:00	4022.507	4023.555	4020.595	4021.073	117	0	240
2026.07.28	22:21:00	4020.991	4021.290	4020.584	4020.750	46	0	240
2026.07.28	22:22:00	4020.795	4020.842	4020.062	4020.507	57	0	240
2026.07.28	22:23:00	4020.497	4020.497	4018.312	4018.672	88	0	240
2026.07.28	22:24:00	4018.591	4018.649	4017.414	4018.123	98	0	240
2026.07.28	22:25:00	4018.072	4018.494	4017.606	4017.799	86	0	240
2026.07.28	22:26:00	4018.032	4018.965	4017.777	4018.833	65	0	260
2026.07.28	22:27:00	4018.834	4020.719	4018.815	4019.751	96	0	260
2026.07.28	22:28:00	4019.914	4020.546	4018.918	4020.159	78	0	260
2026.07.28	22:29:00	4020.172	4021.169	4019.976	4020.894	63	0	240
2026.07.28	22:30:00	4021.096	4021.278	4020.221	4020.495	58	0	240
2026.07.28	22:31:00	4020.704	4021.079	4018.331	4018.331	87	0	240
2026.07.28	22:32:00	4018.436	4018.810	4013.864	4014.700	178	0	240
2026.07.28	22:33:00	4014.614	4015.992	4014.166	4014.629	149	0	240
2026.07.28	22:34:00	4014.593	4017.624	4014.593	4017.418	153	0	240
2026.07.28	22:35:00	4017.398	4017.398	4015.141	4015.766	92	0	240
2026.07.28	22:36:00	4015.746	4017.016	4015.636	4016.332	102	0	240
2026.07.28	22:37:00	4016.584	4016.680	4015.901	4016.426	82	0	240
2026.07.28	22:38:00	4016.331	4016.608	4014.754	4014.978	104	0	240
2026.07.28	22:39:00	4015.039	4016.071	4014.267	4015.106	146	0	240
2026.07.28	22:40:00	4015.143	4017.740	4015.141	4017.213	137	0	240
2026.07.28	22:41:00	4017.268	4017.529	4016.638	4017.326	79	0	240
2026.07.28	22:42:00	4017.332	4018.617	4017.164	4018.358	117	0	240
2026.07.28	22:43:00	4018.461	4018.711	4017.942	4018.443	59	0	240
2026.07.28	22:44:00	4018.612	4018.612	4017.988	4018.388	59	0	240
2026.07.28	22:45:00	4018.215	4018.275	4016.261	4016.338	114	0	240
2026.07.28	22:46:00	4016.356	4016.544	4015.479	4015.688	129	0	240
2026.07.28	22:47:00	4015.459	4016.872	4015.273	4016.591	84	0	240
2026.07.28	22:48:00	4016.552	4018.120	4016.251	4017.631	88	0	240
2026.07.28	22:49:00	4017.695	4017.695	4016.524	4016.875	91	0	240
2026.07.28	22:50:00	4016.964	4017.204	4016.116	4016.485	95	0	240
2026.07.28	22:51:00	4016.590	4017.447	4016.014	4017.431	80	0	240
2026.07.28	22:52:00	4017.439	4019.006	4017.217	4018.564	109	0	240
2026.07.28	22:53:00	4018.656	4018.764	4016.691	4017.727	105	0	240
2026.07.28	22:54:00	4017.664	4018.298	4016.754	4017.694	115	0	240
2026.07.28	22:55:00	4018.009	4018.256	4017.665	4017.833	73	0	240
2026.07.28	22:56:00	4017.925	4018.671	4017.808	4018.614	76	0	240
2026.07.28	22:57:00	4018.637	4019.487	4018.637	4019.487	84	0	240
2026.07.28	22:58:00	4019.515	4019.530	4018.722	4018.974	92	0	240
2026.07.28	22:59:00	4019.038	4019.038	4018.136	4018.380	70	0	240
2026.07.28	23:00:00	4018.430	4018.535	4017.783	4018.349	104	0	240
2026.07.28	23:01:00	4018.354	4018.657	4018.074	4018.074	79	0	240
2026.07.28	23:02:00	4018.000	4018.759	4017.537	4018.484	88	0	240
2026.07.28	23:03:00	4018.737	4018.920	4016.404	4017.168	136	0	240
2026.07.28	23:04:00	4017.218	4017.586	4016.378	4017.394	105	0	240
2026.07.28	23:05:00	4017.278	4018.376	4016.278	4016.518	136	0	240
2026.07.28	23:06:00	4016.403	4017.298	4016.348	4016.741	90	0	240
2026.07.28	23:07:00	4016.792	4018.015	4016.792	4017.800	114	0	240
2026.07.28	23:08:00	4017.773	4019.133	4017.773	4019.025	89	0	240
2026.07.28	23:09:00	4018.930	4019.524	4017.906	4018.078	93	0	240
2026.07.28	23:10:00	4018.259	4020.281	4017.956	4019.575	111	0	240
2026.07.28	23:11:00	4019.575	4021.518	4019.335	4021.518	119	0	240
2026.07.28	23:12:00	4021.533	4022.178	4021.046	4021.538	101	0	240
2026.07.28	23:13:00	4021.570	4022.993	4021.570	4022.453	100	0	240
2026.07.28	23:14:00	4022.517	4022.855	4021.734	4022.113	96	0	240
2026.07.28	23:15:00	4022.222	4022.222	4018.100	4018.553	201	0	240
2026.07.28	23:16:00	4018.535	4018.936	4017.723	4018.291	113	0	240
2026.07.28	23:17:00	4018.114	4018.992	4017.419	4018.648	131	0	240
2026.07.28	23:18:00	4018.702	4018.702	4015.988	4016.346	124	0	240
2026.07.28	23:19:00	4016.455	4016.882	4015.558	4016.545	87	0	240
2026.07.28	23:20:00	4016.466	4017.708	4016.249	4017.668	133	0	240
2026.07.28	23:21:00	4017.610	4018.119	4017.020	4017.857	112	0	240
2026.07.28	23:22:00	4018.015	4018.693	4017.758	4018.190	101	0	240
2026.07.28	23:23:00	4018.178	4018.798	4017.901	4018.503	79	0	240
2026.07.28	23:24:00	4018.516	4019.631	4017.789	4019.112	130	0	240
2026.07.28	23:25:00	4019.112	4019.220	4014.978	4016.927	177	0	240
2026.07.28	23:26:00	4016.725	4018.419	4016.725	4018.254	94	0	240
2026.07.28	23:27:00	4018.249	4019.257	4017.143	4017.521	105	0	240
2026.07.28	23:28:00	4017.572	4018.873	4017.572	4018.683	84	0	240
2026.07.28	23:29:00	4018.686	4019.293	4018.070	4018.588	105	0	240
2026.07.28	23:30:00	4018.502	4019.528	4018.443	4019.528	118	0	240
2026.07.28	23:31:00	4019.570	4020.061	4018.250	4018.838	88	0	240
2026.07.28	23:32:00	4018.787	4019.223	4018.239	4018.308	82	0	240
2026.07.28	23:33:00	4018.568	4018.571	4017.522	4017.568	80	0	240
2026.07.28	23:34:00	4017.520	4018.531	4017.520	4018.406	77	0	240
2026.07.28	23:35:00	4018.436	4019.838	4018.132	4019.380	78	0	240
2026.07.28	23:36:00	4019.553	4019.555	4019.162	4019.404	48	0	240
2026.07.28	23:37:00	4019.360	4020.074	4019.136	4019.679	69	0	240
2026.07.28	23:38:00	4019.679	4020.425	4019.672	4020.105	74	0	240
2026.07.28	23:39:00	4020.089	4020.464	4018.732	4018.984	86	0	240
2026.07.28	23:40:00	4018.732	4019.711	4018.732	4019.661	80	0	240
2026.07.28	23:41:00	4019.337	4019.544	4018.717	4019.006	73	0	240
2026.07.28	23:42:00	4018.793	4019.209	4018.142	4019.131	75	0	240
2026.07.28	23:43:00	4018.900	4019.800	4018.900	4019.758	68	0	240
2026.07.28	23:44:00	4019.804	4023.371	4019.804	4022.923	205	0	240
2026.07.28	23:45:00	4022.873	4023.226	4020.053	4021.083	273	0	240
2026.07.28	23:46:00	4021.040	4021.657	4019.788	4020.427	209	0	240
2026.07.28	23:47:00	4020.476	4021.628	4019.979	4020.462	196	0	240
2026.07.28	23:48:00	4020.398	4020.537	4018.950	4020.320	170	0	240
2026.07.28	23:49:00	4020.347	4022.490	4019.907	4022.339	162	0	240
2026.07.28	23:50:00	4022.399	4023.414	4021.573	4022.581	209	0	240
2026.07.28	23:51:00	4022.640	4022.795	4020.914	4021.614	166	0	240
2026.07.28	23:52:00	4021.861	4024.507	4021.357	4024.181	171	0	240
2026.07.28	23:53:00	4024.156	4024.165	4023.297	4023.451	92	0	240
2026.07.28	23:54:00	4023.440	4024.084	4022.992	4023.691	117	0	240
2026.07.28	23:55:00	4023.864	4024.050	4022.941	4023.432	129	0	240
2026.07.28	23:56:00	4023.712	4024.758	4023.394	4024.180	105	0	240
2026.07.28	23:57:00	4024.139	4025.387	4023.821	4025.282	154	0	240
2026.07.28	23:58:00	4025.331	4026.184	4024.787	4025.960	159	0	240
2026.07.28	23:59:00	4025.896	4025.896	4024.435	4025.098	109	0	240
2026.07.29	00:00:00	4024.898	4026.196	4017.784	4018.463	746	0	240
2026.07.29	00:01:00	4018.329	4020.841	4017.588	4019.908	473	0	240
2026.07.29	00:02:00	4019.959	4021.164	4019.172	4020.342	382	0	240
2026.07.29	00:03:00	4020.305	4021.481	4019.883	4021.426	299	0	240
2026.07.29	00:04:00	4021.493	4022.536	4020.796	4021.819	290	0	240
2026.07.29	00:05:00	4021.908	4022.247	4020.379	4021.059	262	0	240
2026.07.29	00:06:00	4021.076	4023.405	4020.829	4022.378	392	0	240
2026.07.29	00:07:00	4022.311	4024.531	4022.153	4024.204	378	0	240
2026.07.29	00:08:00	4023.945	4023.945	4018.947	4019.947	388	0	240
2026.07.29	00:09:00	4019.893	4020.191	4017.601	4017.713	293	0	240
2026.07.29	00:10:00	4018.033	4020.385	4018.031	4020.051	261	0	240
2026.07.29	00:11:00	4019.997	4020.418	4019.295	4020.118	189	0	240
2026.07.29	00:12:00	4020.152	4021.479	4019.487	4021.479	188	0	240
2026.07.29	00:13:00	4021.278	4021.476	4020.444	4021.476	184	0	240
2026.07.29	00:14:00	4021.426	4022.009	4019.499	4020.522	201	0	240
2026.07.29	00:15:00	4020.470	4023.560	4020.470	4023.274	247	0	240
2026.07.29	00:16:00	4022.979	4024.038	4022.242	4023.737	181	0	240
2026.07.29	00:17:00	4023.664	4026.068	4023.523	4024.645	216	0	240
2026.07.29	00:18:00	4024.423	4025.670	4024.197	4025.012	225	0	240
2026.07.29	00:19:00	4024.970	4026.336	4024.670	4025.123	177	0	240
2026.07.29	00:20:00	4024.973	4026.156	4023.580	4025.280	250	0	240
2026.07.29	00:21:00	4025.190	4030.053	4024.659	4029.051	351	0	240
2026.07.29	00:22:00	4029.106	4029.406	4024.182	4024.974	323	0	240
2026.07.29	00:23:00	4025.022	4025.744	4024.013	4024.914	221	0	240
2026.07.29	00:24:00	4024.853	4025.130	4023.795	4024.826	233	0	240
2026.07.29	00:25:00	4025.028	4026.667	4024.209	4026.330	276	0	240
2026.07.29	00:26:00	4026.618	4026.621	4024.364	4024.369	261	0	240
2026.07.29	00:27:00	4024.434	4024.959	4022.850	4023.218	210	0	240
2026.07.29	00:28:00	4022.941	4024.058	4022.336	4022.638	214	0	240
2026.07.29	00:29:00	4022.600	4022.985	4022.114	4022.687	160	0	240
2026.07.29	00:30:00	4022.339	4023.573	4021.446	4022.598	198	0	240
2026.07.29	00:31:00	4022.642	4022.961	4021.729	4022.478	170	0	240
2026.07.29	00:32:00	4022.728	4023.282	4021.421	4022.955	206	0	240
2026.07.29	00:33:00	4022.841	4024.567	4022.638	4024.194	217	0	240
2026.07.29	00:34:00	4024.246	4025.036	4023.955	4024.240	171	0	240
2026.07.29	00:35:00	4024.397	4024.768	4023.396	4023.720	175	0	240
2026.07.29	00:36:00	4023.772	4024.703	4023.324	4024.460	183	0	240
2026.07.29	00:37:00	4024.535	4026.718	4024.258	4026.667	244	0	240
2026.07.29	00:38:00	4026.718	4027.624	4025.689	4026.115	266	0	240
2026.07.29	00:39:00	4026.135	4026.654	4024.249	4024.597	200	0	240
2026.07.29	00:40:00	4024.444	4025.110	4024.177	4024.534	187	0	240
2026.07.29	00:41:00	4024.473	4025.232	4023.997	4024.816	232	0	240
2026.07.29	00:42:00	4024.765	4025.781	4024.713	4025.148	133	0	240
2026.07.29	00:43:00	4025.091	4026.127	4024.348	4025.867	161	0	240
2026.07.29	00:44:00	4025.915	4026.270	4024.769	4025.764	172	0	240
2026.07.29	00:45:00	4025.849	4026.200	4024.745	4025.104	155	0	240
2026.07.29	00:46:00	4025.079	4025.578	4023.105	4023.593	289	0	240
2026.07.29	00:47:00	4023.557	4024.346	4022.104	4024.174	224	0	240
2026.07.29	00:48:00	4024.426	4024.779	4022.980	4023.335	151	0	240
2026.07.29	00:49:00	4023.325	4023.401	4020.851	4021.120	181	0	240
2026.07.29	00:50:00	4021.053	4022.848	4020.912	4022.480	199	0	240
2026.07.29	00:51:00	4022.456	4023.361	4022.000	4022.967	253	0	240
2026.07.29	00:52:00	4022.796	4023.299	4021.568	4022.236	204	0	240
2026.07.29	00:53:00	4022.185	4023.196	4021.933	4022.732	176	0	240
2026.07.29	00:54:00	4022.538	4023.866	4022.389	4023.866	158	0	240
2026.07.29	00:55:00	4023.473	4023.786	4021.540	4022.099	273	0	240
2026.07.29	00:56:00	4021.992	4022.208	4020.700	4021.022	151	0	240
2026.07.29	00:57:00	4021.013	4021.788	4020.362	4021.478	171	0	240
2026.07.29	00:58:00	4021.279	4022.524	4020.440	4022.475	284	0	240
2026.07.29	00:59:00	4022.524	4023.408	4021.251	4021.650	237	0	240
2026.07.29	01:00:00	4021.602	4021.603	4017.483	4019.069	687	0	240
2026.07.29	01:01:00	4018.813	4019.559	4016.394	4018.244	658	0	240
2026.07.29	01:02:00	4017.940	4019.423	4014.855	4015.575	600	0	240
2026.07.29	01:03:00	4015.688	4016.355	4014.516	4014.798	405	0	240
2026.07.29	01:04:00	4014.915	4014.915	4009.998	4012.095	554	0	240
2026.07.29	01:05:00	4012.165	4013.043	4010.561	4012.667	388	0	240
2026.07.29	01:06:00	4012.724	4015.418	4011.970	4013.848	401	0	240
2026.07.29	01:07:00	4013.800	4014.892	4011.408	4013.808	492	0	240
2026.07.29	01:08:00	4014.132	4014.943	4012.584	4012.942	326	0	240
2026.07.29	01:09:00	4013.242	4015.469	4012.899	4014.925	291	0	240
2026.07.29	01:10:00	4014.868	4017.632	4014.564	4016.833	403	0	240
2026.07.29	01:11:00	4016.774	4017.582	4014.257	4015.437	353	0	240
2026.07.29	01:12:00	4015.396	4016.779	4013.352	4014.012	371	0	240
2026.07.29	01:13:00	4013.959	4014.101	4012.290	4013.065	403	0	240
2026.07.29	01:14:00	4013.114	4013.540	4011.628	4013.013	335	0	240
2026.07.29	01:15:00	4013.065	4013.359	4011.592	4012.695	354	0	240
2026.07.29	01:16:00	4012.612	4014.686	4012.251	4013.656	375	0	240
2026.07.29	01:17:00	4013.573	4016.218	4013.307	4015.594	313	0	240
2026.07.29	01:18:00	4015.528	4016.632	4013.749	4016.133	313	0	240
2026.07.29	01:19:00	4016.243	4016.442	4014.975	4016.293	256	0	240
2026.07.29	01:20:00	4016.348	4017.638	4015.608	4015.868	254	0	240
2026.07.29	01:21:00	4016.059	4016.348	4014.890	4015.201	292	0	240
2026.07.29	01:22:00	4015.450	4016.111	4014.381	4014.687	255	0	240
2026.07.29	01:23:00	4014.736	4016.059	4013.638	4015.399	317	0	240
2026.07.29	01:24:00	4015.450	4016.361	4014.988	4015.115	253	0	240
2026.07.29	01:25:00	4015.179	4016.858	4014.305	4016.275	292	0	240
2026.07.29	01:26:00	4016.271	4017.579	4015.964	4016.876	243	0	240
2026.07.29	01:27:00	4016.924	4018.047	4016.446	4017.289	210	0	240
2026.07.29	01:28:00	4017.320	4019.296	4017.320	4019.296	217	0	240
2026.07.29	01:29:00	4019.345	4020.307	4018.037	4018.237	197	0	240
2026.07.29	01:30:00	4018.119	4018.153	4015.051	4017.474	669	0	240
2026.07.29	01:31:00	4017.551	4021.293	4017.551	4020.679	424	0	240
2026.07.29	01:32:00	4020.629	4021.717	4019.461	4020.875	301	0	240
2026.07.29	01:33:00	4020.793	4020.906	4018.540	4018.785	359	0	240
2026.07.29	01:34:00	4018.833	4024.352	4018.691	4024.170	389	0	240
2026.07.29	01:35:00	4024.118	4024.997	4022.438	4023.948	451	0	240
2026.07.29	01:36:00	4024.004	4026.201	4023.233	4024.987	426	0	240
2026.07.29	01:37:00	4024.735	4027.446	4024.350	4027.010	479	0	240
2026.07.29	01:38:00	4027.062	4028.310	4026.509	4027.242	368	0	240
2026.07.29	01:39:00	4026.902	4030.579	4026.620	4029.062	460	0	240
2026.07.29	01:40:00	4029.116	4030.547	4028.612	4029.067	366	0	240
2026.07.29	01:41:00	4028.953	4029.248	4027.641	4028.139	265	0	240
2026.07.29	01:42:00	4027.923	4028.960	4027.259	4028.107	295	0	240
2026.07.29	01:43:00	4028.225	4028.779	4025.830	4026.740	325	0	240
2026.07.29	01:44:00	4026.705	4028.403	4026.529	4027.629	312	0	240
2026.07.29	01:45:00	4027.683	4028.092	4026.613	4026.799	360	0	240
2026.07.29	01:46:00	4026.974	4028.251	4026.595	4028.234	246	0	240
2026.07.29	01:47:00	4028.057	4028.057	4024.546	4025.883	362	0	240
2026.07.29	01:48:00	4025.738	4026.736	4025.131	4026.574	183	0	240
2026.07.29	01:49:00	4026.666	4026.781	4024.352	4024.804	210	0	240
2026.07.29	01:50:00	4024.695	4025.874	4024.163	4025.302	234	0	240
2026.07.29	01:51:00	4025.219	4025.486	4022.840	4023.532	245	0	240
2026.07.29	01:52:00	4023.420	4024.198	4023.035	4023.735	259	0	240
2026.07.29	01:53:00	4023.783	4024.286	4021.924	4023.054	314	0	240
2026.07.29	01:54:00	4022.999	4023.446	4022.651	4023.009	179	0	240
2026.07.29	01:55:00	4023.244	4025.440	4022.945	4024.419	232	0	240
2026.07.29	01:56:00	4024.371	4025.505	4024.022	4025.238	212	0	240
2026.07.29	01:57:00	4025.206	4025.424	4023.932	4024.647	164	0	240
2026.07.29	01:58:00	4024.955	4025.844	4024.449	4025.630	259	0	240
2026.07.29	01:59:00	4025.580	4026.139	4024.491	4025.682	233	0	240
2026.07.29	02:00:00	4025.771	4026.881	4025.312	4026.278	290	0	240
2026.07.29	02:01:00	4026.305	4028.713	4026.084	4028.518	375	0	240
2026.07.29	02:02:00	4028.514	4029.023	4027.226	4028.178	274	0	240
2026.07.29	02:03:00	4028.240	4029.369	4027.703	4028.321	247	0	240
2026.07.29	02:04:00	4028.623	4028.967	4027.028	4027.421	229	0	240
2026.07.29	02:05:00	4027.381	4028.063	4026.420	4026.885	221	0	240
2026.07.29	02:06:00	4026.941	4027.527	4026.153	4026.935	256	0	240
2026.07.29	02:07:00	4026.930	4027.353	4023.137	4023.697	303	0	240
2026.07.29	02:08:00	4023.755	4024.567	4022.973	4024.551	287	0	240
2026.07.29	02:09:00	4024.245	4026.010	4023.850	4025.013	230	0	240
2026.07.29	02:10:00	4025.208	4027.450	4024.960	4026.864	261	0	240
2026.07.29	02:11:00	4026.960	4027.762	4025.492	4026.501	267	0	240
2026.07.29	02:12:00	4026.391	4027.390	4026.222	4027.196	287	0	240
2026.07.29	02:13:00	4026.966	4028.161	4026.828	4027.528	202	0	240
2026.07.29	02:14:00	4027.390	4028.222	4027.017	4028.128	236	0	240
2026.07.29	02:15:00	4028.054	4030.284	4027.884	4028.831	231	0	240
2026.07.29	02:16:00	4028.550	4029.630	4028.487	4028.858	188	0	240
2026.07.29	02:17:00	4028.859	4029.033	4027.367	4027.615	169	0	240
2026.07.29	02:18:00	4027.398	4028.010	4026.252	4027.027	171	0	240
2026.07.29	02:19:00	4027.170	4027.559	4026.149	4027.237	135	0	240
2026.07.29	02:20:00	4027.465	4027.657	4026.528	4027.510	172	0	240
2026.07.29	02:21:00	4027.564	4030.148	4026.949	4029.359	219	0	240
2026.07.29	02:22:00	4029.305	4033.096	4029.194	4032.812	287	0	240
2026.07.29	02:23:00	4032.864	4033.893	4031.603	4033.469	261	0	240
2026.07.29	02:24:00	4033.518	4035.511	4033.088	4033.088	290	0	240
2026.07.29	02:25:00	4033.403	4035.345	4032.625	4034.015	251	0	240
2026.07.29	02:26:00	4033.949	4034.203	4031.883	4031.977	211	0	240
2026.07.29	02:27:00	4032.028	4032.576	4031.081	4031.486	172	0	240
2026.07.29	02:28:00	4031.482	4032.027	4031.029	4031.747	172	0	240
2026.07.29	02:29:00	4031.935	4032.923	4031.782	4032.906	154	0	240
2026.07.29	02:30:00	4032.972	4036.576	4032.363	4034.912	730	0	240
2026.07.29	02:31:00	4034.989	4035.066	4032.096	4032.369	403	0	240
2026.07.29	02:32:00	4032.399	4032.635	4031.087	4031.087	240	0	240
2026.07.29	02:33:00	4031.031	4032.007	4030.582	4031.634	247	0	240
2026.07.29	02:34:00	4031.577	4032.115	4030.766	4031.647	213	0	240
2026.07.29	02:35:00	4031.347	4032.641	4030.992	4031.273	251	0	240
2026.07.29	02:36:00	4031.318	4032.852	4031.297	4032.078	270	0	240
2026.07.29	02:37:00	4031.951	4033.259	4031.595	4032.897	217	0	240
2026.07.29	02:38:00	4032.859	4033.597	4032.407	4033.341	183	0	240
2026.07.29	02:39:00	4033.351	4035.007	4033.345	4035.007	237	0	240
2026.07.29	02:40:00	4035.071	4036.629	4034.616	4036.258	246	0	240
2026.07.29	02:41:00	4036.313	4037.961	4036.310	4036.310	242	0	240
2026.07.29	02:42:00	4036.315	4036.528	4034.336	4034.336	195	0	240
2026.07.29	02:43:00	4034.524	4035.203	4034.345	4035.077	173	0	240
2026.07.29	02:44:00	4034.967	4035.597	4034.356	4034.761	193	0	240
2026.07.29	02:45:00	4034.713	4035.346	4032.573	4032.913	259	0	240
2026.07.29	02:46:00	4033.028	4034.402	4032.981	4033.686	166	0	240
2026.07.29	02:47:00	4033.455	4033.618	4032.721	4032.950	183	0	240
2026.07.29	02:48:00	4033.003	4033.636	4032.345	4033.323	164	0	240
2026.07.29	02:49:00	4033.567	4033.929	4032.359	4032.599	152	0	240
2026.07.29	02:50:00	4032.547	4033.440	4032.002	4033.221	214	0	240
2026.07.29	02:51:00	4033.109	4033.109	4030.849	4031.233	248	0	240
2026.07.29	02:52:00	4031.343	4031.343	4029.805	4030.171	190	0	240
2026.07.29	02:53:00	4030.004	4030.366	4029.135	4030.000	169	0	240
2026.07.29	02:54:00	4030.042	4030.619	4029.346	4029.994	160	0	240
2026.07.29	02:55:00	4030.033	4032.024	4030.033	4031.251	240	0	240
2026.07.29	02:56:00	4031.222	4031.601	4030.945	4031.307	118	0	240
2026.07.29	02:57:00	4031.557	4032.153	4031.304	4031.899	104	0	240
2026.07.29	02:58:00	4031.951	4032.072	4031.046	4031.509	128	0	240
2026.07.29	02:59:00	4031.267	4031.709	4029.449	4029.663	190	0	240
2026.07.29	03:00:00	4029.614	4031.249	4029.030	4030.894	191	0	240
2026.07.29	03:01:00	4030.851	4031.183	4029.386	4029.610	149	0	240
2026.07.29	03:02:00	4029.538	4030.288	4029.145	4029.827	156	0	240
2026.07.29	03:03:00	4029.839	4030.291	4028.430	4028.662	189	0	240
2026.07.29	03:04:00	4028.774	4029.234	4028.212	4028.520	150	0	240
2026.07.29	03:05:00	4028.909	4030.386	4028.308	4030.024	198	0	240
2026.07.29	03:06:00	4030.106	4031.226	4029.509	4030.076	236	0	240
2026.07.29	03:07:00	4030.277	4031.121	4029.209	4030.383	240	0	240
2026.07.29	03:08:00	4030.633	4032.625	4030.180	4030.888	288	0	240
2026.07.29	03:09:00	4030.840	4031.099	4029.284	4029.517	223	0	240
2026.07.29	03:10:00	4029.435	4030.898	4028.853	4029.775	233	0	240
2026.07.29	03:11:00	4029.714	4030.020	4028.770	4029.119	183	0	240
2026.07.29	03:12:00	4029.069	4029.562	4028.337	4028.508	149	0	240
2026.07.29	03:13:00	4028.489	4028.622	4027.395	4028.090	157	0	240
2026.07.29	03:14:00	4027.982	4028.223	4027.353	4027.616	151	0	240
2026.07.29	03:15:00	4027.900	4028.087	4027.056	4027.149	140	0	240
2026.07.29	03:16:00	4027.243	4027.966	4026.012	4027.416	212	0	240
2026.07.29	03:17:00	4027.208	4027.908	4026.287	4027.164	182	0	240
2026.07.29	03:18:00	4027.479	4028.836	4027.020	4028.208	197	0	240
2026.07.29	03:19:00	4028.260	4028.895	4027.632	4028.252	111	0	240
2026.07.29	03:20:00	4027.911	4028.262	4027.487	4027.796	129	0	240
2026.07.29	03:21:00	4027.813	4028.380	4026.861	4027.260	158	0	240
2026.07.29	03:22:00	4027.315	4027.607	4026.825	4026.865	165	0	240
2026.07.29	03:23:00	4027.065	4027.352	4025.839	4026.493	169	0	240
2026.07.29	03:24:00	4026.439	4026.700	4026.039	4026.432	163	0	240
2026.07.29	03:25:00	4026.382	4027.776	4025.384	4027.361	151	0	240
2026.07.29	03:26:00	4027.411	4028.016	4026.392	4026.653	183	0	240
2026.07.29	03:27:00	4026.633	4027.696	4026.408	4027.061	123	0	240
2026.07.29	03:28:00	4027.118	4027.415	4026.461	4027.083	127	0	240
2026.07.29	03:29:00	4027.134	4027.381	4026.533	4026.995	131	0	240
2026.07.29	03:30:00	4026.938	4027.028	4025.609	4025.889	150	0	240
2026.07.29	03:31:00	4025.847	4026.142	4024.979	4025.816	162	0	240
2026.07.29	03:32:00	4025.701	4026.170	4024.439	4025.080	184	0	240
2026.07.29	03:33:00	4025.043	4026.284	4024.620	4025.892	126	0	240
2026.07.29	03:34:00	4025.781	4026.646	4025.495	4026.571	107	0	240
2026.07.29	03:35:00	4026.533	4027.971	4026.111	4027.971	135	0	240
2026.07.29	03:36:00	4027.995	4029.496	4027.819	4029.422	148	0	240
2026.07.29	03:37:00	4029.374	4029.374	4027.043	4027.637	128	0	240
2026.07.29	03:38:00	4027.608	4028.339	4026.517	4027.599	129	0	240
2026.07.29	03:39:00	4027.600	4028.436	4026.698	4027.220	139	0	240
2026.07.29	03:40:00	4027.207	4027.361	4026.766	4027.276	99	0	240
2026.07.29	03:41:00	4027.249	4027.249	4025.275	4025.597	146	0	240
2026.07.29	03:42:00	4025.867	4026.144	4025.383	4025.383	124	0	240
2026.07.29	03:43:00	4025.382	4025.966	4025.023	4025.679	129	0	240
2026.07.29	03:44:00	4025.653	4026.222	4025.360	4025.986	121	0	240
2026.07.29	03:45:00	4025.983	4026.372	4025.391	4025.642	129	0	240
2026.07.29	03:46:00	4026.006	4026.586	4025.453	4025.954	121	0	240
2026.07.29	03:47:00	4026.069	4026.974	4025.778	4026.866	101	0	240
2026.07.29	03:48:00	4026.755	4026.867	4026.003	4026.612	100	0	240
2026.07.29	03:49:00	4026.383	4026.752	4025.879	4026.242	100	0	240
2026.07.29	03:50:00	4026.275	4026.513	4025.476	4025.964	99	0	240
2026.07.29	03:51:00	4025.971	4026.379	4025.513	4025.938	149	0	240
2026.07.29	03:52:00	4025.798	4025.973	4025.044	4025.731	114	0	240
2026.07.29	03:53:00	4025.758	4025.905	4024.691	4024.880	87	0	240
2026.07.29	03:54:00	4024.865	4025.003	4023.813	4024.329	117	0	240
2026.07.29	03:55:00	4024.360	4024.625	4023.664	4023.937	133	0	240
2026.07.29	03:56:00	4023.976	4024.177	4023.677	4023.956	108	0	240
2026.07.29	03:57:00	4023.967	4024.381	4023.355	4023.770	104	0	240
2026.07.29	03:58:00	4023.870	4023.966	4022.998	4023.316	97	0	240
2026.07.29	03:59:00	4023.314	4023.687	4023.250	4023.687	83	0	240
2026.07.29	04:00:00	4023.703	4024.791	4022.889	4023.219	147	0	240
2026.07.29	04:01:00	4023.203	4023.203	4021.507	4022.663	151	0	240
2026.07.29	04:02:00	4022.704	4023.590	4022.420	4023.125	125	0	240
2026.07.29	04:03:00	4022.878	4023.361	4021.846	4022.064	117	0	240
2026.07.29	04:04:00	4021.762	4022.654	4021.762	4022.654	121	0	240
2026.07.29	04:05:00	4022.386	4022.753	4021.540	4021.753	130	0	240
2026.07.29	04:06:00	4021.698	4022.941	4021.243	4022.531	118	0	240
2026.07.29	04:07:00	4022.540	4022.881	4022.179	4022.717	121	0	240
2026.07.29	04:08:00	4022.766	4023.206	4022.416	4022.708	114	0	240
2026.07.29	04:09:00	4022.506	4023.218	4022.120	4023.110	116	0	240
2026.07.29	04:10:00	4022.747	4023.156	4022.044	4022.558	123	0	240
2026.07.29	04:11:00	4022.528	4022.580	4021.935	4022.349	91	0	240
2026.07.29	04:12:00	4022.346	4022.740	4021.131	4022.413	141	0	240
2026.07.29	04:13:00	4022.287	4023.183	4022.116	4022.893	121	0	240
2026.07.29	04:14:00	4022.888	4022.929	4021.822	4021.896	118	0	240
2026.07.29	04:15:00	4021.873	4022.264	4020.802	4021.102	114	0	240
2026.07.29	04:16:00	4021.346	4021.539	4020.499	4020.747	99	0	240
2026.07.29	04:17:00	4021.052	4022.348	4020.896	4021.991	128	0	240
2026.07.29	04:18:00	4021.961	4022.295	4021.484	4021.805	112	0	240
2026.07.29	04:19:00	4021.839	4022.048	4020.717	4021.782	138	0	240
2026.07.29	04:20:00	4021.834	4022.580	4021.563	4022.397	122	0	240
2026.07.29	04:21:00	4022.348	4022.937	4022.035	4022.845	134	0	240
2026.07.29	04:22:00	4022.577	4023.699	4022.193	4023.118	135	0	240
2026.07.29	04:23:00	4022.991	4023.576	4022.536	4023.191	144	0	240
2026.07.29	04:24:00	4023.192	4024.098	4023.001	4023.870	132	0	240
2026.07.29	04:25:00	4024.013	4025.528	4023.649	4024.999	137	0	240
2026.07.29	04:26:00	4024.940	4025.195	4024.196	4024.459	120	0	240
2026.07.29	04:27:00	4024.409	4024.664	4023.975	4024.538	114	0	240
2026.07.29	04:28:00	4024.273	4025.111	4023.809	4023.978	118	0	240
2026.07.29	04:29:00	4023.976	4024.302	4022.796	4023.276	146	0	240
2026.07.29	04:30:00	4023.471	4025.006	4023.148	4024.869	138	0	240
2026.07.29	04:31:00	4024.914	4025.648	4024.635	4024.945	136	0	240
2026.07.29	04:32:00	4024.933	4025.196	4024.296	4025.064	105	0	240
2026.07.29	04:33:00	4025.208	4026.898	4025.041	4026.495	144	0	240
2026.07.29	04:34:00	4026.378	4026.984	4025.864	4026.395	104	0	240
2026.07.29	04:35:00	4026.515	4026.565	4024.788	4025.783	166	0	240
2026.07.29	04:36:00	4025.784	4026.568	4025.308	4025.496	156	0	240
2026.07.29	04:37:00	4025.376	4026.096	4025.281	4025.551	128	0	240
2026.07.29	04:38:00	4025.536	4025.958	4025.311	4025.597	107	0	240
2026.07.29	04:39:00	4025.595	4025.824	4024.695	4025.042	121	0	240
2026.07.29	04:40:00	4025.010	4026.614	4024.745	4026.339	157	0	240
2026.07.29	04:41:00	4026.069	4026.481	4025.452	4025.963	190	0	240
2026.07.29	04:42:00	4026.231	4027.120	4025.951	4026.106	152	0	240
2026.07.29	04:43:00	4026.066	4027.095	4025.485	4026.908	133	0	240
2026.07.29	04:44:00	4026.966	4027.342	4026.313	4026.980	130	0	240
2026.07.29	04:45:00	4026.925	4027.273	4026.017	4026.578	198	0	240
2026.07.29	04:46:00	4026.573	4026.872	4026.043	4026.214	142	0	240
2026.07.29	04:47:00	4026.242	4027.269	4025.823	4025.868	173	0	240
2026.07.29	04:48:00	4025.843	4025.843	4024.044	4024.176	239	0	240
2026.07.29	04:49:00	4024.193	4024.427	4023.620	4024.006	176	0	240
2026.07.29	04:50:00	4023.954	4026.318	4023.797	4026.138	210	0	240
2026.07.29	04:51:00	4025.881	4026.621	4025.366	4025.760	173	0	240
2026.07.29	04:52:00	4025.884	4026.324	4025.399	4025.786	146	0	240
2026.07.29	04:53:00	4025.933	4026.750	4025.678	4025.728	133	0	240
2026.07.29	04:54:00	4025.731	4026.863	4025.500	4026.394	155	0	240
2026.07.29	04:55:00	4026.371	4027.275	4026.146	4026.738	132	0	240
2026.07.29	04:56:00	4026.759	4027.600	4026.574	4026.792	122	0	240
2026.07.29	04:57:00	4026.573	4026.962	4026.035	4026.323	123	0	240
2026.07.29	04:58:00	4026.098	4026.625	4025.847	4026.534	112	0	240
2026.07.29	04:59:00	4026.479	4027.416	4026.479	4027.416	91	0	240
2026.07.29	05:00:00	4027.386	4027.613	4026.612	4027.096	117	0	240
2026.07.29	05:01:00	4027.156	4028.802	4026.617	4027.941	172	0	240
2026.07.29	05:02:00	4027.893	4029.434	4027.851	4028.512	158	0	240
2026.07.29	05:03:00	4028.627	4029.343	4028.079	4029.212	172	0	240
2026.07.29	05:04:00	4029.158	4029.365	4028.428	4028.828	162	0	240
2026.07.29	05:05:00	4028.883	4029.090	4026.888	4027.664	234	0	240
2026.07.29	05:06:00	4027.480	4028.382	4027.444	4028.026	148	0	240
2026.07.29	05:07:00	4027.969	4028.113	4027.214	4027.552	134	0	240
2026.07.29	05:08:00	4027.580	4028.532	4027.258	4028.532	127	0	240
2026.07.29	05:09:00	4028.531	4028.772	4027.086	4027.428	111	0	240
2026.07.29	05:10:00	4027.392	4029.896	4026.675	4028.783	183	0	240
2026.07.29	05:11:00	4029.083	4031.447	4028.749	4030.922	204	0	240
2026.07.29	05:12:00	4030.972	4031.638	4030.515	4031.289	171	0	240
2026.07.29	05:13:00	4031.589	4031.725	4030.242	4030.558	154	0	240
2026.07.29	05:14:00	4030.645	4030.858	4029.783	4030.207	143	0	240
2026.07.29	05:15:00	4030.411	4030.411	4028.364	4028.694	189	0	240
2026.07.29	05:16:00	4028.678	4029.164	4027.543	4028.359	159	0	240
2026.07.29	05:17:00	4028.229	4028.385	4027.561	4028.064	159	0	240
2026.07.29	05:18:00	4028.261	4028.558	4027.685	4027.880	99	0	240
2026.07.29	05:19:00	4027.889	4028.327	4027.441	4027.682	119	0	240
2026.07.29	05:20:00	4027.805	4028.752	4026.850	4028.523	132	0	240
2026.07.29	05:21:00	4028.241	4028.509	4027.325	4027.939	102	0	240
2026.07.29	05:22:00	4027.980	4030.175	4027.966	4030.119	140	0	240
2026.07.29	05:23:00	4030.071	4030.998	4029.822	4030.950	121	0	240
2026.07.29	05:24:00	4030.644	4030.904	4030.316	4030.619	86	0	240
2026.07.29	05:25:00	4030.687	4031.259	4030.507	4030.507	102	0	240
2026.07.29	05:26:00	4030.432	4030.894	4029.797	4030.081	115	0	240
2026.07.29	05:27:00	4030.015	4030.466	4029.789	4029.789	108	0	240
2026.07.29	05:28:00	4029.840	4031.042	4029.649	4030.139	138	0	240
2026.07.29	05:29:00	4030.178	4030.479	4029.860	4030.385	105	0	240
2026.07.29	05:30:00	4030.441	4034.720	4030.441	4033.391	686	0	240
2026.07.29	05:31:00	4033.339	4033.339	4031.241	4031.480	377	0	240
2026.07.29	05:32:00	4031.432	4031.947	4030.136	4030.597	321	0	240
2026.07.29	05:33:00	4030.747	4032.763	4030.463	4032.024	286	0	240
2026.07.29	05:34:00	4032.057	4032.465	4030.818	4031.802	240	0	240
2026.07.29	05:35:00	4031.823	4032.315	4031.443	4032.131	265	0	240
2026.07.29	05:36:00	4032.169	4032.837	4030.944	4031.347	237	0	240
2026.07.29	05:37:00	4031.247	4031.729	4029.767	4030.605	235	0	240
2026.07.29	05:38:00	4030.709	4031.552	4030.457	4031.144	157	0	240
2026.07.29	05:39:00	4031.139	4032.435	4031.118	4031.730	179	0	240
2026.07.29	05:40:00	4031.676	4032.198	4031.168	4031.475	168	0	240
2026.07.29	05:41:00	4031.533	4033.563	4031.503	4033.090	211	0	240
2026.07.29	05:42:00	4033.227	4034.326	4033.227	4034.168	217	0	240
2026.07.29	05:43:00	4034.180	4036.656	4034.180	4035.927	246	0	240
2026.07.29	05:44:00	4035.980	4039.526	4035.980	4038.907	291	0	240
2026.07.29	05:45:00	4038.965	4040.042	4036.809	4037.302	267	0	240
2026.07.29	05:46:00	4037.060	4037.418	4035.661	4036.006	158	0	240
2026.07.29	05:47:00	4035.982	4036.625	4035.025	4035.036	181	0	240
2026.07.29	05:48:00	4034.983	4035.579	4034.680	4035.197	207	0	240
2026.07.29	05:49:00	4035.246	4035.474	4033.675	4033.828	208	0	240
2026.07.29	05:50:00	4033.876	4034.574	4033.274	4034.574	246	0	240
2026.07.29	05:51:00	4034.650	4035.823	4034.431	4034.699	176	0	240
2026.07.29	05:52:00	4034.634	4036.026	4033.840	4034.390	229	0	240
2026.07.29	05:53:00	4034.528	4035.139	4033.992	4034.375	202	0	240
2026.07.29	05:54:00	4034.425	4034.801	4033.799	4033.977	150	0	240
2026.07.29	05:55:00	4033.914	4034.380	4032.959	4032.959	184	0	240
2026.07.29	05:56:00	4033.160	4033.657	4031.644	4031.917	253	0	240
2026.07.29	05:57:00	4031.966	4033.783	4031.790	4032.998	176	0	240
2026.07.29	05:58:00	4032.949	4034.041	4032.082	4033.716	158	0	240
2026.07.29	05:59:00	4033.460	4034.923	4032.835	4033.142	171	0	240
2026.07.29	06:00:00	4032.921	4036.842	4032.921	4036.842	209	0	240
2026.07.29	06:01:00	4036.640	4037.502	4035.126	4035.177	229	0	240
2026.07.29	06:02:00	4035.368	4036.236	4034.393	4035.658	214	0	240
2026.07.29	06:03:00	4035.546	4036.811	4034.944	4036.050	204	0	240
2026.07.29	06:04:00	4036.101	4037.450	4035.453	4037.450	205	0	240
2026.07.29	06:05:00	4037.429	4037.457	4036.747	4037.390	190	0	240
2026.07.29	06:06:00	4037.342	4037.342	4036.087	4036.667	213	0	240
2026.07.29	06:07:00	4036.740	4037.279	4036.073	4036.110	143	0	240
2026.07.29	06:08:00	4036.096	4036.610	4035.341	4035.355	175	0	240
2026.07.29	06:09:00	4035.306	4035.479	4034.654	4035.121	170	0	240
2026.07.29	06:10:00	4035.192	4037.235	4034.314	4037.235	197	0	240
2026.07.29	06:11:00	4037.158	4037.561	4036.627	4036.945	168	0	240
2026.07.29	06:12:00	4036.896	4037.285	4036.260	4036.331	130	0	240
2026.07.29	06:13:00	4036.695	4036.920	4036.028	4036.434	94	0	240
2026.07.29	06:14:00	4036.500	4038.374	4036.335	4037.214	177	0	240
2026.07.29	06:15:00	4037.354	4039.169	4037.100	4038.920	202	0	240
2026.07.29	06:16:00	4038.871	4039.035	4037.750	4038.373	159	0	240
2026.07.29	06:17:00	4038.296	4039.461	4038.226	4039.117	139	0	240
2026.07.29	06:18:00	4039.137	4039.893	4038.947	4039.156	133	0	240
2026.07.29	06:19:00	4039.209	4039.337	4037.704	4037.979	136	0	240
2026.07.29	06:20:00	4037.962	4038.374	4036.779	4036.779	151	0	240
2026.07.29	06:21:00	4037.083	4037.331	4036.429	4036.927	106	0	240
2026.07.29	06:22:00	4036.960	4037.171	4036.069	4036.359	118	0	240
2026.07.29	06:23:00	4036.352	4039.472	4035.878	4039.327	203	0	240
2026.07.29	06:24:00	4039.457	4043.066	4039.372	4040.879	250	0	240
2026.07.29	06:25:00	4040.905	4041.188	4040.202	4041.071	144	0	240
2026.07.29	06:26:00	4041.011	4041.736	4040.413	4040.724	127	0	240
2026.07.29	06:27:00	4040.833	4041.207	4040.532	4041.136	119	0	240
2026.07.29	06:28:00	4041.139	4041.518	4040.421	4040.448	154	0	240
2026.07.29	06:29:00	4040.695	4041.448	4040.312	4040.843	149	0	240
2026.07.29	06:30:00	4040.794	4042.270	4040.542	4042.080	217	0	240
2026.07.29	06:31:00	4042.099	4042.648	4041.927	4042.394	185	0	240
2026.07.29	06:32:00	4042.304	4042.874	4041.583	4042.443	157	0	240
2026.07.29	06:33:00	4042.443	4043.648	4042.122	4043.437	171	0	240
2026.07.29	06:34:00	4043.486	4043.685	4042.554	4043.543	156	0	240
2026.07.29	06:35:00	4043.597	4044.891	4042.786	4043.336	154	0	240
2026.07.29	06:36:00	4043.348	4044.532	4043.195	4043.428	128	0	240
2026.07.29	06:37:00	4043.379	4043.569	4042.044	4042.514	193	0	240
2026.07.29	06:38:00	4042.514	4043.943	4042.514	4042.864	170	0	240
2026.07.29	06:39:00	4042.993	4043.974	4042.261	4043.074	152	0	240
2026.07.29	06:40:00	4043.130	4043.997	4042.803	4043.682	160	0	240
2026.07.29	06:41:00	4043.674	4043.777	4042.338	4042.661	191	0	240
2026.07.29	06:42:00	4042.470	4042.892	4041.589	4042.526	188	0	240
2026.07.29	06:43:00	4042.681	4042.861	4041.909	4042.371	122	0	240
2026.07.29	06:44:00	4042.371	4042.968	4042.268	4042.731	97	0	240
2026.07.29	06:45:00	4042.601	4043.068	4041.736	4041.893	128	0	240
2026.07.29	06:46:00	4041.836	4042.454	4041.555	4041.881	143	0	240
2026.07.29	06:47:00	4041.862	4042.322	4041.535	4042.004	105	0	240
2026.07.29	06:48:00	4042.240	4042.557	4041.287	4041.519	131	0	240
2026.07.29	06:49:00	4041.551	4041.551	4039.843	4040.302	141	0	240
2026.07.29	06:50:00	4040.290	4042.500	4039.771	4042.262	219	0	240
2026.07.29	06:51:00	4042.240	4042.314	4041.341	4041.944	133	0	240
2026.07.29	06:52:00	4041.758	4042.578	4041.672	4041.909	155	0	240
2026.07.29	06:53:00	4041.924	4042.112	4041.105	4041.271	150	0	240
2026.07.29	06:54:00	4041.217	4041.731	4040.825	4041.135	151	0	240
2026.07.29	06:55:00	4041.183	4041.374	4040.644	4041.167	107	0	240
2026.07.29	06:56:00	4041.115	4041.514	4040.620	4040.793	121	0	240
2026.07.29	06:57:00	4040.866	4041.926	4040.625	4041.601	133	0	240
2026.07.29	06:58:00	4041.579	4042.226	4040.997	4041.288	139	0	240
2026.07.29	06:59:00	4041.267	4041.393	4040.647	4041.216	118	0	240
2026.07.29	07:00:00	4040.924	4042.901	4040.924	4042.058	230	0	240
2026.07.29	07:01:00	4041.987	4042.684	4041.030	4042.684	175	0	240
2026.07.29	07:02:00	4042.710	4044.337	4042.710	4043.748	143	0	240
2026.07.29	07:03:00	4043.695	4044.007	4042.330	4042.381	122	0	240
2026.07.29	07:04:00	4042.441	4043.161	4041.899	4042.140	132	0	240
2026.07.29	07:05:00	4041.915	4043.990	4041.887	4043.273	179	0	240
2026.07.29	07:06:00	4043.379	4044.993	4043.048	4043.883	150	0	240
2026.07.29	07:07:00	4043.830	4044.390	4043.103	4043.217	134	0	240
2026.07.29	07:08:00	4043.583	4044.379	4042.960	4043.027	141	0	240
2026.07.29	07:09:00	4042.974	4044.639	4042.732	4044.588	142	0	240
2026.07.29	07:10:00	4044.811	4045.172	4044.404	4045.095	121	0	240
2026.07.29	07:11:00	4045.101	4046.336	4045.101	4045.577	132	0	240
2026.07.29	07:12:00	4045.590	4046.385	4044.623	4046.312	144	0	240
2026.07.29	07:13:00	4046.348	4046.348	4044.952	4045.819	143	0	240
2026.07.29	07:14:00	4045.848	4046.467	4044.993	4045.384	125	0	240
2026.07.29	07:15:00	4045.118	4045.441	4044.576	4045.075	106	0	240
2026.07.29	07:16:00	4045.135	4045.521	4044.331	4044.579	135	0	240
2026.07.29	07:17:00	4044.523	4045.819	4044.041	4045.592	129	0	240
2026.07.29	07:18:00	4045.744	4045.857	4044.868	4045.361	122	0	240
2026.07.29	07:19:00	4045.252	4046.055	4045.134	4045.377	87	0	240
2026.07.29	07:20:00	4045.409	4045.862	4045.142	4045.776	92	0	240
2026.07.29	07:21:00	4045.769	4046.920	4045.769	4046.464	120	0	240
2026.07.29	07:22:00	4046.456	4047.814	4045.868	4047.031	160	0	240
2026.07.29	07:23:00	4046.989	4047.346	4046.249	4046.423	99	0	240
2026.07.29	07:24:00	4046.289	4047.275	4045.662	4046.603	118	0	240
2026.07.29	07:25:00	4046.896	4047.224	4045.777	4046.370	134	0	240
2026.07.29	07:26:00	4046.318	4046.318	4045.412	4045.877	120	0	240
2026.07.29	07:27:00	4045.927	4046.154	4044.918	4044.975	90	0	240
2026.07.29	07:28:00	4045.162	4045.591	4044.716	4044.981	92	0	240
2026.07.29	07:29:00	4044.976	4045.922	4044.515	4045.859	127	0	240
2026.07.29	07:30:00	4045.908	4046.118	4045.244	4045.602	128	0	240
2026.07.29	07:31:00	4045.657	4046.344	4044.681	4045.968	143	0	240
2026.07.29	07:32:00	4045.940	4045.940	4045.270	4045.387	130	0	240
2026.07.29	07:33:00	4045.639	4046.842	4045.413	4046.164	150	0	240
2026.07.29	07:34:00	4046.418	4046.475	4045.260	4045.474	118	0	240
2026.07.29	07:35:00	4045.774	4046.592	4045.534	4045.971	116	0	240
2026.07.29	07:36:00	4045.995	4046.959	4045.961	4046.959	84	0	240
2026.07.29	07:37:00	4046.756	4047.511	4046.365	4047.023	148	0	240
2026.07.29	07:38:00	4046.954	4047.311	4046.481	4046.788	109	0	240
2026.07.29	07:39:00	4046.730	4047.402	4045.752	4045.987	157	0	240
2026.07.29	07:40:00	4045.949	4047.396	4045.612	4047.108	124	0	240
2026.07.29	07:41:00	4047.236	4047.402	4046.256	4046.980	116	0	240
2026.07.29	07:42:00	4046.948	4047.261	4046.607	4047.056	88	0	240
2026.07.29	07:43:00	4046.751	4047.135	4046.144	4046.629	115	0	240
2026.07.29	07:44:00	4046.560	4046.982	4045.932	4046.092	94	0	240
2026.07.29	07:45:00	4045.778	4046.797	4045.775	4046.408	116	0	240
2026.07.29	07:46:00	4046.396	4046.396	4045.256	4046.059	88	0	240
2026.07.29	07:47:00	4045.750	4046.585	4045.750	4045.924	99	0	240
2026.07.29	07:48:00	4045.906	4045.906	4044.770	4045.178	91	0	240
2026.07.29	07:49:00	4045.228	4045.383	4044.109	4044.671	118	0	240
2026.07.29	07:50:00	4044.367	4044.490	4043.705	4043.923	121	0	240
2026.07.29	07:51:00	4044.031	4044.581	4043.882	4044.350	95	0	240
2026.07.29	07:52:00	4044.656	4044.755	4043.485	4043.635	98	0	240
2026.07.29	07:53:00	4043.687	4043.931	4042.694	4043.422	111	0	240
2026.07.29	07:54:00	4043.184	4043.859	4042.971	4043.542	90	0	240
2026.07.29	07:55:00	4043.280	4043.818	4042.977	4043.289	110	0	240
2026.07.29	07:56:00	4043.596	4043.925	4042.836	4043.730	105	0	240
2026.07.29	07:57:00	4043.927	4044.251	4043.585	4043.900	98	0	240
2026.07.29	07:58:00	4043.948	4044.347	4042.727	4043.095	98	0	240
2026.07.29	07:59:00	4043.099	4043.882	4042.978	4043.882	96	0	240
2026.07.29	08:00:00	4043.832	4044.457	4043.196	4043.839	163	0	240
2026.07.29	08:01:00	4043.887	4044.323	4043.445	4043.965	146	0	240
2026.07.29	08:02:00	4043.916	4044.231	4042.580	4042.952	161	0	240
2026.07.29	08:03:00	4042.955	4043.317	4042.618	4043.009	129	0	240
2026.07.29	08:04:00	4043.059	4044.251	4042.776	4043.565	122	0	240
2026.07.29	08:05:00	4043.514	4043.801	4043.115	4043.313	91	0	240
2026.07.29	08:06:00	4043.227	4043.812	4043.001	4043.721	103	0	240
2026.07.29	08:07:00	4043.782	4043.912	4043.010	4043.023	114	0	240
2026.07.29	08:08:00	4043.081	4043.611	4042.355	4042.729	131	0	240
2026.07.29	08:09:00	4042.747	4042.747	4040.638	4041.188	168	0	240
2026.07.29	08:10:00	4041.247	4042.339	4041.247	4041.835	139	0	240
2026.07.29	08:11:00	4041.707	4042.081	4040.255	4040.587	140	0	240
2026.07.29	08:12:00	4040.635	4040.664	4039.335	4040.376	141	0	240
2026.07.29	08:13:00	4040.275	4040.677	4039.942	4040.182	112	0	240
2026.07.29	08:14:00	4040.285	4040.334	4039.097	4039.234	118	0	240
2026.07.29	08:15:00	4039.269	4041.318	4039.269	4040.681	144	0	240
2026.07.29	08:16:00	4040.730	4041.401	4040.245	4040.954	110	0	240
2026.07.29	08:17:00	4041.172	4042.327	4040.579	4041.810	120	0	240
2026.07.29	08:18:00	4041.816	4041.919	4040.854	4041.098	92	0	240
2026.07.29	08:19:00	4041.183	4041.592	4040.604	4040.616	108	0	240
2026.07.29	08:20:00	4040.843	4040.845	4039.830	4040.061	98	0	240
2026.07.29	08:21:00	4040.133	4040.515	4039.147	4039.599	103	0	240
2026.07.29	08:22:00	4039.515	4039.763	4039.108	4039.347	95	0	240
2026.07.29	08:23:00	4039.205	4039.476	4038.723	4039.191	123	0	240
2026.07.29	08:24:00	4038.950	4039.591	4037.411	4037.841	156	0	240
2026.07.29	08:25:00	4037.836	4038.187	4036.977	4037.207	125	0	240
2026.07.29	08:26:00	4037.132	4037.515	4035.855	4035.990	159	0	240
2026.07.29	08:27:00	4036.107	4037.620	4035.441	4037.317	139	0	240
2026.07.29	08:28:00	4037.469	4037.711	4036.890	4037.146	128	0	240
2026.07.29	08:29:00	4037.109	4037.548	4036.957	4037.323	104	0	240
2026.07.29	08:30:00	4037.268	4037.326	4035.783	4036.621	227	0	240
2026.07.29	08:31:00	4036.648	4037.594	4036.408	4037.396	154	0	240
2026.07.29	08:32:00	4037.445	4037.975	4036.277	4037.734	178	0	240
2026.07.29	08:33:00	4037.423	4037.751	4036.076	4036.315	122	0	240
2026.07.29	08:34:00	4036.304	4036.749	4035.834	4036.109	110	0	240
2026.07.29	08:35:00	4036.106	4036.894	4036.031	4036.894	87	0	240
2026.07.29	08:36:00	4036.836	4037.971	4036.686	4037.485	87	0	240
2026.07.29	08:37:00	4037.200	4037.698	4036.947	4036.991	91	0	240
2026.07.29	08:38:00	4037.017	4038.969	4036.686	4038.517	130	0	240
2026.07.29	08:39:00	4038.518	4038.540	4037.405	4038.119	135	0	240
2026.07.29	08:40:00	4037.857	4038.867	4037.673	4038.713	95	0	240
2026.07.29	08:41:00	4038.764	4039.035	4037.488	4037.811	109	0	240
2026.07.29	08:42:00	4037.862	4038.555	4037.558	4038.334	98	0	240
2026.07.29	08:43:00	4038.249	4039.014	4038.086	4038.852	109	0	240
2026.07.29	08:44:00	4038.580	4039.312	4037.970	4038.284	97	0	240
2026.07.29	08:45:00	4038.285	4038.726	4037.717	4038.458	97	0	240
2026.07.29	08:46:00	4038.514	4039.724	4038.260	4039.639	111	0	240
2026.07.29	08:47:00	4039.516	4040.071	4038.662	4039.323	117	0	240
2026.07.29	08:48:00	4039.058	4039.339	4037.557	4037.921	97	0	240
2026.07.29	08:49:00	4037.662	4038.410	4037.370	4037.771	118	0	240
2026.07.29	08:50:00	4037.583	4038.199	4036.922	4037.785	156	0	240
2026.07.29	08:51:00	4037.739	4038.413	4037.446	4038.413	109	0	240
2026.07.29	08:52:00	4038.479	4039.192	4037.828	4038.898	119	0	240
2026.07.29	08:53:00	4038.947	4039.353	4037.778	4038.798	169	0	240
2026.07.29	08:54:00	4038.798	4040.213	4038.738	4039.070	190	0	240
2026.07.29	08:55:00	4039.075	4039.367	4038.733	4039.362	92	0	240
2026.07.29	08:56:00	4039.362	4039.511	4038.462	4038.808	113	0	240
2026.07.29	08:57:00	4038.515	4039.133	4037.970	4038.850	129	0	240
2026.07.29	08:58:00	4038.841	4039.157	4037.413	4037.548	86	0	240
2026.07.29	08:59:00	4037.771	4037.779	4037.052	4037.444	99	0	240
2026.07.29	09:00:00	4037.493	4038.430	4036.341	4036.962	145	0	240
2026.07.29	09:01:00	4037.058	4037.931	4036.534	4037.671	119	0	240
2026.07.29	09:02:00	4037.730	4038.177	4036.925	4037.221	111	0	240
2026.07.29	09:03:00	4037.216	4037.895	4036.512	4037.616	107	0	240
2026.07.29	09:04:00	4037.625	4038.013	4037.126	4037.356	79	0	240
2026.07.29	09:05:00	4037.379	4037.460	4036.680	4037.130	93	0	240
2026.07.29	09:06:00	4036.892	4037.599	4036.521	4036.717	93	0	240
2026.07.29	09:07:00	4036.696	4036.696	4035.728	4036.610	99	0	240
2026.07.29	09:08:00	4036.561	4036.604	4036.061	4036.362	79	0	240
2026.07.29	09:09:00	4036.565	4037.861	4036.379	4037.577	104	0	240
2026.07.29	09:10:00	4037.521	4037.811	4036.878	4037.068	87	0	240
2026.07.29	09:11:00	4037.034	4037.181	4036.361	4036.667	83	0	240
2026.07.29	09:12:00	4036.518	4037.191	4036.263	4036.263	90	0	240
2026.07.29	09:13:00	4036.260	4036.536	4035.817	4036.295	90	0	240
2026.07.29	09:14:00	4036.274	4036.484	4035.449	4036.321	98	0	240
2026.07.29	09:15:00	4036.333	4037.211	4036.008	4037.015	97	0	240
2026.07.29	09:16:00	4036.986	4037.277	4036.606	4036.838	76	0	240
2026.07.29	09:17:00	4036.789	4037.232	4036.624	4037.021	77	0	240
2026.07.29	09:18:00	4037.106	4037.393	4036.899	4036.941	72	0	240
2026.07.29	09:19:00	4037.189	4037.554	4036.874	4036.995	84	0	240
2026.07.29	09:20:00	4036.972	4037.088	4035.673	4035.856	94	0	240
2026.07.29	09:21:00	4035.607	4036.151	4035.044	4035.565	77	0	240
2026.07.29	09:22:00	4035.293	4036.205	4035.190	4035.292	101	0	240
2026.07.29	09:23:00	4035.342	4035.467	4033.779	4034.367	94	0	240
2026.07.29	09:24:00	4034.257	4035.120	4034.107	4034.775	95	0	240
2026.07.29	09:25:00	4034.578	4034.833	4033.674	4034.363	118	0	240
2026.07.29	09:26:00	4034.581	4034.795	4033.603	4033.820	117	0	240
2026.07.29	09:27:00	4033.878	4034.295	4033.602	4033.699	72	0	240
2026.07.29	09:28:00	4033.713	4034.275	4033.410	4034.252	84	0	240
2026.07.29	09:29:00	4034.051	4034.275	4033.463	4033.858	112	0	240
2026.07.29	09:30:00	4033.911	4034.358	4031.110	4032.088	303	0	240
2026.07.29	09:31:00	4032.078	4033.090	4031.957	4032.363	164	0	240
2026.07.29	09:32:00	4032.389	4033.176	4031.698	4032.693	194	0	240
2026.07.29	09:33:00	4032.669	4034.696	4032.455	4034.280	190	0	240
2026.07.29	09:34:00	4034.276	4034.724	4033.432	4033.797	123	0	240
2026.07.29	09:35:00	4033.909	4034.315	4033.274	4033.798	119	0	240
2026.07.29	09:36:00	4033.607	4034.414	4033.328	4034.165	89	0	240
2026.07.29	09:37:00	4034.426	4034.784	4033.830	4034.286	104	0	240
2026.07.29	09:38:00	4034.235	4034.950	4033.378	4034.771	116	0	240
2026.07.29	09:39:00	4034.537	4034.793	4032.607	4033.021	159	0	240
2026.07.29	09:40:00	4032.987	4033.351	4032.467	4033.024	127	0	240
2026.07.29	09:41:00	4032.969	4034.621	4032.448	4034.287	140	0	240
2026.07.29	09:42:00	4034.037	4034.816	4033.617	4034.439	133	0	240
2026.07.29	09:43:00	4034.531	4034.833	4033.994	4034.334	90	0	240
2026.07.29	09:44:00	4034.112	4034.934	4033.977	4034.203	102	0	240
2026.07.29	09:45:00	4034.094	4034.927	4034.094	4034.233	116	0	240
2026.07.29	09:46:00	4034.287	4035.724	4034.002	4035.476	132	0	240
2026.07.29	09:47:00	4035.176	4035.400	4034.646	4035.176	88	0	240
2026.07.29	09:48:00	4034.958	4035.188	4034.250	4034.569	99	0	240
2026.07.29	09:49:00	4034.374	4035.713	4034.374	4035.616	106	0	240
2026.07.29	09:50:00	4035.507	4036.156	4035.234	4036.116	91	0	240
2026.07.29	09:51:00	4036.166	4036.380	4035.325	4035.657	74	0	240
2026.07.29	09:52:00	4035.603	4036.242	4035.348	4036.098	87	0	240
2026.07.29	09:53:00	4035.998	4036.086	4034.975	4035.094	76	0	240
2026.07.29	09:54:00	4035.109	4035.703	4034.798	4035.401	88	0	240
2026.07.29	09:55:00	4035.092	4035.258	4033.909	4033.923	137	0	240
2026.07.29	09:56:00	4033.857	4034.172	4033.581	4033.648	93	0	240
2026.07.29	09:57:00	4033.610	4033.626	4031.923	4033.047	152	0	240
2026.07.29	09:58:00	4033.097	4033.450	4032.771	4033.263	90	0	240
2026.07.29	09:59:00	4032.965	4033.326	4031.921	4032.749	133	0	240
2026.07.29	10:00:00	4032.803	4033.655	4031.861	4033.093	145	0	240
2026.07.29	10:01:00	4033.204	4033.587	4032.578	4033.306	121	0	240
2026.07.29	10:02:00	4033.322	4033.714	4032.677	4032.799	104	0	240
2026.07.29	10:03:00	4032.959	4033.780	4032.624	4032.691	116	0	240
2026.07.29	10:04:00	4032.637	4033.330	4032.061	4033.034	110	0	240
2026.07.29	10:05:00	4033.036	4033.963	4031.725	4033.151	209	0	240
2026.07.29	10:06:00	4032.802	4033.742	4030.864	4032.453	280	0	240
2026.07.29	10:07:00	4032.224	4033.075	4031.436	4032.753	204	0	240
2026.07.29	10:08:00	4032.972	4033.267	4031.888	4032.323	134	0	240
2026.07.29	10:09:00	4032.548	4032.779	4031.880	4032.779	126	0	240
2026.07.29	10:10:00	4032.592	4033.593	4032.571	4033.146	128	0	240
2026.07.29	10:11:00	4033.079	4033.336	4032.133	4032.133	120	0	240
2026.07.29	10:12:00	4032.161	4033.002	4031.449	4032.158	153	0	240
2026.07.29	10:13:00	4032.158	4032.330	4031.241	4031.767	127	0	240
2026.07.29	10:14:00	4031.871	4032.208	4030.914	4031.759	187	0	240
2026.07.29	10:15:00	4031.785	4032.093	4030.471	4031.027	136	0	240
2026.07.29	10:16:00	4031.028	4032.098	4030.590	4031.743	107	0	240
2026.07.29	10:17:00	4031.777	4032.099	4030.142	4030.473	106	0	240
2026.07.29	10:18:00	4030.508	4031.692	4030.196	4031.391	158	0	240
2026.07.29	10:19:00	4031.368	4032.403	4030.756	4032.351	121	0	240
2026.07.29	10:20:00	4032.070	4032.760	4031.649	4031.849	120	0	240
2026.07.29	10:21:00	4031.753	4032.000	4031.079	4031.230	81	0	240
2026.07.29	10:22:00	4031.234	4031.942	4031.177	4031.942	83	0	240
2026.07.29	10:23:00	4031.702	4031.950	4031.214	4031.458	93	0	240
2026.07.29	10:24:00	4031.508	4031.850	4031.186	4031.454	68	0	240
2026.07.29	10:25:00	4031.484	4031.636	4030.195	4030.564	126	0	240
2026.07.29	10:26:00	4030.815	4031.817	4030.501	4031.793	119	0	240
2026.07.29	10:27:00	4031.539	4032.190	4031.321	4031.850	108	0	240
2026.07.29	10:28:00	4031.862	4032.539	4031.723	4032.369	94	0	240
2026.07.29	10:29:00	4032.131	4033.412	4032.044	4032.862	104	0	240
2026.07.29	10:30:00	4033.065	4033.920	4032.674	4033.597	103	0	240
2026.07.29	10:31:00	4033.532	4034.449	4033.199	4034.115	124	0	240
2026.07.29	10:32:00	4034.037	4034.235	4033.026	4033.174	76	0	240
2026.07.29	10:33:00	4032.924	4034.225	4032.924	4034.192	111	0	240
2026.07.29	10:34:00	4034.141	4034.414	4032.087	4032.184	103	0	240
2026.07.29	10:35:00	4032.120	4032.650	4031.702	4032.324	106	0	240
2026.07.29	10:36:00	4032.321	4032.321	4030.886	4031.388	122	0	240
2026.07.29	10:37:00	4031.339	4031.713	4030.850	4031.299	136	0	240
2026.07.29	10:38:00	4031.301	4031.843	4029.236	4029.815	172	0	240
2026.07.29	10:39:00	4029.731	4030.456	4028.731	4029.227	142	0	240
2026.07.29	10:40:00	4029.281	4029.595	4028.186	4028.322	172	0	240
2026.07.29	10:41:00	4028.272	4028.995	4028.007	4028.557	116	0	240
2026.07.29	10:42:00	4028.648	4028.814	4028.068	4028.416	113	0	240
2026.07.29	10:43:00	4028.402	4028.433	4026.130	4026.893	187	0	240
2026.07.29	10:44:00	4026.941	4027.790	4026.865	4027.486	115	0	240
2026.07.29	10:45:00	4027.423	4027.768	4026.859	4027.028	114	0	240
2026.07.29	10:46:00	4027.026	4027.293	4026.348	4027.111	111	0	240
2026.07.29	10:47:00	4027.062	4027.539	4026.883	4027.383	95	0	240
2026.07.29	10:48:00	4027.364	4027.962	4026.727	4027.461	94	0	240
2026.07.29	10:49:00	4027.824	4027.965	4027.008	4027.761	94	0	240
2026.07.29	10:50:00	4027.556	4028.194	4027.036	4027.961	101	0	240
2026.07.29	10:51:00	4027.899	4028.526	4026.258	4026.594	133	0	240
2026.07.29	10:52:00	4026.609	4026.773	4025.792	4026.410	104	0	240
2026.07.29	10:53:00	4026.411	4026.927	4026.316	4026.435	90	0	240
2026.07.29	10:54:00	4026.568	4027.072	4026.443	4026.963	75	0	240
2026.07.29	10:55:00	4026.720	4026.977	4026.150	4026.476	94	0	240
2026.07.29	10:56:00	4026.481	4027.117	4025.889	4026.758	98	0	240
2026.07.29	10:57:00	4026.702	4026.999	4026.517	4026.783	80	0	240
2026.07.29	10:58:00	4026.889	4027.230	4026.435	4026.587	91	0	240
2026.07.29	10:59:00	4026.573	4027.563	4026.459	4027.211	103	0	240
2026.07.29	11:00:00	4027.340	4028.489	4027.058	4028.137	211	0	240
2026.07.29	11:01:00	4028.442	4028.887	4027.514	4028.676	172	0	240
2026.07.29	11:02:00	4028.724	4029.370	4028.039	4028.482	137	0	240
2026.07.29	11:03:00	4028.489	4028.547	4027.611	4027.912	120	0	240
2026.07.29	11:04:00	4028.026	4028.181	4027.510	4028.146	93	0	240
2026.07.29	11:05:00	4027.865	4028.403	4027.178	4027.178	107	0	240
2026.07.29	11:06:00	4027.300	4027.300	4025.966	4026.263	132	0	240
2026.07.29	11:07:00	4026.251	4026.732	4024.826	4025.431	167	0	240
2026.07.29	11:08:00	4025.540	4026.581	4025.308	4026.562	141	0	240
2026.07.29	11:09:00	4026.325	4026.589	4025.465	4026.123	128	0	240
2026.07.29	11:10:00	4026.095	4027.163	4025.942	4027.116	102	0	240
2026.07.29	11:11:00	4026.865	4028.305	4026.683	4027.670	108	0	240
2026.07.29	11:12:00	4027.454	4029.070	4027.454	4028.668	109	0	240
2026.07.29	11:13:00	4028.611	4029.454	4028.362	4028.798	116	0	240
2026.07.29	11:14:00	4028.873	4029.618	4028.151	4029.511	93	0	240
2026.07.29	11:15:00	4029.514	4029.872	4028.284	4028.814	96	0	240
2026.07.29	11:16:00	4028.572	4029.213	4028.492	4028.753	78	0	240
2026.07.29	11:17:00	4028.701	4029.898	4028.520	4029.849	116	0	240
2026.07.29	11:18:00	4029.623	4032.633	4029.524	4032.525	176	0	240
2026.07.29	11:19:00	4032.475	4032.589	4031.841	4032.439	135	0	240
2026.07.29	11:20:00	4032.451	4032.864	4031.703	4032.864	113	0	240
2026.07.29	11:21:00	4032.790	4032.973	4032.147	4032.635	103	0	240
2026.07.29	11:22:00	4032.443	4032.895	4031.756	4032.215	97	0	240
2026.07.29	11:23:00	4032.125	4032.585	4031.791	4032.420	98	0	240
2026.07.29	11:24:00	4032.438	4032.935	4032.039	4032.520	76	0	240
2026.07.29	11:25:00	4032.317	4032.486	4031.753	4032.032	91	0	240
2026.07.29	11:26:00	4032.095	4033.042	4031.764	4031.959	92	0	240
2026.07.29	11:27:00	4031.959	4032.217	4031.609	4032.087	70	0	240
2026.07.29	11:28:00	4031.757	4033.637	4031.757	4033.353	143	0	240
2026.07.29	11:29:00	4033.331	4033.590	4032.481	4032.666	120	0	240
2026.07.29	11:30:00	4032.716	4032.912	4032.072	4032.545	93	0	240
2026.07.29	11:31:00	4032.390	4032.760	4031.871	4032.427	82	0	240
2026.07.29	11:32:00	4032.127	4032.421	4031.153	4031.528	140	0	240
2026.07.29	11:33:00	4031.651	4032.057	4031.239	4031.597	98	0	240
2026.07.29	11:34:00	4031.343	4032.408	4031.273	4031.924	82	0	240
2026.07.29	11:35:00	4031.621	4032.093	4030.362	4030.902	105	0	240
2026.07.29	11:36:00	4030.727	4031.057	4029.974	4030.838	97	0	240
2026.07.29	11:37:00	4030.957	4031.667	4030.620	4031.055	91	0	240
2026.07.29	11:38:00	4031.105	4031.759	4030.788	4031.759	77	0	240
2026.07.29	11:39:00	4031.508	4032.256	4031.021	4031.715	94	0	240
2026.07.29	11:40:00	4031.747	4032.105	4031.375	4031.608	89	0	240
2026.07.29	11:41:00	4031.559	4031.866	4031.208	4031.866	81	0	240
2026.07.29	11:42:00	4031.636	4032.367	4031.420	4031.646	96	0	240
2026.07.29	11:43:00	4031.603	4031.964	4031.398	4031.511	79	0	240
2026.07.29	11:44:00	4031.730	4031.742	4030.675	4031.027	121	0	240
2026.07.29	11:45:00	4031.041	4032.163	4030.344	4031.799	116	0	240
2026.07.29	11:46:00	4031.690	4031.860	4031.337	4031.791	76	0	240
2026.07.29	11:47:00	4031.871	4033.910	4031.689	4033.083	294	0	240
2026.07.29	11:48:00	4033.163	4036.087	4032.425	4035.024	283	0	240
2026.07.29	11:49:00	4034.974	4035.233	4034.196	4034.600	188	0	240
2026.07.29	11:50:00	4034.545	4034.774	4033.150	4033.150	118	0	240
2026.07.29	11:51:00	4033.418	4034.139	4032.799	4033.331	132	0	240
2026.07.29	11:52:00	4033.257	4034.821	4032.933	4033.455	168	0	240
2026.07.29	11:53:00	4033.479	4033.547	4032.268	4033.010	136	0	240
2026.07.29	11:54:00	4033.001	4033.447	4031.739	4031.948	126	0	240
2026.07.29	11:55:00	4032.262	4032.463	4031.357	4031.716	125	0	240
2026.07.29	11:56:00	4031.942	4032.781	4031.530	4032.229	106	0	240
2026.07.29	11:57:00	4032.180	4032.548	4031.158	4031.621	114	0	240
2026.07.29	11:58:00	4031.574	4032.167	4031.448	4032.102	91	0	240
2026.07.29	11:59:00	4032.151	4032.648	4031.827	4032.616	91	0	240
2026.07.29	12:00:00	4032.665	4033.541	4030.850	4030.950	163	0	240
2026.07.29	12:01:00	4031.254	4031.965	4031.091	4031.440	129	0	240
2026.07.29	12:02:00	4031.694	4031.694	4030.201	4030.558	108	0	240
2026.07.29	12:03:00	4030.504	4031.113	4030.401	4030.691	128	0	240
2026.07.29	12:04:00	4030.805	4031.170	4030.257	4030.445	102	0	240
2026.07.29	12:05:00	4030.542	4031.031	4030.145	4030.513	143	0	240
2026.07.29	12:06:00	4030.563	4030.762	4029.499	4029.970	132	0	240
2026.07.29	12:07:00	4029.921	4031.324	4029.615	4030.785	137	0	240
2026.07.29	12:08:00	4031.086	4031.296	4030.023	4030.450	145	0	240
2026.07.29	12:09:00	4030.450	4030.462	4028.476	4030.140	156	0	240
2026.07.29	12:10:00	4029.837	4031.048	4029.576	4030.353	152	0	240
2026.07.29	12:11:00	4030.305	4030.305	4028.780	4029.563	106	0	240
2026.07.29	12:12:00	4029.329	4029.637	4027.814	4028.068	114	0	240
2026.07.29	12:13:00	4028.084	4028.632	4027.957	4027.957	122	0	240
2026.07.29	12:14:00	4027.957	4028.083	4025.864	4026.904	255	0	240
2026.07.29	12:15:00	4027.228	4027.661	4025.706	4027.312	227	0	240
2026.07.29	12:16:00	4027.368	4027.427	4022.399	4022.610	817	0	240
2026.07.29	12:17:00	4022.532	4023.052	4019.145	4022.329	789	0	240
2026.07.29	12:18:00	4022.274	4023.040	4019.860	4022.882	550	0	240
2026.07.29	12:19:00	4023.035	4023.483	4018.755	4018.755	501	0	240
2026.07.29	12:20:00	4018.671	4020.292	4017.017	4017.140	569	0	240
2026.07.29	12:21:00	4017.277	4019.474	4016.342	4017.589	443	0	240
2026.07.29	12:22:00	4017.538	4017.590	4014.216	4016.875	529	0	240
2026.07.29	12:23:00	4017.062	4018.424	4015.997	4017.667	374	0	240
2026.07.29	12:24:00	4017.616	4017.691	4015.668	4015.832	296	0	240
2026.07.29	12:25:00	4015.892	4017.444	4014.762	4015.105	324	0	240
2026.07.29	12:26:00	4015.164	4016.898	4014.579	4016.035	327	0	240
2026.07.29	12:27:00	4016.193	4017.294	4015.152	4015.477	294	0	240
2026.07.29	12:28:00	4015.474	4017.282	4014.719	4016.531	231	0	240
2026.07.29	12:29:00	4016.832	4016.940	4012.449	4013.078	300	0	240
2026.07.29	12:30:00	4013.279	4015.089	4009.074	4014.425	564	0	240
2026.07.29	12:31:00	4014.492	4016.585	4014.295	4014.842	272	0	240
2026.07.29	12:32:00	4014.634	4015.871	4013.774	4015.813	265	0	240
2026.07.29	12:33:00	4015.865	4015.942	4014.548	4015.488	275	0	240
2026.07.29	12:34:00	4015.439	4018.737	4014.866	4018.179	284	0	240
2026.07.29	12:35:00	4018.228	4019.113	4017.200	4017.734	228	0	240
2026.07.29	12:36:00	4017.659	4018.508	4016.994	4017.108	223	0	240
2026.07.29	12:37:00	4017.360	4019.141	4016.949	4018.851	248	0	240
2026.07.29	12:38:00	4018.848	4020.338	4018.716	4019.433	219	0	240
2026.07.29	12:39:00	4019.378	4022.352	4019.378	4021.456	255	0	240
2026.07.29	12:40:00	4021.512	4021.906	4018.418	4018.626	288	0	240
2026.07.29	12:41:00	4018.676	4019.292	4017.271	4018.996	296	0	240
2026.07.29	12:42:00	4018.864	4020.444	4018.708	4019.941	192	0	240
2026.07.29	12:43:00	4019.890	4020.997	4019.678	4020.529	163	0	240
2026.07.29	12:44:00	4020.578	4021.051	4020.297	4020.878	160	0	240
2026.07.29	12:45:00	4020.890	4021.138	4019.269	4020.474	192	0	240
2026.07.29	12:46:00	4020.534	4022.269	4020.534	4022.269	161	0	240
2026.07.29	12:47:00	4022.219	4023.339	4021.520	4022.635	209	0	240
2026.07.29	12:48:00	4022.332	4022.715	4021.805	4022.396	155	0	240
2026.07.29	12:49:00	4022.344	4022.406	4020.146	4020.146	145	0	240
2026.07.29	12:50:00	4020.251	4021.524	4019.798	4020.874	190	0	240
2026.07.29	12:51:00	4020.774	4020.988	4018.959	4019.158	199	0	240
2026.07.29	12:52:00	4019.207	4021.558	4018.955	4021.262	179	0	240
2026.07.29	12:53:00	4021.401	4022.313	4020.937	4020.937	172	0	240
2026.07.29	12:54:00	4020.989	4022.128	4020.638	4021.810	192	0	240
2026.07.29	12:55:00	4021.859	4022.172	4021.016	4021.589	157	0	240
2026.07.29	12:56:00	4021.720	4023.565	4021.670	4022.953	124	0	240
2026.07.29	12:57:00	4022.962	4023.553	4021.905	4022.324	165	0	240
2026.07.29	12:58:00	4022.260	4022.467	4021.662	4022.313	138	0	240
2026.07.29	12:59:00	4022.366	4022.582	4021.353	4022.529	170	0	240
2026.07.29	13:00:00	4022.600	4025.415	4021.692	4024.858	548	0	240
2026.07.29	13:01:00	4024.788	4026.509	4023.687	4024.556	348	0	240
2026.07.29	13:02:00	4024.592	4025.335	4023.729	4023.729	292	0	240
2026.07.29	13:03:00	4023.677	4023.677	4019.660	4019.931	362	0	240
2026.07.29	13:04:00	4019.881	4020.979	4018.702	4018.905	288	0	240
2026.07.29	13:05:00	4018.957	4019.411	4016.711	4017.917	413	0	240
2026.07.29	13:06:00	4017.965	4018.617	4017.069	4017.550	279	0	240
2026.07.29	13:07:00	4017.359	4018.222	4016.373	4017.304	272	0	240
2026.07.29	13:08:00	4017.296	4018.297	4016.218	4016.218	243	0	240
2026.07.29	13:09:00	4016.301	4016.985	4015.269	4016.249	217	0	240
2026.07.29	13:10:00	4016.202	4018.473	4015.907	4017.680	208	0	240
2026.07.29	13:11:00	4017.847	4018.869	4016.343	4016.505	243	0	240
2026.07.29	13:12:00	4016.312	4017.377	4015.473	4015.621	249	0	240
2026.07.29	13:13:00	4015.567	4016.505	4015.224	4016.378	260	0	240
2026.07.29	13:14:00	4016.096	4016.578	4014.894	4015.846	206	0	240
2026.07.29	13:15:00	4015.481	4016.362	4014.048	4016.036	276	0	240
2026.07.29	13:16:00	4016.133	4018.213	4015.776	4018.049	251	0	240
2026.07.29	13:17:00	4017.998	4018.541	4016.402	4017.311	239	0	240
2026.07.29	13:18:00	4017.185	4018.537	4016.633	4017.911	223	0	240
2026.07.29	13:19:00	4017.832	4018.229	4016.686	4017.233	248	0	240
2026.07.29	13:20:00	4017.136	4018.617	4015.542	4016.609	295	0	240
2026.07.29	13:21:00	4016.667	4020.199	4016.517	4019.425	322	0	240
2026.07.29	13:22:00	4019.428	4022.188	4018.838	4022.038	341	0	240
2026.07.29	13:23:00	4021.989	4023.375	4021.227	4022.117	211	0	240
2026.07.29	13:24:00	4022.169	4022.169	4020.281	4020.551	224	0	240
2026.07.29	13:25:00	4020.504	4021.506	4019.609	4020.851	263	0	240
2026.07.29	13:26:00	4020.686	4022.526	4019.958	4022.526	217	0	240
2026.07.29	13:27:00	4022.244	4023.027	4019.152	4020.025	315	0	240
2026.07.29	13:28:00	4020.135	4020.413	4017.249	4018.458	260	0	240
2026.07.29	13:29:00	4018.309	4018.801	4013.630	4014.639	290	0	240
2026.07.29	13:30:00	4014.588	4016.057	4011.502	4013.450	869	0	240
2026.07.29	13:31:00	4013.502	4015.717	4012.215	4014.137	642	0	240
2026.07.29	13:32:00	4014.189	4014.452	4012.147	4012.568	710	0	240
2026.07.29	13:33:00	4012.518	4014.994	4009.836	4014.792	883	0	240
2026.07.29	13:34:00	4014.848	4017.878	4014.764	4017.399	534	0	240
2026.07.29	13:35:00	4017.094	4017.424	4015.066	4016.855	429	0	240
2026.07.29	13:36:00	4016.968	4017.982	4015.790	4017.271	401	0	240
2026.07.29	13:37:00	4017.457	4017.596	4014.463	4016.560	354	0	240
2026.07.29	13:38:00	4016.421	4016.960	4013.984	4014.870	450	0	240
2026.07.29	13:39:00	4014.806	4016.341	4014.391	4016.239	383	0	240
2026.07.29	13:40:00	4016.191	4016.191	4013.175	4013.905	417	0	240
2026.07.29	13:41:00	4013.959	4015.682	4012.985	4015.343	342	0	240
2026.07.29	13:42:00	4015.034	4015.952	4013.176	4013.894	286	0	240
2026.07.29	13:43:00	4013.846	4015.102	4013.405	4013.835	330	0	240
2026.07.29	13:44:00	4013.884	4014.585	4012.645	4013.717	375	0	240
2026.07.29	13:45:00	4013.660	4014.310	4011.448	4013.263	452	0	240
2026.07.29	13:46:00	4013.313	4014.046	4011.701	4012.847	412	0	240
2026.07.29	13:47:00	4012.794	4013.395	4010.860	4012.825	464	0	240
2026.07.29	13:48:00	4012.878	4014.933	4011.409	4014.396	462	0	240
2026.07.29	13:49:00	4014.571	4016.075	4013.626	4015.325	322	0	240
2026.07.29	13:50:00	4015.273	4015.273	4011.373	4011.517	358	0	240
2026.07.29	13:51:00	4011.474	4012.232	4009.779	4010.833	299	0	240
2026.07.29	13:52:00	4010.804	4011.927	4007.097	4008.154	446	0	240
2026.07.29	13:53:00	4008.209	4010.318	4007.063	4009.619	397	0	240
2026.07.29	13:54:00	4009.566	4009.937	4006.533	4008.964	402	0	240
2026.07.29	13:55:00	4009.166	4009.219	4006.559	4007.895	369	0	240
2026.07.29	13:56:00	4007.841	4007.841	4004.437	4004.893	305	0	240
2026.07.29	13:57:00	4004.832	4006.705	4003.597	4005.129	433	0	240
2026.07.29	13:58:00	4005.264	4007.539	4002.443	4007.539	443	0	240
2026.07.29	13:59:00	4007.486	4008.053	4005.430	4007.139	388	0	240
2026.07.29	14:00:00	4007.191	4008.611	4002.286	4003.378	703	0	240
2026.07.29	14:01:00	4003.319	4004.914	4003.016	4003.495	386	0	240
2026.07.29	14:02:00	4003.444	4005.830	4002.467	4003.101	610	0	240
2026.07.29	14:03:00	4003.041	4004.771	4000.997	4003.463	564	0	240
2026.07.29	14:04:00	4003.405	4006.439	4003.055	4006.033	364	0	240
2026.07.29	14:05:00	4005.834	4006.562	4004.146	4004.545	348	0	240
2026.07.29	14:06:00	4004.850	4006.538	4003.453	4004.862	409	0	240
2026.07.29	14:07:00	4004.802	4004.802	4000.773	4000.887	444	0	240
2026.07.29	14:08:00	4000.571	4001.808	3998.737	3999.783	360	0	240
2026.07.29	14:09:00	3999.422	4001.730	3999.271	3999.663	483	0	240
2026.07.29	14:10:00	3999.609	4000.826	3998.044	3999.897	360	0	240
2026.07.29	14:11:00	4000.003	4001.364	3999.376	3999.492	405	0	240
2026.07.29	14:12:00	3999.426	4000.343	3997.475	3997.723	405	0	240
2026.07.29	14:13:00	3997.520	3998.102	3995.784	3997.798	365	0	240
2026.07.29	14:14:00	3997.747	3999.380	3996.740	3999.380	339	0	240
2026.07.29	14:15:00	3999.278	4001.511	3998.699	4000.567	441	0	240
2026.07.29	14:16:00	4000.262	4003.198	3999.922	4003.004	437	0	240
2026.07.29	14:17:00	4003.074	4003.687	4002.177	4002.636	391	0	240
2026.07.29	14:18:00	4002.507	4009.066	4002.489	4008.220	430	0	240
2026.07.29	14:19:00	4008.171	4009.062	4006.999	4007.840	404	0	240
2026.07.29	14:20:00	4007.532	4008.987	4006.449	4008.138	401	0	240
2026.07.29	14:21:00	4008.381	4008.945	4007.168	4008.372	448	0	240
2026.07.29	14:22:00	4008.401	4009.415	4007.302	4008.374	321	0	240
2026.07.29	14:23:00	4008.321	4009.781	4008.058	4008.943	359	0	240
2026.07.29	14:24:00	4008.680	4010.254	4007.994	4009.560	283	0	240
2026.07.29	14:25:00	4009.814	4009.866	4007.878	4007.932	306	0	240
2026.07.29	14:26:00	4007.881	4008.077	4005.655	4005.856	373	0	240
2026.07.29	14:27:00	4005.908	4006.314	4003.509	4004.119	374	0	240
2026.07.29	14:28:00	4004.229	4006.199	4003.975	4006.133	326	0	240
2026.07.29	14:29:00	4006.186	4007.470	4005.104	4005.541	311	0	240
2026.07.29	14:30:00	4005.252	4006.831	4003.831	4006.574	201	0	240
2026.07.29	14:31:00	4006.742	4008.686	4006.223	4006.874	213	0	240
2026.07.29	14:32:00	4007.097	4007.879	4006.287	4007.554	202	0	240
2026.07.29	14:33:00	4007.501	4009.233	4007.137	4008.625	289	0	240
2026.07.29	14:34:00	4008.648	4009.322	4007.180	4007.858	276	0	240
2026.07.29	14:35:00	4007.793	4008.509	4005.830	4006.616	366	0	240
2026.07.29	14:36:00	4006.651	4007.168	4005.894	4007.137	289	0	240
2026.07.29	14:37:00	4007.189	4007.431	4005.300	4006.050	241	0	240
2026.07.29	14:38:00	4005.999	4007.152	4005.231	4005.628	284	0	240
2026.07.29	14:39:00	4005.580	4006.014	4003.027	4004.549	285	0	240
2026.07.29	14:40:00	4004.501	4005.246	4003.833	4004.151	322	0	240
2026.07.29	14:41:00	4004.203	4006.604	4003.772	4005.732	288	0	240
2026.07.29	14:42:00	4005.615	4005.615	4002.930	4002.981	284	0	240
2026.07.29	14:43:00	4003.038	4003.460	3998.819	4000.261	452	0	240
2026.07.29	14:44:00	4000.204	4001.311	3999.092	4001.126	308	0	240
2026.07.29	14:45:00	4001.234	4001.572	3999.651	4000.730	391	0	240
2026.07.29	14:46:00	4000.781	4000.986	3998.199	4000.168	391	0	240
2026.07.29	14:47:00	3999.863	4002.670	3999.636	4001.266	348	0	240
2026.07.29	14:48:00	4001.447	4002.338	3998.261	3999.488	407	0	240
2026.07.29	14:49:00	3999.403	4001.667	3999.091	4001.667	301	0	240
2026.07.29	14:50:00	4001.392	4002.638	4000.371	4001.939	341	0	240
2026.07.29	14:51:00	4002.263	4002.850	4000.720	4002.353	386	0	240
2026.07.29	14:52:00	4002.402	4003.706	4001.235	4002.632	343	0	240
2026.07.29	14:53:00	4002.328	4005.472	4002.177	4005.027	291	0	240
2026.07.29	14:54:00	4004.978	4005.601	4004.046	4005.208	297	0	240
2026.07.29	14:55:00	4005.200	4005.600	4004.040	4004.160	244	0	240
2026.07.29	14:56:00	4004.352	4005.271	4003.725	4004.400	258	0	240
2026.07.29	14:57:00	4004.707	4005.665	4002.142	4003.130	414	0	240
2026.07.29	14:58:00	4003.187	4004.075	4002.896	4003.894	223	0	240
2026.07.29	14:59:00	4003.946	4005.539	4003.946	4004.691	208	0	240
2026.07.29	15:00:00	4004.786	4005.942	4003.394	4003.556	333	0	240
2026.07.29	15:01:00	4003.472	4007.622	4003.084	4006.768	293	0	240
2026.07.29	15:02:00	4006.720	4007.775	4005.861	4006.442	289	0	240
2026.07.29	15:03:00	4006.322	4008.834	4005.874	4007.919	236	0	240
2026.07.29	15:04:00	4007.970	4008.811	4007.668	4008.272	236	0	240
2026.07.29	15:05:00	4008.218	4009.026	4007.526	4008.443	286	0	240
2026.07.29	15:06:00	4008.394	4008.882	4006.449	4006.541	334	0	240
2026.07.29	15:07:00	4006.712	4008.252	4006.406	4007.444	266	0	240
2026.07.29	15:08:00	4007.503	4008.541	4006.882	4006.961	263	0	240
2026.07.29	15:09:00	4006.907	4009.979	4006.703	4009.979	239	0	240
2026.07.29	15:10:00	4009.763	4009.917	4006.659	4006.688	208	0	240
2026.07.29	15:11:00	4006.737	4007.544	4005.588	4006.886	293	0	240
2026.07.29	15:12:00	4006.777	4007.310	4005.638	4006.955	239	0	240
2026.07.29	15:13:00	4006.915	4007.867	4006.441	4006.984	207	0	240
2026.07.29	15:14:00	4007.046	4007.724	4006.226	4006.768	214	0	240
2026.07.29	15:15:00	4006.909	4007.677	4006.603	4007.457	243	0	240
2026.07.29	15:16:00	4007.469	4008.711	4006.931	4007.457	199	0	240
2026.07.29	15:17:00	4007.470	4007.746	4006.414	4006.770	220	0	240
2026.07.29	15:18:00	4006.833	4007.349	4006.398	4006.754	202	0	240
2026.07.29	15:19:00	4006.777	4007.055	4004.937	4004.942	185	0	240
2026.07.29	15:20:00	4005.140	4006.224	4004.408	4005.136	243	0	240
2026.07.29	15:21:00	4005.336	4005.581	4004.550	4004.688	201	0	240
2026.07.29	15:22:00	4004.636	4008.660	4003.636	4008.348	332	0	240
2026.07.29	15:23:00	4008.404	4009.941	4008.176	4009.847	245	0	240
2026.07.29	15:24:00	4009.925	4010.315	4008.377	4009.760	217	0	240
2026.07.29	15:25:00	4009.706	4010.106	4008.288	4008.962	232	0	240
2026.07.29	15:26:00	4009.014	4010.153	4007.924	4008.680	213	0	240
2026.07.29	15:27:00	4008.700	4010.209	4008.263	4009.560	211	0	240
2026.07.29	15:28:00	4009.628	4011.335	4009.487	4010.853	195	0	240
2026.07.29	15:29:00	4010.858	4011.166	4009.916	4010.670	171	0	240
2026.07.29	15:30:00	4010.803	4011.547	4009.538	4010.765	289	0	240
2026.07.29	15:31:00	4010.457	4011.370	4010.097	4010.806	201	0	240
2026.07.29	15:32:00	4010.859	4012.337	4010.672	4011.455	241	0	240
2026.07.29	15:33:00	4011.562	4013.526	4010.894	4012.708	296	0	240
2026.07.29	15:34:00	4012.756	4013.154	4009.685	4010.379	263	0	240
2026.07.29	15:35:00	4010.458	4011.956	4010.128	4011.403	218	0	240
2026.07.29	15:36:00	4011.122	4012.340	4010.890	4012.158	203	0	240
2026.07.29	15:37:00	4011.850	4012.420	4010.993	4011.412	246	0	240
2026.07.29	15:38:00	4011.370	4011.476	4008.340	4008.579	275	0	240
2026.07.29	15:39:00	4008.626	4009.038	4007.857	4008.899	210	0	240
2026.07.29	15:40:00	4008.846	4008.898	4006.900	4008.257	207	0	240
2026.07.29	15:41:00	4008.357	4009.352	4007.520	4008.997	203	0	240
2026.07.29	15:42:00	4008.980	4009.530	4008.481	4008.735	166	0	240
2026.07.29	15:43:00	4008.820	4009.516	4006.885	4008.079	230	0	240
2026.07.29	15:44:00	4008.188	4010.470	4007.894	4010.441	193	0	240
2026.07.29	15:45:00	4010.390	4011.141	4009.252	4010.716	217	0	240
2026.07.29	15:46:00	4010.770	4011.629	4010.352	4010.991	210	0	240
2026.07.29	15:47:00	4011.232	4011.511	4010.116	4010.634	195	0	240
2026.07.29	15:48:00	4010.626	4011.496	4010.247	4010.858	145	0	240
2026.07.29	15:49:00	4011.059	4012.783	4010.593	4012.415	188	0	240
2026.07.29	15:50:00	4012.367	4013.958	4011.744	4012.174	243	0	240
2026.07.29	15:51:00	4012.267	4012.873	4011.392	4012.216	189	0	240
2026.07.29	15:52:00	4012.176	4013.288	4011.641	4012.305	236	0	240
2026.07.29	15:53:00	4012.004	4012.005	4010.711	4011.839	162	0	240
2026.07.29	15:54:00	4011.827	4013.063	4011.202	4011.534	192	0	240
2026.07.29	15:55:00	4011.585	4011.898	4010.412	4010.541	163	0	240
2026.07.29	15:56:00	4010.425	4010.890	4009.584	4010.446	181	0	240
2026.07.29	15:57:00	4010.397	4010.714	4009.490	4009.654	179	0	240
2026.07.29	15:58:00	4009.858	4010.157	4008.237	4009.041	205	0	240
2026.07.29	15:59:00	4009.182	4010.247	4008.902	4009.906	131	0	240
2026.07.29	16:00:00	4009.736	4011.858	4008.028	4008.085	308	0	240
2026.07.29	16:01:00	4008.134	4009.285	4007.483	4008.926	182	0	240
2026.07.29	16:02:00	4008.877	4009.875	4008.138	4009.409	154	0	240
2026.07.29	16:03:00	4009.490	4009.775	4008.059	4008.060	146	0	240
2026.07.29	16:04:00	4008.005	4009.682	4007.756	4009.189	177	0	240
2026.07.29	16:05:00	4009.299	4010.417	4008.533	4010.163	210	0	240
2026.07.29	16:06:00	4009.888	4011.124	4009.831	4010.538	142	0	240
2026.07.29	16:07:00	4010.490	4012.113	4010.317	4011.849	196	0	240
2026.07.29	16:08:00	4011.904	4015.631	4011.399	4014.778	301	0	240
2026.07.29	16:09:00	4014.810	4015.571	4014.084	4014.714	208	0	240
2026.07.29	16:10:00	4014.704	4015.742	4012.684	4013.021	270	0	240
2026.07.29	16:11:00	4012.971	4013.033	4011.286	4011.574	178	0	240
2026.07.29	16:12:00	4011.497	4012.075	4010.578	4010.578	165	0	240
2026.07.29	16:13:00	4010.392	4011.550	4010.392	4011.193	146	0	240
2026.07.29	16:14:00	4011.243	4011.541	4009.552	4009.658	173	0	240
2026.07.29	16:15:00	4009.554	4009.609	4008.521	4009.442	207	0	240
2026.07.29	16:16:00	4009.490	4009.663	4008.024	4008.575	142	0	240
2026.07.29	16:17:00	4008.589	4009.151	4007.736	4008.908	125	0	240
2026.07.29	16:18:00	4008.956	4010.334	4008.681	4010.162	162	0	240
2026.07.29	16:19:00	4009.959	4011.584	4009.452	4011.225	147	0	240
2026.07.29	16:20:00	4011.271	4013.860	4010.786	4013.759	184	0	240
2026.07.29	16:21:00	4013.810	4015.008	4013.199	4013.301	220	0	240
2026.07.29	16:22:00	4013.249	4014.535	4013.209	4014.278	159	0	240
2026.07.29	16:23:00	4014.328	4017.785	4013.704	4014.397	325	0	240
2026.07.29	16:24:00	4014.602	4015.670	4014.031	4014.983	173	0	240
2026.07.29	16:25:00	4014.933	4015.953	4014.933	4015.365	139	0	240
2026.07.29	16:26:00	4015.314	4016.569	4014.997	4015.940	179	0	240
2026.07.29	16:27:00	4015.927	4016.189	4014.882	4016.050	124	0	240
2026.07.29	16:28:00	4016.074	4016.199	4015.427	4015.645	129	0	240
2026.07.29	16:29:00	4015.730	4016.951	4015.730	4016.433	140	0	240
2026.07.29	16:30:00	4016.267	4017.181	4015.789	4016.029	185	0	240
2026.07.29	16:31:00	4016.081	4016.363	4014.964	4015.268	182	0	240
2026.07.29	16:32:00	4015.317	4015.913	4014.760	4015.910	186	0	240
2026.07.29	16:33:00	4015.982	4017.614	4015.540	4017.370	181	0	240
2026.07.29	16:34:00	4017.336	4018.962	4016.925	4016.925	208	0	240
2026.07.29	16:35:00	4017.053	4017.590	4016.231	4016.831	167	0	240
2026.07.29	16:36:00	4016.627	4016.852	4015.155	4015.292	130	0	240
2026.07.29	16:37:00	4015.283	4018.265	4015.046	4017.749	167	0	240
2026.07.29	16:38:00	4017.876	4017.876	4016.386	4016.519	150	0	240
2026.07.29	16:39:00	4016.569	4017.614	4016.294	4016.910	146	0	240
2026.07.29	16:40:00	4016.633	4017.684	4016.434	4016.862	156	0	240
2026.07.29	16:41:00	4016.814	4017.041	4016.280	4016.792	135	0	240
2026.07.29	16:42:00	4016.850	4017.414	4016.051	4016.600	142	0	240
2026.07.29	16:43:00	4016.549	4017.102	4015.591	4015.993	141	0	240
2026.07.29	16:44:00	4016.130	4017.320	4015.935	4017.106	103	0	240
2026.07.29	16:45:00	4016.997	4017.160	4015.218	4015.639	153	0	240
2026.07.29	16:46:00	4015.850	4016.473	4015.172	4015.753	131	0	240
2026.07.29	16:47:00	4015.820	4016.784	4015.539	4016.423	156	0	240
2026.07.29	16:48:00	4016.427	4017.544	4016.061	4016.678	159	0	240
2026.07.29	16:49:00	4016.630	4018.159	4016.627	4017.548	128	0	240
2026.07.29	16:50:00	4017.659	4019.252	4017.467	4018.871	150	0	240
2026.07.29	16:51:00	4019.012	4020.461	4018.709	4019.947	237	0	240
2026.07.29	16:52:00	4020.043	4023.421	4019.896	4022.826	237	0	240
2026.07.29	16:53:00	4022.885	4023.791	4022.466	4022.685	194	0	240
2026.07.29	16:54:00	4022.794	4025.756	4022.649	4025.756	189	0	240
2026.07.29	16:55:00	4025.705	4030.662	4024.890	4029.162	606	0	240
2026.07.29	16:56:00	4029.114	4031.914	4027.952	4031.515	620	0	240
2026.07.29	16:57:00	4031.572	4032.843	4028.662	4028.824	547	0	240
2026.07.29	16:58:00	4029.063	4029.532	4026.770	4026.823	327	0	240
2026.07.29	16:59:00	4026.878	4027.989	4026.728	4027.330	257	0	240
2026.07.29	17:00:00	4027.429	4031.104	4027.174	4030.215	380	0	240
2026.07.29	17:01:00	4030.265	4033.139	4030.124	4032.121	362	0	240
2026.07.29	17:02:00	4032.063	4032.119	4030.115	4030.375	311	0	240
2026.07.29	17:03:00	4030.598	4033.989	4030.414	4033.286	253	0	240
2026.07.29	17:04:00	4033.651	4037.427	4033.014	4036.850	333	0	240
2026.07.29	17:05:00	4036.713	4037.103	4034.908	4036.489	330	0	240
2026.07.29	17:06:00	4036.540	4040.808	4036.540	4040.002	260	0	240
2026.07.29	17:07:00	4039.952	4040.494	4038.382	4038.677	285	0	240
2026.07.29	17:08:00	4038.788	4041.233	4038.788	4040.423	283	0	240
2026.07.29	17:09:00	4040.679	4040.679	4038.518	4038.718	245	0	240
2026.07.29	17:10:00	4038.771	4041.367	4037.400	4040.452	345	0	240
2026.07.29	17:11:00	4040.506	4041.999	4039.893	4041.599	234	0	240
2026.07.29	17:12:00	4041.574	4044.167	4040.781	4044.097	234	0	240
2026.07.29	17:13:00	4044.156	4050.695	4044.156	4047.752	438	0	240
2026.07.29	17:14:00	4047.516	4048.006	4041.465	4042.206	523	0	240
2026.07.29	17:15:00	4042.177	4043.944	4040.781	4043.630	367	0	240
2026.07.29	17:16:00	4043.697	4046.655	4043.461	4046.581	312	0	240
2026.07.29	17:17:00	4046.632	4047.850	4044.598	4045.862	310	0	240
2026.07.29	17:18:00	4045.971	4046.839	4044.140	4044.829	285	0	240
2026.07.29	17:19:00	4044.763	4045.635	4044.047	4044.989	259	0	240
2026.07.29	17:20:00	4045.109	4048.485	4044.441	4046.706	270	0	240
2026.07.29	17:21:00	4046.721	4048.025	4046.328	4048.025	270	0	240
2026.07.29	17:22:00	4048.083	4050.014	4047.843	4049.469	287	0	240
2026.07.29	17:23:00	4049.602	4050.679	4047.822	4049.300	408	0	240
2026.07.29	17:24:00	4049.246	4049.246	4045.587	4047.140	388	0	240
2026.07.29	17:25:00	4047.198	4048.217	4043.431	4043.812	366	0	240
2026.07.29	17:26:00	4043.749	4044.839	4042.819	4044.036	358	0	240
2026.07.29	17:27:00	4044.070	4044.381	4041.944	4043.040	223	0	240
2026.07.29	17:28:00	4042.842	4043.202	4038.963	4038.963	404	0	240
2026.07.29	17:29:00	4039.012	4040.271	4037.347	4039.149	694	0	240
2026.07.29	17:30:00	4039.085	4040.550	4037.427	4038.316	344	0	240
2026.07.29	17:31:00	4038.372	4040.305	4038.283	4040.162	198	0	240
2026.07.29	17:32:00	4040.083	4041.954	4039.602	4041.158	274	0	240
2026.07.29	17:33:00	4040.892	4041.049	4038.527	4040.524	243	0	240
2026.07.29	17:34:00	4040.578	4040.878	4038.504	4038.504	213	0	240
2026.07.29	17:35:00	4038.452	4039.784	4036.435	4036.560	281	0	240
2026.07.29	17:36:00	4036.891	4038.409	4036.269	4037.480	212	0	240
2026.07.29	17:37:00	4037.175	4038.540	4037.024	4037.704	148	0	240
2026.07.29	17:38:00	4037.609	4040.521	4037.452	4040.521	204	0	240
2026.07.29	17:39:00	4040.496	4041.693	4039.849	4041.314	193	0	240
2026.07.29	17:40:00	4041.243	4042.440	4040.566	4041.901	215	0	240
2026.07.29	17:41:00	4041.982	4043.352	4041.848	4043.168	214	0	240
2026.07.29	17:42:00	4043.198	4044.735	4042.907	4043.600	200	0	240
2026.07.29	17:43:00	4043.586	4047.452	4043.357	4045.806	256	0	240
2026.07.29	17:44:00	4045.846	4046.767	4045.405	4045.562	186	0	240
2026.07.29	17:45:00	4045.533	4047.802	4045.220	4046.809	206	0	240
2026.07.29	17:46:00	4046.857	4047.526	4044.678	4044.966	174	0	240
2026.07.29	17:47:00	4044.856	4046.391	4044.735	4045.190	175	0	240
2026.07.29	17:48:00	4045.245	4046.474	4045.049	4046.474	177	0	240
2026.07.29	17:49:00	4046.528	4048.201	4046.307	4047.333	179	0	240
2026.07.29	17:50:00	4047.283	4047.538	4045.644	4046.520	192	0	240
2026.07.29	17:51:00	4046.467	4046.599	4045.007	4045.335	205	0	240
2026.07.29	17:52:00	4045.292	4046.544	4044.909	4045.250	220	0	240
2026.07.29	17:53:00	4045.446	4047.076	4045.194	4046.080	210	0	240
2026.07.29	17:54:00	4046.299	4046.299	4044.441	4044.961	168	0	240
2026.07.29	17:55:00	4044.933	4044.962	4042.791	4043.066	217	0	240
2026.07.29	17:56:00	4043.160	4043.373	4042.119	4042.855	127	0	240
2026.07.29	17:57:00	4042.918	4043.068	4041.951	4041.974	147	0	240
2026.07.29	17:58:00	4042.195	4043.746	4041.284	4043.275	213	0	240
2026.07.29	17:59:00	4043.325	4044.688	4042.965	4043.873	191	0	240
2026.07.29	18:00:00	4044.052	4086.024	4042.994	4076.238	854	0	260
2026.07.29	18:01:00	4076.099	4085.157	4070.891	4079.629	912	0	260
2026.07.29	18:02:00	4079.471	4083.178	4070.179	4072.482	804	0	260
2026.07.29	18:03:00	4072.537	4075.181	4066.679	4068.390	2515	0	240
2026.07.29	18:04:00	4068.343	4070.612	4064.849	4067.180	1835	0	240
2026.07.29	18:05:00	4067.066	4076.964	4066.264	4076.022	1664	0	240
2026.07.29	18:06:00	4076.101	4081.970	4075.926	4080.984	1562	0	240
2026.07.29	18:07:00	4080.921	4083.178	4077.645	4077.645	1403	0	240
2026.07.29	18:08:00	4077.696	4080.155	4075.984	4077.588	1052	0	240
2026.07.29	18:09:00	4077.632	4080.543	4072.417	4076.340	1228	0	240
2026.07.29	18:10:00	4076.257	4077.824	4071.888	4072.504	1187	0	240
2026.07.29	18:11:00	4072.811	4080.168	4072.276	4078.895	1115	0	240
2026.07.29	18:12:00	4078.975	4086.199	4078.975	4082.427	1050	0	240
2026.07.29	18:13:00	4082.573	4083.511	4080.350	4082.004	812	0	240
2026.07.29	18:14:00	4082.113	4082.219	4076.302	4080.887	742	0	240
2026.07.29	18:15:00	4080.947	4083.898	4080.186	4080.441	803	0	240
2026.07.29	18:16:00	4080.239	4081.438	4074.554	4075.652	806	0	240
2026.07.29	18:17:00	4075.712	4075.912	4071.948	4075.155	886	0	240
2026.07.29	18:18:00	4075.259	4075.759	4071.803	4073.989	701	0	240
2026.07.29	18:19:00	4073.931	4074.923	4071.060	4071.994	804	0	240
2026.07.29	18:20:00	4071.929	4073.297	4068.517	4071.545	813	0	240
2026.07.29	18:21:00	4071.491	4071.491	4068.008	4070.181	717	0	240
2026.07.29	18:22:00	4070.130	4071.332	4068.639	4070.484	678	0	240
2026.07.29	18:23:00	4070.541	4072.403	4067.045	4067.951	658	0	240
2026.07.29	18:24:00	4067.878	4068.471	4066.204	4066.721	606	0	240
2026.07.29	18:25:00	4066.632	4067.810	4064.687	4066.295	636	0	240
2026.07.29	18:26:00	4066.369	4068.292	4065.147	4065.432	554	0	240
2026.07.29	18:27:00	4065.554	4065.865	4063.655	4065.172	557	0	240
2026.07.29	18:28:00	4065.222	4066.925	4064.918	4066.531	636	0	240
2026.07.29	18:29:00	4066.335	4067.871	4064.288	4067.811	583	0	240
2026.07.29	18:30:00	4067.737	4072.765	4067.737	4071.858	713	0	240
2026.07.29	18:31:00	4071.914	4072.689	4058.296	4059.286	1991	0	240
2026.07.29	18:32:00	4059.322	4060.486	4051.945	4059.947	2679	0	240
2026.07.29	18:33:00	4060.008	4061.325	4053.839	4060.068	2097	0	240
2026.07.29	18:34:00	4060.154	4062.693	4057.852	4059.745	1441	0	240
2026.07.29	18:35:00	4059.795	4061.125	4053.606	4055.632	1473	0	240
2026.07.29	18:36:00	4055.710	4062.000	4054.673	4059.951	1055	0	240
2026.07.29	18:37:00	4060.023	4063.542	4058.489	4061.876	1099	0	240
2026.07.29	18:38:00	4061.803	4068.615	4061.514	4066.200	1064	0	240
2026.07.29	18:39:00	4066.131	4072.853	4064.226	4070.976	1102	0	240
2026.07.29	18:40:00	4070.912	4076.394	4069.686	4073.095	1055	0	240
2026.07.29	18:41:00	4072.969	4080.423	4072.941	4076.397	1304	0	240
2026.07.29	18:42:00	4076.290	4080.611	4075.368	4076.705	1423	0	240
2026.07.29	18:43:00	4076.764	4086.092	4076.546	4083.805	1464	0	240
2026.07.29	18:44:00	4083.669	4087.036	4082.133	4083.104	1381	0	240
2026.07.29	18:45:00	4083.234	4086.642	4081.815	4086.458	1135	0	240
2026.07.29	18:46:00	4086.516	4091.568	4083.761	4084.311	1222	0	240
2026.07.29	18:47:00	4084.257	4094.470	4083.656	4088.945	1425	0	240
2026.07.29	18:48:00	4089.013	4089.663	4084.334	4086.489	1195	0	240
2026.07.29	18:49:00	4086.540	4101.151	4086.359	4099.351	1488	0	240
2026.07.29	18:50:00	4099.417	4100.234	4092.534	4095.387	1406	0	240
2026.07.29	18:51:00	4095.457	4100.971	4094.933	4100.317	1306	0	240
2026.07.29	18:52:00	4100.360	4101.923	4097.439	4101.766	1049	0	240
2026.07.29	18:53:00	4101.711	4105.722	4100.340	4104.579	1083	0	240
2026.07.29	18:54:00	4104.524	4110.040	4103.904	4104.577	1061	0	240
2026.07.29	18:55:00	4104.523	4105.893	4101.343	4101.802	1166	0	240
2026.07.29	18:56:00	4101.852	4108.207	4101.599	4107.960	1247	0	240
2026.07.29	18:57:00	4108.016	4108.785	4104.352	4105.512	1074	0	240
2026.07.29	18:58:00	4105.446	4109.340	4103.904	4105.723	924	0	240
2026.07.29	18:59:00	4105.818	4107.432	4100.947	4106.535	853	0	240
2026.07.29	19:00:00	4106.591	4110.294	4104.047	4106.977	1342	0	240
2026.07.29	19:01:00	4107.061	4116.148	4104.963	4114.297	1482	0	240
2026.07.29	19:02:00	4114.244	4116.461	4107.663	4109.867	1272	0	240
2026.07.29	19:03:00	4109.918	4112.248	4106.338	4106.338	1119	0	240
2026.07.29	19:04:00	4106.487	4107.663	4101.958	4103.436	1139	0	240
2026.07.29	19:05:00	4103.487	4105.659	4099.104	4100.030	1060	0	240
2026.07.29	19:06:00	4100.080	4104.422	4099.271	4102.931	1105	0	240
2026.07.29	19:07:00	4102.878	4102.878	4097.827	4099.733	1171	0	240
2026.07.29	19:08:00	4099.679	4101.314	4093.592	4094.883	968	0	240
2026.07.29	19:09:00	4094.834	4097.998	4094.118	4096.635	752	0	240
2026.07.29	19:10:00	4096.514	4096.934	4089.939	4092.027	878	0	240
2026.07.29	19:11:00	4091.977	4098.185	4091.307	4096.378	1061	0	240
2026.07.29	19:12:00	4096.308	4100.403	4095.593	4098.933	1098	0	240
2026.07.29	19:13:00	4098.990	4102.456	4097.826	4099.534	628	0	240
2026.07.29	19:14:00	4099.748	4100.851	4098.001	4099.422	785	0	240
2026.07.29	19:15:00	4099.499	4104.455	4097.283	4103.709	1126	0	240
2026.07.29	19:16:00	4103.626	4104.630	4098.469	4098.846	795	0	240
2026.07.29	19:17:00	4098.785	4100.422	4097.630	4099.771	599	0	240
2026.07.29	19:18:00	4099.822	4104.518	4099.822	4100.182	859	0	240
2026.07.29	19:19:00	4099.975	4100.596	4097.514	4098.233	691	0	240
2026.07.29	19:20:00	4098.375	4099.802	4092.493	4094.255	658	0	240
2026.07.29	19:21:00	4094.320	4095.063	4086.524	4091.033	1549	0	240
2026.07.29	19:22:00	4090.961	4091.729	4085.196	4087.869	1371	0	240
2026.07.29	19:23:00	4088.064	4089.289	4085.061	4086.478	1057	0	240
2026.07.29	19:24:00	4086.617	4089.554	4085.984	4087.318	887	0	240
2026.07.29	19:25:00	4087.229	4087.881	4083.829	4084.468	1038	0	240
2026.07.29	19:26:00	4084.521	4085.238	4081.515	4083.960	894	0	240
2026.07.29	19:27:00	4083.850	4084.387	4080.978	4083.434	940	0	240
2026.07.29	19:28:00	4083.616	4085.915	4081.941	4085.564	866	0	240
2026.07.29	19:29:00	4085.253	4085.807	4082.774	4084.212	796	0	240
2026.07.29	19:30:00	4084.163	4086.069	4081.179	4083.134	1080	0	240
2026.07.29	19:31:00	4083.188	4088.350	4083.188	4088.094	754	0	240
2026.07.29	19:32:00	4088.038	4088.515	4079.896	4081.290	785	0	240
2026.07.29	19:33:00	4081.371	4082.296	4068.850	4069.460	1023	0	240
2026.07.29	19:34:00	4069.511	4073.540	4066.913	4073.198	1108	0	240
2026.07.29	19:35:00	4073.088	4075.420	4069.162	4070.883	959	0	240
2026.07.29	19:36:00	4070.824	4075.490	4068.330	4075.190	838	0	240
2026.07.29	19:37:00	4075.242	4075.941	4070.803	4072.660	819	0	240
2026.07.29	19:38:00	4072.721	4073.003	4065.936	4068.421	795	0	240
2026.07.29	19:39:00	4068.495	4070.687	4066.232	4068.921	944	0	240
2026.07.29	19:40:00	4068.869	4069.308	4065.077	4068.021	885	0	240
2026.07.29	19:41:00	4067.965	4072.484	4067.552	4069.579	804	0	240
2026.07.29	19:42:00	4069.525	4073.309	4069.525	4072.346	786	0	240
2026.07.29	19:43:00	4072.286	4072.907	4069.079	4071.283	781	0	240
2026.07.29	19:44:00	4071.229	4072.383	4066.851	4069.438	777	0	240
2026.07.29	19:45:00	4069.198	4071.975	4066.938	4067.205	825	0	240
2026.07.29	19:46:00	4067.153	4070.271	4066.928	4068.236	662	0	240
2026.07.29	19:47:00	4068.183	4070.004	4065.911	4067.908	576	0	240
2026.07.29	19:48:00	4067.841	4071.129	4067.544	4070.168	741	0	240
2026.07.29	19:49:00	4070.107	4071.864	4068.793	4071.413	742	0	240
2026.07.29	19:50:00	4071.358	4071.358	4067.081	4069.092	1254	0	240
2026.07.29	19:51:00	4069.149	4069.263	4064.196	4066.646	923	0	240
2026.07.29	19:52:00	4066.592	4068.264	4064.657	4067.575	643	0	240
2026.07.29	19:53:00	4067.764	4067.764	4064.435	4064.892	503	0	240
2026.07.29	19:54:00	4064.969	4065.546	4061.264	4061.762	576	0	240
2026.07.29	19:55:00	4061.703	4061.900	4055.151	4056.925	954	0	240
2026.07.29	19:56:00	4057.035	4058.610	4052.651	4053.663	692	0	240
2026.07.29	19:57:00	4053.572	4055.022	4052.432	4053.632	537	0	240
2026.07.29	19:58:00	4053.690	4053.791	4047.355	4047.739	676	0	240
2026.07.29	19:59:00	4047.661	4047.661	4044.039	4044.773	960	0	240
2026.07.29	20:00:00	4044.721	4048.543	4042.467	4048.465	923	0	240
2026.07.29	20:01:00	4048.507	4052.685	4046.136	4049.714	1242	0	240
2026.07.29	20:02:00	4049.653	4051.913	4046.458	4047.524	655	0	240
2026.07.29	20:03:00	4047.445	4049.191	4045.304	4048.520	708	0	240
2026.07.29	20:04:00	4048.454	4052.709	4046.469	4052.701	584	0	240
2026.07.29	20:05:00	4052.647	4053.755	4049.146	4051.189	580	0	240
2026.07.29	20:06:00	4051.382	4052.632	4049.650	4051.337	535	0	240
2026.07.29	20:07:00	4051.329	4052.977	4050.593	4051.656	488	0	240
2026.07.29	20:08:00	4051.709	4053.430	4051.117	4051.777	430	0	240
2026.07.29	20:09:00	4051.497	4053.605	4050.723	4052.971	476	0	240
2026.07.29	20:10:00	4052.602	4053.211	4049.062	4050.564	494	0	240
2026.07.29	20:11:00	4050.550	4053.346	4050.032	4053.249	513	0	240
2026.07.29	20:12:00	4053.570	4054.627	4052.306	4054.401	394	0	240
2026.07.29	20:13:00	4054.511	4056.007	4052.696	4054.013	686	0	240
2026.07.29	20:14:00	4054.192	4054.192	4051.324	4051.923	317	0	240
2026.07.29	20:15:00	4051.862	4051.920	4049.120	4051.341	376	0	240
2026.07.29	20:16:00	4051.405	4051.801	4048.525	4049.264	444	0	240
2026.07.29	20:17:00	4049.387	4051.492	4049.387	4051.030	307	0	240
2026.07.29	20:18:00	4051.142	4051.591	4047.393	4048.330	375	0	240
2026.07.29	20:19:00	4048.279	4049.301	4047.709	4049.223	344	0	240
2026.07.29	20:20:00	4049.168	4050.335	4045.226	4045.919	383	0	240
2026.07.29	20:21:00	4046.055	4048.858	4043.716	4048.562	371	0	240
2026.07.29	20:22:00	4048.831	4050.677	4046.571	4048.003	395	0	240
2026.07.29	20:23:00	4048.057	4049.410	4047.448	4048.920	324	0	240
2026.07.29	20:24:00	4049.038	4049.394	4047.488	4049.107	305	0	240
2026.07.29	20:25:00	4049.108	4050.920	4048.167	4050.006	217	0	240
2026.07.29	20:26:00	4049.956	4050.953	4049.311	4050.129	256	0	240
2026.07.29	20:27:00	4050.084	4050.475	4049.326	4049.974	241	0	240
2026.07.29	20:28:00	4050.008	4054.741	4049.834	4054.521	285	0	240
2026.07.29	20:29:00	4054.470	4057.386	4054.470	4055.493	286	0	240
2026.07.29	20:30:00	4055.442	4056.129	4053.827	4055.451	236	0	240
2026.07.29	20:31:00	4055.306	4055.867	4054.568	4055.110	138	0	240
2026.07.29	20:32:00	4055.037	4056.905	4054.433	4056.298	276	0	240
2026.07.29	20:33:00	4056.350	4058.255	4055.894	4057.001	322	0	240
2026.07.29	20:34:00	4057.127	4059.844	4057.127	4059.245	265	0	240
2026.07.29	20:35:00	4059.295	4060.065	4058.062	4058.583	252	0	240
2026.07.29	20:36:00	4058.637	4060.206	4058.420	4059.959	235	0	240
2026.07.29	20:37:00	4059.909	4062.238	4059.471	4061.990	210	0	240
2026.07.29	20:38:00	4061.931	4062.528	4060.890	4062.014	197	0	240
2026.07.29	20:39:00	4062.029	4063.458	4061.487	4063.389	198	0	240
2026.07.29	20:40:00	4063.384	4065.548	4063.054	4064.930	208	0	240
2026.07.29	20:41:00	4064.892	4066.214	4064.336	4066.214	254	0	240
2026.07.29	20:42:00	4066.145	4066.347	4065.541	4066.112	125	0	240
2026.07.29	20:43:00	4066.015	4068.186	4065.906	4067.196	199	0	240
2026.07.29	20:44:00	4067.131	4069.329	4066.624	4067.117	280	0	240
2026.07.29	20:45:00	4067.066	4069.992	4065.266	4069.466	342	0	240
2026.07.29	20:46:00	4069.468	4069.924	4067.186	4067.661	192	0	240
2026.07.29	20:47:00	4067.356	4068.547	4067.019	4067.659	221	0	240
2026.07.29	20:48:00	4067.609	4070.226	4067.427	4068.681	245	0	240
2026.07.29	20:49:00	4068.732	4068.816	4065.877	4065.933	274	0	240
2026.07.29	20:50:00	4066.240	4066.700	4063.212	4065.728	380	0	240
2026.07.29	20:51:00	4065.832	4066.384	4065.039	4065.632	241	0	240
2026.07.29	20:52:00	4065.580	4065.834	4064.339	4065.019	237	0	240
2026.07.29	20:53:00	4064.967	4066.301	4064.532	4065.571	228	0	240
2026.07.29	20:54:00	4065.721	4065.721	4064.213	4065.434	252	0	240
2026.07.29	20:55:00	4065.493	4066.111	4064.993	4065.906	191	0	240
2026.07.29	20:56:00	4065.969	4067.202	4065.453	4067.074	183	0	240
2026.07.29	20:57:00	4067.043	4067.043	4065.051	4066.039	284	0	240
2026.07.29	22:00:00	4068.187	4071.750	4068.187	4071.750	116	0	340
2026.07.29	22:01:00	4071.982	4071.982	4069.815	4071.157	142	0	260
2026.07.29	22:02:00	4071.413	4073.386	4069.714	4072.786	124	0	260
2026.07.29	22:03:00	4072.984	4074.283	4072.616	4074.072	162	0	260
2026.07.29	22:04:00	4074.069	4075.980	4073.877	4073.994	178	0	260
2026.07.29	22:05:00	4074.068	4074.519	4071.464	4071.464	240	0	260
2026.07.29	22:06:00	4071.747	4073.115	4067.296	4067.717	206	0	260
2026.07.29	22:07:00	4067.775	4067.901	4064.746	4065.947	149	0	260
2026.07.29	22:08:00	4065.790	4069.168	4065.220	4068.542	178	0	260
2026.07.29	22:09:00	4068.439	4069.699	4067.697	4069.466	82	0	260
2026.07.29	22:10:00	4069.615	4072.595	4069.615	4071.989	102	0	260
2026.07.29	22:11:00	4071.919	4073.681	4071.789	4073.181	110	0	260
2026.07.29	22:12:00	4073.257	4075.255	4072.775	4075.240	118	0	260
2026.07.29	22:13:00	4075.516	4077.686	4075.068	4075.366	88	0	260
2026.07.29	22:14:00	4075.746	4076.834	4075.160	4076.219	86	0	260
2026.07.29	22:15:00	4076.166	4077.380	4076.004	4077.149	66	0	260
2026.07.29	22:16:00	4077.149	4077.248	4075.317	4075.613	132	0	260
2026.07.29	22:17:00	4075.783	4076.315	4074.917	4075.336	113	0	240
2026.07.29	22:18:00	4075.336	4075.512	4073.778	4073.827	107	0	240
2026.07.29	22:19:00	4073.936	4075.164	4073.608	4074.848	109	0	240
2026.07.29	22:20:00	4074.870	4075.073	4073.980	4074.230	109	0	240
2026.07.29	22:21:00	4074.372	4074.372	4073.379	4073.849	89	0	240
2026.07.29	22:22:00	4073.835	4073.836	4072.967	4073.618	79	0	240
2026.07.29	22:23:00	4073.630	4074.928	4072.905	4074.928	87	0	240
2026.07.29	22:24:00	4074.987	4075.363	4074.586	4075.019	116	0	240
2026.07.29	22:25:00	4075.028	4075.028	4073.512	4073.924	98	0	240
2026.07.29	22:26:00	4073.922	4074.345	4072.836	4072.945	86	0	240
2026.07.29	22:27:00	4073.231	4074.268	4073.179	4073.878	103	0	240
2026.07.29	22:28:00	4073.878	4074.342	4072.397	4072.848	108	0	240
2026.07.29	22:29:00	4072.864	4075.272	4072.864	4075.035	136	0	240
2026.07.29	22:30:00	4074.837	4076.067	4074.261	4075.327	127	0	240
2026.07.29	22:31:00	4075.175	4075.175	4072.772	4073.638	175	0	240
2026.07.29	22:32:00	4073.704	4074.541	4073.384	4074.131	140	0	240
2026.07.29	22:33:00	4074.070	4075.050	4073.014	4074.216	122	0	240
2026.07.29	22:34:00	4074.436	4075.905	4074.141	4075.467	148	0	240
2026.07.29	22:35:00	4075.596	4077.559	4075.308	4077.394	119	0	240
2026.07.29	22:36:00	4077.394	4078.881	4077.394	4078.765	98	0	240
2026.07.29	22:37:00	4078.976	4078.976	4076.556	4076.737	96	0	240
2026.07.29	22:38:00	4076.688	4077.599	4076.382	4076.452	89	0	240
2026.07.29	22:39:00	4076.452	4077.236	4075.855	4075.933	99	0	240
2026.07.29	22:40:00	4075.744	4077.173	4075.527	4076.929	83	0	240
2026.07.29	22:41:00	4076.956	4077.165	4075.553	4076.791	130	0	240
2026.07.29	22:42:00	4076.779	4078.652	4076.522	4078.263	89	0	240
2026.07.29	22:43:00	4078.207	4079.698	4078.146	4078.937	97	0	240
2026.07.29	22:44:00	4078.888	4081.355	4078.765	4081.248	128	0	240
2026.07.29	22:45:00	4081.254	4084.151	4081.146	4084.151	139	0	240
2026.07.29	22:46:00	4084.212	4084.267	4081.221	4081.225	176	0	240
2026.07.29	22:47:00	4081.426	4082.717	4079.622	4082.410	138	0	240
2026.07.29	22:48:00	4082.376	4083.568	4081.391	4083.350	128	0	240
2026.07.29	22:49:00	4083.527	4085.422	4083.527	4085.127	154	0	240
2026.07.29	22:50:00	4084.921	4085.970	4083.506	4085.333	174	0	240
2026.07.29	22:51:00	4085.135	4085.578	4084.320	4084.977	109	0	240
2026.07.29	22:52:00	4085.019	4085.701	4084.169	4084.499	139	0	240
2026.07.29	22:53:00	4084.549	4085.208	4084.161	4085.096	94	0	240
2026.07.29	22:54:00	4084.749	4085.287	4084.265	4084.992	88	0	240
2026.07.29	22:55:00	4084.951	4088.539	4084.718	4088.120	115	0	240
2026.07.29	22:56:00	4087.992	4089.846	4087.424	4089.306	175	0	240
2026.07.29	22:57:00	4089.592	4090.657	4088.049	4088.242	180	0	240
2026.07.29	22:58:00	4088.294	4088.551	4086.542	4087.350	106	0	240
2026.07.29	22:59:00	4087.326	4088.501	4086.992	4088.409	100	0	240
2026.07.29	23:00:00	4088.355	4090.914	4088.175	4090.504	163	0	240
2026.07.29	23:01:00	4090.524	4091.633	4090.186	4090.919	158	0	240
2026.07.29	23:02:00	4091.038	4091.748	4088.579	4091.359	155	0	240
2026.07.29	23:03:00	4091.668	4095.167	4091.298	4095.142	163	0	240
2026.07.29	23:04:00	4095.138	4095.771	4094.457	4095.211	112	0	240
2026.07.29	23:05:00	4095.216	4095.259	4094.194	4094.408	112	0	240
2026.07.29	23:06:00	4094.415	4095.232	4094.415	4094.711	82	0	240
2026.07.29	23:07:00	4094.592	4097.929	4094.347	4097.661	206	0	240
2026.07.29	23:08:00	4097.688	4100.332	4096.807	4099.790	182	0	240
2026.07.29	23:09:00	4099.736	4099.736	4096.328	4096.446	149	0	240
2026.07.29	23:10:00	4096.508	4097.064	4093.569	4093.693	146	0	240
2026.07.29	23:11:00	4093.888	4094.619	4092.577	4093.069	149	0	240
2026.07.29	23:12:00	4093.357	4094.792	4093.055	4093.898	113	0	240
2026.07.29	23:13:00	4093.898	4094.311	4091.672	4091.934	124	0	240
2026.07.29	23:14:00	4091.684	4091.875	4090.538	4091.411	129	0	240
2026.07.29	23:15:00	4091.477	4092.337	4090.247	4090.747	128	0	240
2026.07.29	23:16:00	4090.746	4091.950	4090.521	4091.650	101	0	240
2026.07.29	23:17:00	4091.546	4092.151	4090.864	4091.776	96	0	240
2026.07.29	23:18:00	4091.820	4093.989	4091.526	4093.579	121	0	240
2026.07.29	23:19:00	4093.436	4094.489	4093.182	4093.347	84	0	240
2026.07.29	23:20:00	4093.370	4094.345	4092.854	4092.854	89	0	240
2026.07.29	23:21:00	4092.858	4095.082	4092.748	4093.763	123	0	240
2026.07.29	23:22:00	4093.741	4094.116	4091.859	4092.647	125	0	240
2026.07.29	23:23:00	4092.816	4093.900	4092.534	4093.291	129	0	240
2026.07.29	23:24:00	4093.325	4093.805	4092.097	4092.097	104	0	240
2026.07.29	23:25:00	4092.047	4092.194	4090.827	4091.551	140	0	240
2026.07.29	23:26:00	4091.915	4094.675	4091.261	4093.881	106	0	240
2026.07.29	23:27:00	4093.880	4094.387	4092.970	4093.389	95	0	240
2026.07.29	23:28:00	4093.137	4094.306	4092.769	4092.878	107	0	240
2026.07.29	23:29:00	4092.752	4093.575	4091.976	4093.575	101	0	240
2026.07.29	23:30:00	4093.338	4094.113	4091.961	4092.441	116	0	240
2026.07.29	23:31:00	4092.465	4092.791	4091.308	4092.083	92	0	240
2026.07.29	23:32:00	4092.147	4093.702	4090.939	4093.332	126	0	240
2026.07.29	23:33:00	4093.378	4093.820	4092.177	4093.161	88	0	240
2026.07.29	23:34:00	4093.256	4093.849	4092.588	4092.840	102	0	240
2026.07.29	23:35:00	4092.840	4093.707	4092.839	4093.655	72	0	240
2026.07.29	23:36:00	4093.645	4093.896	4093.157	4093.643	70	0	240
2026.07.29	23:37:00	4093.334	4093.990	4093.017	4093.549	106	0	240
2026.07.29	23:38:00	4093.601	4094.664	4093.458	4093.768	90	0	240
2026.07.29	23:39:00	4093.519	4093.519	4092.039	4092.285	114	0	240
2026.07.29	23:40:00	4092.285	4092.323	4090.523	4090.805	123	0	240
2026.07.29	23:41:00	4090.931	4091.707	4090.303	4091.547	126	0	240
2026.07.29	23:42:00	4091.580	4092.018	4090.829	4090.854	119	0	240
2026.07.29	23:43:00	4090.822	4091.995	4089.866	4090.150	123	0	240
2026.07.29	23:44:00	4090.150	4091.102	4089.253	4089.989	175	0	240
2026.07.29	23:45:00	4090.048	4091.134	4088.622	4089.670	408	0	240
2026.07.29	23:46:00	4089.747	4091.628	4089.310	4091.628	301	0	240
2026.07.29	23:47:00	4091.694	4092.332	4089.346	4091.601	294	0	240
2026.07.29	23:48:00	4091.656	4092.271	4090.853	4091.867	255	0	240
2026.07.29	23:49:00	4091.867	4092.940	4090.741	4090.896	168	0	240
2026.07.29	23:50:00	4091.012	4092.642	4089.587	4090.111	283	0	240
2026.07.29	23:51:00	4089.953	4091.214	4089.471	4090.276	336	0	240
2026.07.29	23:52:00	4090.225	4090.707	4088.928	4089.132	333	0	240
2026.07.29	23:53:00	4089.233	4090.637	4087.303	4087.711	358	0	240
2026.07.29	23:54:00	4087.514	4088.100	4086.411	4087.158	250	0	240
2026.07.29	23:55:00	4087.308	4088.514	4085.408	4087.978	230	0	240
2026.07.29	23:56:00	4088.317	4088.447	4086.736	4087.947	196	0	240
2026.07.29	23:57:00	4087.996	4087.996	4085.788	4086.265	186	0	240
2026.07.29	23:58:00	4086.342	4086.893	4084.488	4085.227	219	0	240
2026.07.29	23:59:00	4085.544	4085.684	4084.393	4084.502	190	0	240
2026.07.30	00:00:00	4084.807	4086.725	4084.236	4086.693	660	0	240
2026.07.30	00:01:00	4086.391	4086.648	4083.542	4084.308	561	0	240
2026.07.30	00:02:00	4084.209	4084.830	4082.487	4083.374	344	0	240
2026.07.30	00:03:00	4083.427	4083.799	4080.376	4081.629	480	0	240
2026.07.30	00:04:00	4081.681	4082.128	4079.769	4080.746	346	0	240
2026.07.30	00:05:00	4080.913	4083.142	4080.245	4080.832	458	0	240
2026.07.30	00:06:00	4080.782	4084.047	4080.770	4082.704	499	0	240
2026.07.30	00:07:00	4082.652	4083.782	4081.875	4083.220	388	0	240
2026.07.30	00:08:00	4083.354	4085.398	4082.588	4082.588	404	0	240
2026.07.30	00:09:00	4082.639	4083.587	4081.458	4082.549	388	0	240
2026.07.30	00:10:00	4082.750	4082.795	4078.931	4080.271	579	0	240
2026.07.30	00:11:00	4080.219	4081.507	4079.310	4079.689	387	0	240
2026.07.30	00:12:00	4079.640	4082.020	4079.408	4081.830	509	0	240
2026.07.30	00:13:00	4081.880	4082.939	4081.238	4081.940	295	0	240
2026.07.30	00:14:00	4081.753	4081.949	4080.185	4081.249	273	0	240
2026.07.30	00:15:00	4081.197	4083.769	4080.281	4082.416	644	0	240
2026.07.30	00:16:00	4082.472	4083.665	4081.372	4081.480	416	0	240
2026.07.30	00:17:00	4081.560	4082.376	4079.890	4080.120	438	0	240
2026.07.30	00:18:00	4080.169	4081.267	4079.410	4080.063	489	0	240
2026.07.30	00:19:00	4080.094	4080.308	4077.346	4077.512	397	0	240
2026.07.30	00:20:00	4077.313	4078.110	4075.609	4076.693	389	0	240
2026.07.30	00:21:00	4076.758	4078.561	4076.487	4078.241	367	0	240
2026.07.30	00:22:00	4078.354	4079.086	4077.299	4077.960	371	0	240
2026.07.30	00:23:00	4077.757	4080.170	4077.642	4079.489	315	0	240
2026.07.30	00:24:00	4079.436	4080.744	4078.871	4080.466	371	0	240
2026.07.30	00:25:00	4080.463	4080.779	4077.608	4078.396	367	0	240
2026.07.30	00:26:00	4078.450	4078.897	4074.104	4074.856	475	0	240
2026.07.30	00:27:00	4074.798	4075.512	4072.875	4073.621	457	0	240
2026.07.30	00:28:00	4073.570	4075.451	4072.649	4074.698	395	0	240
2026.07.30	00:29:00	4074.803	4076.589	4074.646	4075.281	277	0	240
2026.07.30	00:30:00	4075.445	4076.849	4074.901	4076.252	321	0	240
2026.07.30	00:31:00	4076.364	4076.719	4075.112	4075.376	359	0	240
2026.07.30	00:32:00	4075.455	4076.010	4072.668	4073.674	439	0	240
2026.07.30	00:33:00	4073.728	4075.530	4073.681	4075.177	284	0	240
2026.07.30	00:34:00	4075.066	4075.066	4071.665	4072.333	292	0	240
2026.07.30	00:35:00	4072.241	4072.939	4071.311	4072.531	337	0	240
2026.07.30	00:36:00	4072.588	4073.472	4071.382	4071.763	371	0	240
2026.07.30	00:37:00	4071.827	4072.118	4070.922	4071.371	404	0	240
2026.07.30	00:38:00	4071.302	4072.032	4069.775	4070.230	308	0	240
2026.07.30	00:39:00	4070.077	4070.417	4068.378	4069.614	266	0	240
2026.07.30	00:40:00	4069.564	4070.220	4068.646	4069.535	310	0	240
2026.07.30	00:41:00	4069.546	4071.154	4069.089	4069.979	350	0	240
2026.07.30	00:42:00	4070.050	4070.303	4067.720	4068.047	392	0	240
2026.07.30	00:43:00	4067.996	4068.312	4065.734	4066.071	345	0	240
2026.07.30	00:44:00	4066.120	4066.333	4064.877	4066.272	196	0	240
2026.07.30	00:45:00	4066.296	4068.377	4065.283	4066.412	439	0	240
2026.07.30	00:46:00	4066.469	4066.877	4064.760	4066.029	315	0	240
2026.07.30	00:47:00	4065.988	4066.346	4065.175	4065.867	310	0	240
2026.07.30	00:48:00	4065.752	4066.999	4065.392	4066.567	259	0	240
2026.07.30	00:49:00	4066.449	4067.689	4066.153	4067.120	257	0	240
2026.07.30	00:50:00	4067.072	4067.580	4065.810	4066.262	255	0	240
2026.07.30	00:51:00	4066.353	4067.239	4065.447	4066.314	326	0	240
2026.07.30	00:52:00	4066.312	4066.568	4065.224	4066.041	199	0	240
2026.07.30	00:53:00	4066.302	4067.988	4065.327	4067.322	211	0	240
2026.07.30	00:54:00	4067.268	4068.001	4066.835	4067.818	247	0	240
2026.07.30	00:55:00	4067.654	4068.364	4066.667	4067.858	244	0	240
2026.07.30	00:56:00	4067.808	4068.709	4067.575	4068.258	249	0	240
2026.07.30	00:57:00	4068.209	4068.759	4067.696	4067.899	207	0	240
2026.07.30	00:58:00	4068.029	4071.853	4068.016	4069.290	278	0	240
2026.07.30	00:59:00	4069.548	4072.797	4069.437	4072.027	288	0	240
2026.07.30	01:00:00	4072.084	4074.088	4070.198	4073.839	808	0	240
2026.07.30	01:01:00	4073.896	4076.444	4073.079	4076.293	571	0	240
2026.07.30	01:02:00	4076.242	4084.086	4075.765	4081.408	803	0	240
2026.07.30	01:03:00	4081.591	4084.816	4079.852	4083.695	654	0	240
2026.07.30	01:04:00	4083.643	4089.620	4083.115	4089.087	676	0	240
2026.07.30	01:05:00	4089.320	4090.285	4088.206	4088.584	618	0	240
2026.07.30	01:06:00	4088.643	4092.980	4087.857	4091.832	534	0	240
2026.07.30	01:07:00	4091.882	4092.771	4089.110	4091.558	649	0	240
2026.07.30	01:08:00	4091.507	4092.284	4090.094	4091.354	499	0	240
2026.07.30	01:09:00	4091.281	4091.789	4086.366	4086.366	517	0	240
2026.07.30	01:10:00	4086.424	4088.088	4085.145	4085.446	537	0	240
2026.07.30	01:11:00	4085.495	4087.209	4084.453	4085.025	755	0	240
2026.07.30	01:12:00	4084.970	4084.970	4079.867	4080.011	635	0	240
2026.07.30	01:13:00	4079.959	4080.490	4078.147	4078.871	517	0	240
2026.07.30	01:14:00	4078.821	4079.427	4074.758	4075.791	479	0	240
2026.07.30	01:15:00	4075.731	4077.612	4074.922	4076.593	499	0	240
2026.07.30	01:16:00	4076.648	4077.298	4075.700	4077.033	447	0	240
2026.07.30	01:17:00	4076.960	4078.750	4073.852	4074.428	593	0	240
2026.07.30	01:18:00	4074.467	4075.680	4073.715	4075.024	486	0	240
2026.07.30	01:19:00	4075.074	4076.779	4073.138	4074.941	589	0	240
2026.07.30	01:20:00	4074.991	4076.876	4074.135	4074.501	451	0	240
2026.07.30	01:21:00	4074.694	4076.317	4073.699	4075.592	550	0	240
2026.07.30	01:22:00	4075.511	4078.900	4075.031	4078.574	444	0	240
2026.07.30	01:23:00	4078.623	4079.569	4076.298	4077.745	387	0	240
2026.07.30	01:24:00	4078.107	4081.289	4077.880	4080.502	519	0	240
2026.07.30	01:25:00	4080.351	4083.012	4080.059	4081.567	578	0	240
2026.07.30	01:26:00	4081.626	4083.433	4081.131	4083.088	344	0	240
2026.07.30	01:27:00	4082.944	4083.546	4082.128	4082.496	305	0	240
2026.07.30	01:28:00	4082.545	4084.858	4082.282	4082.719	334	0	240
2026.07.30	01:29:00	4082.768	4082.818	4080.216	4081.350	392	0	240
2026.07.30	01:30:00	4081.254	4082.377	4080.443	4082.087	392	0	240
2026.07.30	01:31:00	4081.778	4083.538	4081.357	4083.277	450	0	240
2026.07.30	01:32:00	4083.328	4086.196	4083.223	4085.808	324	0	240
2026.07.30	01:33:00	4085.858	4086.244	4085.049	4085.773	344	0	240
2026.07.30	01:34:00	4085.823	4086.522	4084.838	4085.782	383	0	240
2026.07.30	01:35:00	4085.730	4088.084	4085.176	4086.644	442	0	240
2026.07.30	01:36:00	4086.535	4086.926	4084.297	4084.945	427	0	240
2026.07.30	01:37:00	4084.880	4087.572	4084.535	4086.875	371	0	240
2026.07.30	01:38:00	4086.960	4087.152	4085.470	4086.092	368	0	240
2026.07.30	01:39:00	4086.185	4087.472	4085.645	4086.853	357	0	240
2026.07.30	01:40:00	4086.962	4089.548	4086.834	4088.817	321	0	240
2026.07.30	01:41:00	4088.824	4089.237	4087.556	4089.034	289	0	240
2026.07.30	01:42:00	4089.110	4089.781	4087.991	4088.476	271	0	240
2026.07.30	01:43:00	4088.683	4089.426	4087.937	4088.082	214	0	240
2026.07.30	01:44:00	4088.283	4089.724	4086.165	4086.585	226	0	240
2026.07.30	01:45:00	4086.637	4088.102	4085.811	4087.127	270	0	240
2026.07.30	01:46:00	4087.187	4087.187	4084.572	4085.068	278	0	240
2026.07.30	01:47:00	4085.336	4086.930	4084.706	4084.958	312	0	240
2026.07.30	01:48:00	4084.998	4086.315	4083.621	4086.258	267	0	240
2026.07.30	01:49:00	4086.273	4089.872	4086.273	4088.812	271	0	240
2026.07.30	01:50:00	4088.547	4088.718	4086.857	4087.765	202	0	240
2026.07.30	01:51:00	4087.459	4089.259	4087.108	4088.410	241	0	240
2026.07.30	01:52:00	4088.344	4089.180	4087.999	4088.606	212	0	240
2026.07.30	01:53:00	4088.656	4090.344	4087.297	4087.423	276	0	240
2026.07.30	01:54:00	4087.672	4089.514	4086.937	4088.425	293	0	240
2026.07.30	01:55:00	4088.263	4091.096	4087.771	4088.918	374	0	240
2026.07.30	01:56:00	4089.002	4089.353	4087.543	4087.756	227	0	240
2026.07.30	01:57:00	4087.550	4088.229	4086.215	4086.228	225	0	240
2026.07.30	01:58:00	4086.504	4087.026	4085.037	4085.290	227	0	240
2026.07.30	01:59:00	4085.379	4085.731	4084.114	4084.724	142	0	240
2026.07.30	02:00:00	4084.804	4089.094	4084.384	4088.412	314	0	240
2026.07.30	02:01:00	4088.446	4090.386	4085.525	4085.579	384	0	240
2026.07.30	02:02:00	4085.717	4087.153	4084.864	4087.094	291	0	240
2026.07.30	02:03:00	4087.145	4089.491	4087.145	4088.855	262	0	240
2026.07.30	02:04:00	4088.797	4089.589	4088.518	4089.503	239	0	240
2026.07.30	02:05:00	4089.502	4089.655	4087.606	4088.124	235	0	240
2026.07.30	02:06:00	4088.173	4089.130	4087.833	4088.458	254	0	240
2026.07.30	02:07:00	4088.440	4090.041	4087.596	4088.073	214	0	240
2026.07.30	02:08:00	4087.949	4089.239	4087.883	4088.336	233	0	240
2026.07.30	02:09:00	4088.359	4088.748	4087.263	4088.050	219	0	240
2026.07.30	02:10:00	4088.107	4088.392	4085.547	4085.584	230	0	240
2026.07.30	02:11:00	4085.412	4086.777	4084.607	4086.090	273	0	240
2026.07.30	02:12:00	4086.241	4086.716	4084.056	4084.419	179	0	240
2026.07.30	02:13:00	4084.409	4084.962	4083.706	4083.733	209	0	240
2026.07.30	02:14:00	4083.683	4084.055	4082.253	4082.574	236	0	240
2026.07.30	02:15:00	4082.624	4082.822	4079.953	4080.700	288	0	240
2026.07.30	02:16:00	4080.906	4081.266	4079.898	4080.440	190	0	240
2026.07.30	02:17:00	4080.280	4080.794	4080.012	4080.487	155	0	240
2026.07.30	02:18:00	4080.541	4081.214	4079.856	4080.734	313	0	240
2026.07.30	02:19:00	4080.937	4082.635	4080.733	4082.126	209	0	240
2026.07.30	02:20:00	4082.388	4083.806	4081.589	4081.603	231	0	240
2026.07.30	02:21:00	4081.540	4081.938	4080.976	4081.136	175	0	240
2026.07.30	02:22:00	4081.260	4082.821	4081.260	4081.886	193	0	240
2026.07.30	02:23:00	4081.736	4082.238	4080.539	4082.134	195	0	240
2026.07.30	02:24:00	4082.193	4083.278	4081.734	4082.777	231	0	240
2026.07.30	02:25:00	4082.999	4083.553	4081.496	4081.760	219	0	240
2026.07.30	02:26:00	4081.459	4081.831	4080.200	4080.300	187	0	240
2026.07.30	02:27:00	4080.264	4081.374	4080.122	4081.002	161	0	240
2026.07.30	02:28:00	4081.054	4081.924	4080.661	4081.883	177	0	240
2026.07.30	02:29:00	4081.937	4083.781	4081.464	4082.611	217	0	240
2026.07.30	02:30:00	4082.501	4082.908	4080.039	4080.950	385	0	240
2026.07.30	02:31:00	4080.899	4081.177	4078.309	4078.558	291	0	240
2026.07.30	02:32:00	4078.501	4078.805	4076.241	4076.241	343	0	240
2026.07.30	02:33:00	4076.297	4077.143	4075.508	4075.816	345	0	240
2026.07.30	02:34:00	4075.782	4076.784	4075.286	4076.572	399	0	240
2026.07.30	02:35:00	4076.522	4078.129	4076.089	4077.717	305	0	240
2026.07.30	02:36:00	4077.772	4078.315	4076.718	4077.569	302	0	240
2026.07.30	02:37:00	4077.537	4077.814	4075.912	4077.186	287	0	240
2026.07.30	02:38:00	4077.278	4077.796	4074.583	4075.718	438	0	240
2026.07.30	02:39:00	4075.613	4076.820	4075.613	4076.469	286	0	240
2026.07.30	02:40:00	4076.671	4078.622	4076.343	4078.598	335	0	240
2026.07.30	02:41:00	4078.548	4078.949	4075.674	4076.196	335	0	240
2026.07.30	02:42:00	4076.257	4076.257	4073.611	4074.549	355	0	240
2026.07.30	02:43:00	4074.731	4075.930	4073.592	4075.641	247	0	240
2026.07.30	02:44:00	4075.786	4077.306	4075.346	4076.700	261	0	240
2026.07.30	02:45:00	4076.752	4076.952	4075.243	4075.589	251	0	240
2026.07.30	02:46:00	4075.299	4076.272	4074.666	4075.744	359	0	240
2026.07.30	02:47:00	4075.945	4076.558	4075.105	4075.908	241	0	240
2026.07.30	02:48:00	4076.023	4076.883	4075.590	4076.113	212	0	240
2026.07.30	02:49:00	4076.131	4076.255	4073.433	4074.606	208	0	240
2026.07.30	02:50:00	4074.550	4074.550	4072.336	4072.779	284	0	240
2026.07.30	02:51:00	4072.849	4074.848	4072.849	4074.146	226	0	240
2026.07.30	02:52:00	4074.095	4074.267	4071.583	4072.745	229	0	240
2026.07.30	02:53:00	4072.695	4072.822	4071.847	4072.551	241	0	240
2026.07.30	02:54:00	4072.619	4072.619	4069.919	4071.040	293	0	240
2026.07.30	02:55:00	4070.977	4071.614	4070.183	4070.250	255	0	240
2026.07.30	02:56:00	4069.933	4070.344	4068.853	4069.883	282	0	240
2026.07.30	02:57:00	4069.957	4070.310	4068.120	4068.633	243	0	240
2026.07.30	02:58:00	4068.524	4068.550	4065.962	4066.357	217	0	240
2026.07.30	02:59:00	4066.298	4066.334	4063.241	4063.662	234	0	240
2026.07.30	03:00:00	4063.752	4065.709	4062.433	4064.069	418	0	240
2026.07.30	03:01:00	4064.141	4067.345	4063.991	4067.013	359	0	240
2026.07.30	03:02:00	4066.964	4068.644	4066.483	4068.351	286	0	240
2026.07.30	03:03:00	4068.301	4069.599	4067.613	4068.316	348	0	240
2026.07.30	03:04:00	4068.168	4069.543	4067.817	4069.330	283	0	240
2026.07.30	03:05:00	4069.281	4069.890	4068.788	4069.699	259	0	240
2026.07.30	03:06:00	4069.420	4069.967	4068.795	4068.884	201	0	240
2026.07.30	03:07:00	4068.833	4069.501	4067.084	4067.238	193	0	240
2026.07.30	03:08:00	4067.504	4067.841	4065.354	4065.354	278	0	240
2026.07.30	03:09:00	4065.271	4065.824	4063.885	4064.555	178	0	240
2026.07.30	03:10:00	4064.433	4065.513	4064.003	4064.003	204	0	240
2026.07.30	03:11:00	4064.388	4064.814	4063.568	4063.963	194	0	240
2026.07.30	03:12:00	4063.627	4064.015	4060.949	4061.938	256	0	240
2026.07.30	03:13:00	4061.810	4062.318	4060.300	4062.128	257	0	240
2026.07.30	03:14:00	4062.066	4063.870	4061.086	4062.989	257	0	240
2026.07.30	03:15:00	4063.074	4064.047	4062.669	4063.273	237	0	240
2026.07.30	03:16:00	4063.216	4063.280	4060.689	4061.137	251	0	240
2026.07.30	03:17:00	4061.337	4061.744	4060.314	4061.155	243	0	240
2026.07.30	03:18:00	4060.866	4061.382	4060.262	4060.614	159	0	240
2026.07.30	03:19:00	4060.556	4060.556	4056.330	4057.865	305	0	240
2026.07.30	03:20:00	4057.669	4058.672	4056.811	4057.281	320	0	240
2026.07.30	03:21:00	4056.964	4057.360	4055.396	4056.347	348	0	240
2026.07.30	03:22:00	4056.294	4057.901	4055.318	4055.685	255	0	240
2026.07.30	03:23:00	4055.738	4057.756	4055.714	4057.756	306	0	240
2026.07.30	03:24:00	4057.508	4058.376	4056.077	4056.569	281	0	240
2026.07.30	03:25:00	4056.691	4057.650	4056.179	4057.273	284	0	240
2026.07.30	03:26:00	4057.213	4057.213	4055.748	4056.559	257	0	240
2026.07.30	03:27:00	4056.621	4056.958	4053.087	4053.338	240	0	240
2026.07.30	03:28:00	4053.387	4054.949	4052.446	4054.141	288	0	240
2026.07.30	03:29:00	4054.177	4054.558	4052.616	4053.948	304	0	240
2026.07.30	03:30:00	4053.883	4055.410	4051.381	4053.939	341	0	240
2026.07.30	03:31:00	4053.888	4054.094	4052.711	4053.584	275	0	240
2026.07.30	03:32:00	4053.527	4054.209	4052.280	4053.227	248	0	240
2026.07.30	03:33:00	4053.168	4054.210	4052.232	4054.200	281	0	240
2026.07.30	03:34:00	4054.004	4055.139	4052.793	4053.914	268	0	240
2026.07.30	03:35:00	4053.769	4055.003	4053.654	4054.760	299	0	240
2026.07.30	03:36:00	4054.457	4055.813	4050.739	4051.393	350	0	240
2026.07.30	03:37:00	4051.334	4052.570	4050.765	4052.387	220	0	240
2026.07.30	03:38:00	4052.657	4053.234	4051.755	4052.155	192	0	240
2026.07.30	03:39:00	4052.150	4052.394	4050.672	4051.527	192	0	240
2026.07.30	03:40:00	4051.538	4053.690	4051.332	4053.490	153	0	240
2026.07.30	03:41:00	4053.564	4053.908	4052.666	4053.015	227	0	240
2026.07.30	03:42:00	4053.066	4053.608	4052.100	4053.582	178	0	240
2026.07.30	03:43:00	4053.433	4053.577	4052.445	4052.755	167	0	240
2026.07.30	03:44:00	4052.705	4053.358	4051.726	4052.576	182	0	240
2026.07.30	03:45:00	4052.432	4055.855	4052.049	4055.023	282	0	240
2026.07.30	03:46:00	4055.151	4055.884	4053.922	4054.592	207	0	240
2026.07.30	03:47:00	4054.315	4056.803	4054.315	4055.187	190	0	240
2026.07.30	03:48:00	4055.386	4057.338	4054.674	4057.287	208	0	240
2026.07.30	03:49:00	4057.226	4058.302	4056.703	4057.928	216	0	240
2026.07.30	03:50:00	4057.797	4058.588	4057.273	4058.444	195	0	240
2026.07.30	03:51:00	4058.497	4059.149	4057.950	4058.317	167	0	240
2026.07.30	03:52:00	4058.220	4059.434	4058.141	4058.885	174	0	240
2026.07.30	03:53:00	4058.881	4059.500	4058.263	4058.639	213	0	240
2026.07.30	03:54:00	4058.675	4059.316	4058.169	4058.443	144	0	240
2026.07.30	03:55:00	4058.213	4058.947	4057.539	4058.328	163	0	240
2026.07.30	03:56:00	4058.375	4059.202	4058.251	4059.074	88	0	240
2026.07.30	03:57:00	4059.059	4059.663	4057.598	4057.598	133	0	240
2026.07.30	03:58:00	4057.833	4058.133	4056.616	4056.911	149	0	240
2026.07.30	03:59:00	4056.943	4059.040	4056.856	4058.764	148	0	240
2026.07.30	04:00:00	4059.019	4060.189	4057.885	4059.143	298	0	240
2026.07.30	04:01:00	4059.257	4059.867	4057.893	4059.154	202	0	240
2026.07.30	04:02:00	4059.098	4060.196	4058.876	4059.686	209	0	240
2026.07.30	04:03:00	4059.408	4060.307	4056.577	4057.081	221	0	240
2026.07.30	04:04:00	4057.029	4057.386	4055.476	4056.785	193	0	240
2026.07.30	04:05:00	4056.673	4056.816	4055.435	4055.935	210	0	240
2026.07.30	04:06:00	4055.990	4056.193	4054.878	4054.939	190	0	240
2026.07.30	04:07:00	4054.905	4056.418	4054.507	4056.418	172	0	240
2026.07.30	04:08:00	4056.216	4057.007	4056.167	4056.932	138	0	240
2026.07.30	04:09:00	4056.981	4057.108	4056.044	4056.182	131	0	240
2026.07.30	04:10:00	4056.050	4056.724	4054.705	4055.037	140	0	240
2026.07.30	04:11:00	4054.833	4054.969	4052.651	4053.275	188	0	240
2026.07.30	04:12:00	4053.379	4054.773	4053.098	4054.412	133	0	240
2026.07.30	04:13:00	4054.397	4054.469	4053.748	4054.189	105	0	240
2026.07.30	04:14:00	4054.203	4054.805	4053.194	4053.417	136	0	240
2026.07.30	04:15:00	4053.365	4054.405	4052.899	4054.163	140	0	240
2026.07.30	04:16:00	4054.380	4054.846	4053.350	4054.226	131	0	240
2026.07.30	04:17:00	4054.075	4054.343	4053.379	4053.785	128	0	240
2026.07.30	04:18:00	4053.846	4053.960	4053.093	4053.903	122	0	240
2026.07.30	04:19:00	4053.704	4054.189	4051.957	4052.287	134	0	240
2026.07.30	04:20:00	4052.305	4053.195	4050.744	4052.862	203	0	240
2026.07.30	04:21:00	4052.910	4053.830	4052.664	4053.091	156	0	240
2026.07.30	04:22:00	4053.090	4053.090	4051.690	4052.387	145	0	240
2026.07.30	04:23:00	4052.396	4052.793	4051.875	4052.448	106	0	240
2026.07.30	04:24:00	4052.445	4052.776	4052.036	4052.633	138	0	240
2026.07.30	04:25:00	4052.616	4053.258	4052.351	4052.767	125	0	240
2026.07.30	04:26:00	4052.858	4053.914	4052.558	4053.623	140	0	240
2026.07.30	04:27:00	4053.601	4055.346	4053.601	4054.571	121	0	240
2026.07.30	04:28:00	4054.827	4054.827	4053.281	4053.542	114	0	240
2026.07.30	04:29:00	4053.545	4054.475	4053.288	4054.165	137	0	240
2026.07.30	04:30:00	4053.905	4053.974	4052.220	4052.472	143	0	240
2026.07.30	04:31:00	4052.271	4053.664	4052.256	4053.216	139	0	240
2026.07.30	04:32:00	4053.177	4053.249	4051.850	4052.049	93	0	240
2026.07.30	04:33:00	4052.110	4053.064	4051.950	4052.592	125	0	240
2026.07.30	04:34:00	4052.528	4052.585	4051.340	4051.730	130	0	240
2026.07.30	04:35:00	4051.780	4052.308	4051.320	4051.855	129	0	240
2026.07.30	04:36:00	4051.898	4052.263	4051.138	4051.181	109	0	240
2026.07.30	04:37:00	4051.180	4051.804	4050.865	4051.570	116	0	240
2026.07.30	04:38:00	4051.672	4051.672	4049.560	4050.097	212	0	240
2026.07.30	04:39:00	4050.046	4050.344	4049.058	4049.926	115	0	240
2026.07.30	04:40:00	4049.703	4049.952	4048.210	4049.395	202	0	240
2026.07.30	04:41:00	4049.371	4049.739	4047.820	4048.065	156	0	240
2026.07.30	04:42:00	4048.051	4048.450	4047.481	4047.869	109	0	240
2026.07.30	04:43:00	4047.876	4048.667	4047.747	4048.346	113	0	240
2026.07.30	04:44:00	4048.346	4050.315	4048.346	4048.731	173	0	240
2026.07.30	04:45:00	4048.671	4049.954	4048.156	4049.860	169	0	240
2026.07.30	04:46:00	4049.825	4051.762	4049.465	4051.426	180	0	240
2026.07.30	04:47:00	4051.377	4052.014	4049.227	4049.504	193	0	240
2026.07.30	04:48:00	4049.509	4049.509	4046.562	4046.907	179	0	240
2026.07.30	04:49:00	4046.655	4047.541	4046.206	4046.939	189	0	240
2026.07.30	04:50:00	4046.910	4047.148	4045.920	4046.608	134	0	240
2026.07.30	04:51:00	4046.554	4048.325	4046.222	4047.712	271	0	240
2026.07.30	04:52:00	4047.613	4048.220	4046.762	4047.713	212	0	240
2026.07.30	04:53:00	4047.711	4048.106	4046.983	4047.694	169	0	240
2026.07.30	04:54:00	4047.620	4048.276	4047.278	4047.673	163	0	240
2026.07.30	04:55:00	4047.563	4048.044	4046.699	4047.321	173	0	240
2026.07.30	04:56:00	4047.374	4047.458	4045.840	4046.761	149	0	240
2026.07.30	04:57:00	4046.649	4047.317	4045.573	4046.419	141	0	240
2026.07.30	04:58:00	4046.470	4046.839	4044.228	4046.620	280	0	240
2026.07.30	04:59:00	4046.671	4047.186	4045.860	4046.138	159	0	240
2026.07.30	05:00:00	4046.190	4046.252	4043.307	4044.326	260	0	240
2026.07.30	05:01:00	4044.501	4045.744	4041.870	4042.688	314	0	240
2026.07.30	05:02:00	4042.705	4043.918	4041.666	4042.839	253	0	240
2026.07.30	05:03:00	4042.888	4044.132	4041.977	4043.658	238	0	240
2026.07.30	05:04:00	4043.858	4045.502	4043.665	4044.584	227	0	240
2026.07.30	05:05:00	4044.813	4045.178	4043.087	4043.409	235	0	240
2026.07.30	05:06:00	4043.387	4044.702	4043.211	4044.109	291	0	240
2026.07.30	05:07:00	4044.180	4044.632	4041.750	4042.638	304	0	240
2026.07.30	05:08:00	4042.435	4044.043	4042.435	4043.963	237	0	240
2026.07.30	05:09:00	4043.903	4045.537	4043.893	4045.096	216	0	240
2026.07.30	05:10:00	4044.856	4045.557	4043.970	4045.103	224	0	240
2026.07.30	05:11:00	4045.052	4045.616	4044.167	4044.328	204	0	240
2026.07.30	05:12:00	4044.380	4045.346	4043.819	4044.565	228	0	240
2026.07.30	05:13:00	4044.515	4045.818	4044.406	4044.764	179	0	240
2026.07.30	05:14:00	4044.736	4045.895	4044.696	4045.815	148	0	240
2026.07.30	05:15:00	4045.865	4046.415	4044.762	4045.571	187	0	240
2026.07.30	05:16:00	4045.271	4045.980	4044.502	4045.353	276	0	240
2026.07.30	05:17:00	4045.407	4045.546	4042.044	4042.323	271	0	240
2026.07.30	05:18:00	4042.391	4042.503	4037.387	4039.218	393	0	240
2026.07.30	05:19:00	4039.223	4042.081	4039.030	4042.081	237	0	240
2026.07.30	05:20:00	4041.843	4043.792	4041.563	4043.375	246	0	240
2026.07.30	05:21:00	4043.434	4044.495	4041.876	4042.135	185	0	240
2026.07.30	05:22:00	4042.020	4043.588	4041.066	4043.398	260	0	240
2026.07.30	05:23:00	4043.344	4044.144	4041.797	4044.144	267	0	240
2026.07.30	05:24:00	4043.834	4044.438	4043.069	4043.944	170	0	240
2026.07.30	05:25:00	4043.894	4044.849	4043.606	4043.799	210	0	240
2026.07.30	05:26:00	4043.887	4043.937	4042.817	4043.717	253	0	240
2026.07.30	05:27:00	4043.474	4045.182	4043.474	4045.182	198	0	240
2026.07.30	05:28:00	4045.237	4047.378	4045.107	4046.632	210	0	240
2026.07.30	05:29:00	4046.645	4047.039	4046.027	4047.037	164	0	240
2026.07.30	05:30:00	4046.777	4050.495	4045.327	4050.208	297	0	240
2026.07.30	05:31:00	4050.394	4051.308	4048.966	4050.607	205	0	240
2026.07.30	05:32:00	4050.614	4050.614	4047.230	4047.389	229	0	240
2026.07.30	05:33:00	4047.218	4049.664	4047.160	4048.441	388	0	240
2026.07.30	05:34:00	4048.470	4048.807	4046.342	4048.163	343	0	240
2026.07.30	05:35:00	4048.235	4048.235	4042.235	4043.593	449	0	240
2026.07.30	05:36:00	4043.532	4044.528	4040.296	4040.652	584	0	240
2026.07.30	05:37:00	4040.476	4041.063	4033.362	4033.841	845	0	240
2026.07.30	05:38:00	4033.902	4034.554	4028.299	4032.582	784	0	240
2026.07.30	05:39:00	4032.450	4034.311	4030.561	4031.673	561	0	240
2026.07.30	05:40:00	4031.553	4036.683	4029.719	4035.350	605	0	240
2026.07.30	05:41:00	4035.571	4035.984	4033.372	4035.151	487	0	240
2026.07.30	05:42:00	4035.201	4036.883	4034.232	4036.705	487	0	240
2026.07.30	05:43:00	4036.654	4037.154	4033.747	4035.158	398	0	240
2026.07.30	05:44:00	4034.983	4036.853	4032.178	4033.461	536	0	240
2026.07.30	05:45:00	4033.513	4033.698	4031.280	4033.155	399	0	240
2026.07.30	05:46:00	4033.092	4038.470	4032.587	4036.125	650	0	240
2026.07.30	05:47:00	4036.223	4036.355	4033.441	4033.590	391	0	240
2026.07.30	05:48:00	4033.738	4034.855	4032.183	4032.183	373	0	240
2026.07.30	05:49:00	4032.383	4032.795	4030.684	4032.370	363	0	240
2026.07.30	05:50:00	4032.254	4034.888	4031.787	4033.900	347	0	240
2026.07.30	05:51:00	4033.849	4035.197	4033.290	4034.559	290	0	240
2026.07.30	05:52:00	4034.360	4035.029	4033.365	4034.089	303	0	240
2026.07.30	05:53:00	4034.152	4034.185	4030.664	4030.765	289	0	240
2026.07.30	05:54:00	4031.065	4033.229	4030.237	4033.075	324	0	240
2026.07.30	05:55:00	4033.014	4033.014	4029.959	4031.138	448	0	240
2026.07.30	05:56:00	4031.086	4035.294	4031.037	4035.053	289	0	240
2026.07.30	05:57:00	4035.066	4036.057	4033.584	4033.770	234	0	240
2026.07.30	05:58:00	4033.820	4034.824	4032.256	4034.154	238	0	240
2026.07.30	05:59:00	4034.442	4034.849	4033.332	4033.807	190	0	240
2026.07.30	06:00:00	4033.753	4038.515	4033.489	4036.069	275	0	240
2026.07.30	06:01:00	4035.930	4036.953	4034.808	4036.238	235	0	240
2026.07.30	06:02:00	4035.966	4037.538	4035.311	4036.297	199	0	240
2026.07.30	06:03:00	4036.494	4037.900	4035.325	4037.275	338	0	240
2026.07.30	06:04:00	4037.340	4038.283	4036.624	4038.081	233	0	240
2026.07.30	06:05:00	4038.133	4039.534	4037.805	4038.950	272	0	240
2026.07.30	06:06:00	4038.900	4038.900	4034.720	4036.857	489	0	240
2026.07.30	06:07:00	4036.922	4038.264	4035.928	4036.918	262	0	240
2026.07.30	06:08:00	4036.865	4038.634	4036.738	4037.294	345	0	240
2026.07.30	06:09:00	4037.598	4038.835	4035.104	4035.791	373	0	240
2026.07.30	06:10:00	4035.928	4037.190	4035.229	4035.863	377	0	240
2026.07.30	06:11:00	4035.810	4036.341	4033.415	4034.393	378	0	240
2026.07.30	06:12:00	4034.443	4034.626	4031.678	4033.425	366	0	240
2026.07.30	06:13:00	4033.235	4033.755	4031.316	4032.760	276	0	240
2026.07.30	06:14:00	4032.808	4033.799	4031.908	4032.384	296	0	240
2026.07.30	06:15:00	4032.333	4033.119	4030.788	4032.472	337	0	240
2026.07.30	06:16:00	4032.319	4033.698	4031.679	4033.208	314	0	240
2026.07.30	06:17:00	4033.149	4033.768	4032.511	4033.664	287	0	240
2026.07.30	06:18:00	4033.613	4033.662	4031.432	4031.789	272	0	240
2026.07.30	06:19:00	4031.797	4034.253	4031.430	4033.854	281	0	240
2026.07.30	06:20:00	4033.742	4035.110	4033.052	4033.816	320	0	240
2026.07.30	06:21:00	4033.875	4036.555	4033.497	4035.951	351	0	240
2026.07.30	06:22:00	4035.880	4039.423	4035.624	4038.367	371	0	240
2026.07.30	06:23:00	4038.318	4038.540	4036.654	4038.250	273	0	240
2026.07.30	06:24:00	4038.185	4038.605	4037.001	4037.276	313	0	240
2026.07.30	06:25:00	4037.590	4037.590	4035.317	4035.317	284	0	240
2026.07.30	06:26:00	4035.380	4036.014	4034.407	4035.402	290	0	240
2026.07.30	06:27:00	4035.350	4035.479	4030.991	4031.164	340	0	240
2026.07.30	06:28:00	4031.209	4032.137	4029.196	4030.908	374	0	240
2026.07.30	06:29:00	4030.959	4033.639	4030.312	4032.985	308	0	240
2026.07.30	06:30:00	4032.923	4035.227	4031.074	4031.915	399	0	240
2026.07.30	06:31:00	4031.967	4033.923	4031.096	4033.479	271	0	240
2026.07.30	06:32:00	4033.579	4036.364	4033.307	4035.635	246	0	240
2026.07.30	06:33:00	4035.562	4036.557	4035.341	4035.521	209	0	240
2026.07.30	06:34:00	4035.832	4035.935	4033.903	4035.237	248	0	240
2026.07.30	06:35:00	4035.290	4035.940	4034.652	4035.002	244	0	240
2026.07.30	06:36:00	4034.954	4035.450	4034.051	4035.012	197	0	240
2026.07.30	06:37:00	4035.022	4036.012	4034.748	4035.453	240	0	240
2026.07.30	06:38:00	4035.452	4036.934	4035.250	4035.952	310	0	240
2026.07.30	06:39:00	4035.971	4037.023	4035.868	4036.933	253	0	240
2026.07.30	06:40:00	4037.027	4037.327	4034.097	4035.650	274	0	240
2026.07.30	06:41:00	4035.707	4036.415	4034.937	4036.154	178	0	240
2026.07.30	06:42:00	4036.345	4038.173	4034.932	4037.571	302	0	240
2026.07.30	06:43:00	4037.463	4038.186	4035.523	4036.412	300	0	240
2026.07.30	06:44:00	4036.433	4036.903	4035.496	4035.610	240	0	240
2026.07.30	06:45:00	4035.557	4036.383	4034.301	4035.685	265	0	240
2026.07.30	06:46:00	4035.735	4037.838	4035.583	4037.319	269	0	240
2026.07.30	06:47:00	4037.265	4037.672	4035.940	4036.369	224	0	240
2026.07.30	06:48:00	4036.287	4036.463	4034.349	4035.680	258	0	240
2026.07.30	06:49:00	4035.729	4036.624	4034.210	4036.114	219	0	240
2026.07.30	06:50:00	4036.166	4036.966	4035.819	4036.104	235	0	240
2026.07.30	06:51:00	4036.065	4040.492	4036.013	4039.709	277	0	240
2026.07.30	06:52:00	4039.760	4040.378	4039.298	4039.516	210	0	240
2026.07.30	06:53:00	4039.383	4040.008	4038.015	4039.602	215	0	240
2026.07.30	06:54:00	4039.609	4040.208	4038.457	4038.663	245	0	240
2026.07.30	06:55:00	4038.686	4039.023	4037.728	4038.288	166	0	240
2026.07.30	06:56:00	4038.317	4038.541	4035.985	4036.261	165	0	240
2026.07.30	06:57:00	4036.209	4036.709	4035.092	4035.582	149	0	240
2026.07.30	06:58:00	4035.532	4036.279	4035.473	4035.601	163	0	240
2026.07.30	06:59:00	4035.550	4036.686	4035.278	4036.658	188	0	240
2026.07.30	07:00:00	4036.743	4040.122	4035.389	4039.825	238	0	240
2026.07.30	07:01:00	4039.697	4043.507	4039.007	4043.088	244	0	240
2026.07.30	07:02:00	4043.076	4045.981	4042.082	4045.153	288	0	240
2026.07.30	07:03:00	4045.099	4047.485	4043.557	4046.909	625	0	240
2026.07.30	07:04:00	4046.845	4047.780	4044.578	4044.832	466	0	240
2026.07.30	07:05:00	4044.944	4045.081	4042.607	4043.969	358	0	240
2026.07.30	07:06:00	4043.956	4045.023	4043.364	4044.590	328	0	240
2026.07.30	07:07:00	4044.542	4045.604	4043.695	4043.695	340	0	240
2026.07.30	07:08:00	4043.920	4045.104	4043.213	4043.378	290	0	240
2026.07.30	07:09:00	4043.349	4045.647	4042.868	4045.634	250	0	240
2026.07.30	07:10:00	4045.488	4045.935	4044.548	4045.935	298	0	240
2026.07.30	07:11:00	4045.886	4046.240	4044.648	4045.493	361	0	240
2026.07.30	07:12:00	4045.540	4047.550	4044.999	4047.295	343	0	240
2026.07.30	07:13:00	4047.547	4047.547	4045.833	4045.833	285	0	240
2026.07.30	07:14:00	4045.876	4046.721	4043.847	4046.692	299	0	240
2026.07.30	07:15:00	4046.576	4049.105	4046.306	4047.237	363	0	240
2026.07.30	07:16:00	4047.261	4050.098	4046.921	4047.526	342	0	240
2026.07.30	07:17:00	4047.472	4049.282	4046.910	4048.985	289	0	240
2026.07.30	07:18:00	4048.988	4050.672	4047.909	4049.660	290	0	240
2026.07.30	07:19:00	4049.587	4051.392	4048.756	4049.761	309	0	240
2026.07.30	07:20:00	4049.760	4050.471	4045.579	4045.664	283	0	240
2026.07.30	07:21:00	4045.825	4046.445	4044.506	4045.799	268	0	240
2026.07.30	07:22:00	4045.749	4046.745	4045.268	4046.158	192	0	240
2026.07.30	07:23:00	4046.052	4046.771	4044.844	4046.411	274	0	240
2026.07.30	07:24:00	4046.158	4047.939	4046.038	4047.939	219	0	240
2026.07.30	07:25:00	4047.886	4048.188	4045.160	4046.466	220	0	240
2026.07.30	07:26:00	4046.676	4046.898	4045.538	4046.043	221	0	240
2026.07.30	07:27:00	4045.860	4046.493	4044.692	4044.981	205	0	240
2026.07.30	07:28:00	4044.929	4046.030	4043.427	4044.042	357	0	240
2026.07.30	07:29:00	4043.984	4046.337	4043.024	4045.717	304	0	240
2026.07.30	07:30:00	4045.742	4046.234	4042.468	4044.073	358	0	240
2026.07.30	07:31:00	4044.300	4044.400	4042.265	4042.820	237	0	240
2026.07.30	07:32:00	4042.725	4042.806	4040.540	4040.780	216	0	240
2026.07.30	07:33:00	4040.829	4041.666	4040.497	4041.015	218	0	240
2026.07.30	07:34:00	4041.073	4041.926	4040.188	4041.277	242	0	240
2026.07.30	07:35:00	4041.258	4042.139	4040.530	4041.168	240	0	240
2026.07.30	07:36:00	4041.189	4041.303	4039.269	4040.038	230	0	240
2026.07.30	07:37:00	4039.971	4040.159	4039.006	4039.832	223	0	240
2026.07.30	07:38:00	4040.133	4040.293	4036.079	4037.237	341	0	240
2026.07.30	07:39:00	4037.346	4040.605	4037.346	4040.345	228	0	240
2026.07.30	07:40:00	4040.402	4042.492	4040.241	4041.751	213	0	240
2026.07.30	07:41:00	4041.696	4044.277	4041.219	4042.843	246	0	240
2026.07.30	07:42:00	4042.802	4043.406	4042.331	4042.988	202	0	240
2026.07.30	07:43:00	4043.038	4045.279	4042.581	4045.226	265	0	240
2026.07.30	07:44:00	4045.289	4047.376	4044.663	4045.748	249	0	240
2026.07.30	07:45:00	4045.737	4046.568	4044.844	4045.769	178	0	240
2026.07.30	07:46:00	4046.001	4046.048	4043.592	4043.837	223	0	240
2026.07.30	07:47:00	4043.605	4043.901	4041.890	4041.965	232	0	240
2026.07.30	07:48:00	4042.014	4043.623	4041.953	4043.229	226	0	240
2026.07.30	07:49:00	4043.318	4043.480	4041.426	4042.006	189	0	240
2026.07.30	07:50:00	4041.892	4042.339	4040.265	4042.339	304	0	240
2026.07.30	07:51:00	4042.105	4043.945	4041.416	4043.766	278	0	240
2026.07.30	07:52:00	4043.453	4044.468	4042.495	4042.546	223	0	240
2026.07.30	07:53:00	4042.858	4045.467	4042.514	4045.467	214	0	240
2026.07.30	07:54:00	4045.326	4045.326	4040.636	4040.806	248	0	240
2026.07.30	07:55:00	4040.864	4041.267	4039.371	4039.887	293	0	240
2026.07.30	07:56:00	4039.771	4040.142	4038.193	4038.365	247	0	240
2026.07.30	07:57:00	4038.416	4039.823	4038.356	4038.602	163	0	240
2026.07.30	07:58:00	4038.606	4040.355	4038.061	4039.940	158	0	240
2026.07.30	07:59:00	4040.044	4041.046	4038.601	4038.908	194	0	240
2026.07.30	08:00:00	4038.635	4040.425	4036.592	4038.280	281	0	240
2026.07.30	08:01:00	4038.361	4039.653	4036.924	4039.485	200	0	240
2026.07.30	08:02:00	4039.521	4040.105	4037.600	4039.400	200	0	240
2026.07.30	08:03:00	4039.538	4041.862	4038.089	4041.043	398	0	240
2026.07.30	08:04:00	4041.172	4045.662	4040.981	4045.583	344	0	240
2026.07.30	08:05:00	4045.646	4048.850	4044.753	4048.039	459	0	240
2026.07.30	08:06:00	4047.988	4051.260	4047.197	4051.124	495	0	240
2026.07.30	08:07:00	4051.070	4053.709	4049.477	4052.378	430	0	240
2026.07.30	08:08:00	4052.429	4052.429	4049.353	4050.354	400	0	240
2026.07.30	08:09:00	4050.384	4051.456	4049.244	4050.425	452	0	240
2026.07.30	08:10:00	4050.291	4052.535	4049.276	4052.210	424	0	240
2026.07.30	08:11:00	4052.154	4052.749	4050.482	4051.766	258	0	240
2026.07.30	08:12:00	4051.837	4056.191	4051.837	4055.102	350	0	240
2026.07.30	08:13:00	4055.046	4055.057	4051.815	4052.456	313	0	240
2026.07.30	08:14:00	4052.535	4054.917	4051.782	4053.258	370	0	240
2026.07.30	08:15:00	4053.076	4054.710	4052.161	4053.811	285	0	240
2026.07.30	08:16:00	4053.992	4055.046	4053.532	4054.282	252	0	240
2026.07.30	08:17:00	4054.335	4056.036	4053.971	4054.737	290	0	240
2026.07.30	08:18:00	4054.885	4055.016	4053.151	4054.630	320	0	240
2026.07.30	08:19:00	4054.324	4056.979	4054.062	4056.680	298	0	240
2026.07.30	08:20:00	4056.735	4058.498	4055.590	4057.353	301	0	240
2026.07.30	08:21:00	4057.212	4060.182	4056.473	4059.465	345	0	240
2026.07.30	08:22:00	4059.416	4059.613	4057.358	4058.015	325	0	240
2026.07.30	08:23:00	4057.961	4063.455	4057.589	4062.934	324	0	240
2026.07.30	08:24:00	4062.878	4064.038	4059.955	4059.991	300	0	240
2026.07.30	08:25:00	4060.341	4063.349	4059.891	4063.113	213	0	240
2026.07.30	08:26:00	4063.163	4065.035	4061.670	4064.303	407	0	240
2026.07.30	08:27:00	4064.371	4068.466	4064.371	4064.772	363	0	240
2026.07.30	08:28:00	4065.083	4066.663	4064.772	4065.562	402	0	240
2026.07.30	08:29:00	4065.685	4065.953	4063.720	4064.675	368	0	240
2026.07.30	08:30:00	4064.597	4068.222	4063.323	4067.398	375	0	240
2026.07.30	08:31:00	4067.448	4069.987	4066.771	4069.582	477	0	240
2026.07.30	08:32:00	4069.632	4072.937	4069.474	4069.920	670	0	240
2026.07.30	08:33:00	4070.122	4070.168	4067.464	4068.862	556	0	240
2026.07.30	08:34:00	4068.926	4070.132	4067.682	4067.900	333	0	240
2026.07.30	08:35:00	4067.929	4068.597	4066.142	4066.668	513	0	240
2026.07.30	08:36:00	4066.716	4071.776	4066.434	4069.796	530	0	240
2026.07.30	08:37:00	4069.846	4070.768	4068.694	4068.713	340	0	240
2026.07.30	08:38:00	4068.956	4068.956	4064.354	4065.071	351	0	240
2026.07.30	08:39:00	4065.019	4065.603	4064.370	4064.599	180	0	240
2026.07.30	08:40:00	4064.723	4066.302	4063.467	4065.054	316	0	240
2026.07.30	08:41:00	4064.851	4065.123	4063.014	4063.591	229	0	240
2026.07.30	08:42:00	4063.878	4066.266	4063.431	4064.793	286	0	240
2026.07.30	08:43:00	4064.843	4065.631	4063.523	4065.062	316	0	240
2026.07.30	08:44:00	4065.004	4066.794	4064.724	4065.610	287	0	240
2026.07.30	08:45:00	4065.546	4069.000	4065.546	4068.243	322	0	240
2026.07.30	08:46:00	4068.208	4070.112	4067.727	4069.877	338	0	240
2026.07.30	08:47:00	4070.083	4070.928	4069.138	4069.872	230	0	240
2026.07.30	08:48:00	4069.928	4070.074	4064.174	4064.632	341	0	240
2026.07.30	08:49:00	4064.684	4065.009	4063.644	4063.830	220	0	240
2026.07.30	08:50:00	4063.994	4064.121	4062.802	4063.322	181	0	240
2026.07.30	08:51:00	4063.089	4064.466	4062.977	4063.604	184	0	240
2026.07.30	08:52:00	4063.802	4064.057	4060.377	4060.493	298	0	240
2026.07.30	08:53:00	4060.547	4061.219	4060.041	4060.377	216	0	240
2026.07.30	08:54:00	4060.404	4060.659	4059.768	4060.320	185	0	240
2026.07.30	08:55:00	4060.015	4060.692	4059.834	4060.418	181	0	240
2026.07.30	08:56:00	4060.475	4061.564	4059.480	4059.940	209	0	240
2026.07.30	08:57:00	4059.994	4060.630	4059.611	4060.150	138	0	240
2026.07.30	08:58:00	4060.212	4062.109	4059.844	4061.264	209	0	240
2026.07.30	08:59:00	4061.269	4062.042	4060.968	4061.296	130	0	240
2026.07.30	09:00:00	4061.607	4062.483	4061.039	4061.896	129	0	240
2026.07.30	09:01:00	4061.841	4062.983	4060.187	4062.457	132	0	240
2026.07.30	09:02:00	4062.656	4066.513	4062.144	4065.476	180	0	240
2026.07.30	09:03:00	4065.366	4066.028	4064.937	4065.024	195	0	240
2026.07.30	09:04:00	4064.971	4067.237	4064.897	4066.462	255	0	240
2026.07.30	09:05:00	4066.414	4067.401	4065.428	4066.925	246	0	240
2026.07.30	09:06:00	4066.993	4068.452	4065.761	4066.131	248	0	240
2026.07.30	09:07:00	4066.175	4068.794	4065.818	4068.794	290	0	240
2026.07.30	09:08:00	4068.482	4068.819	4066.566	4067.231	339	0	240
2026.07.30	09:09:00	4067.285	4068.931	4066.958	4067.442	223	0	240
2026.07.30	09:10:00	4067.367	4067.825	4065.360	4066.375	220	0	240
2026.07.30	09:11:00	4066.137	4067.173	4065.939	4066.969	145	0	240
2026.07.30	09:12:00	4066.979	4067.619	4064.985	4065.035	165	0	240
2026.07.30	09:13:00	4065.091	4066.077	4064.883	4065.592	167	0	240
2026.07.30	09:14:00	4065.595	4069.300	4065.527	4066.077	383	0	240
2026.07.30	09:15:00	4066.128	4066.626	4064.283	4064.888	457	0	240
2026.07.30	09:16:00	4065.136	4066.703	4064.540	4066.304	319	0	240
2026.07.30	09:17:00	4066.182	4066.917	4065.281	4065.610	291	0	240
2026.07.30	09:18:00	4065.824	4067.313	4065.658	4067.028	216	0	240
2026.07.30	09:19:00	4067.078	4067.588	4065.534	4066.667	315	0	240
2026.07.30	09:20:00	4066.749	4068.024	4066.524	4068.024	345	0	240
2026.07.30	09:21:00	4067.732	4072.294	4066.764	4071.866	378	0	240
2026.07.30	09:22:00	4071.923	4071.923	4069.581	4069.601	207	0	240
2026.07.30	09:23:00	4069.367	4070.415	4068.741	4070.001	221	0	240
2026.07.30	09:24:00	4069.950	4070.955	4068.900	4070.230	233	0	240
2026.07.30	09:25:00	4070.276	4072.322	4069.708	4072.322	246	0	240
2026.07.30	09:26:00	4072.143	4072.542	4070.166	4070.500	205	0	240
2026.07.30	09:27:00	4070.710	4071.866	4070.314	4071.817	186	0	240
2026.07.30	09:28:00	4071.601	4072.116	4069.153	4069.420	183	0	240
2026.07.30	09:29:00	4069.532	4069.614	4067.164	4067.451	195	0	240
2026.07.30	09:30:00	4067.754	4068.284	4063.849	4064.994	319	0	240
2026.07.30	09:31:00	4065.045	4065.473	4063.983	4064.694	211	0	240
2026.07.30	09:32:00	4064.509	4064.547	4060.608	4061.384	328	0	240
2026.07.30	09:33:00	4061.688	4063.566	4061.205	4063.158	280	0	240
2026.07.30	09:34:00	4063.208	4066.274	4062.687	4066.097	322	0	240
2026.07.30	09:35:00	4066.171	4066.510	4065.055	4065.319	250	0	240
2026.07.30	09:36:00	4065.589	4068.105	4065.181	4067.851	267	0	240
2026.07.30	09:37:00	4067.900	4069.258	4066.404	4066.836	261	0	240
2026.07.30	09:38:00	4066.800	4067.355	4065.489	4065.778	251	0	240
2026.07.30	09:39:00	4065.832	4066.519	4065.025	4065.081	222	0	240
2026.07.30	09:40:00	4065.373	4065.962	4064.364	4064.516	201	0	240
2026.07.30	09:41:00	4064.568	4065.947	4064.309	4064.322	201	0	240
2026.07.30	09:42:00	4064.388	4065.744	4064.277	4065.558	225	0	240
2026.07.30	09:43:00	4065.356	4066.063	4064.818	4065.362	210	0	240
2026.07.30	09:44:00	4065.312	4065.937	4064.753	4065.600	215	0	240
2026.07.30	09:45:00	4065.462	4065.659	4063.689	4064.043	195	0	240
2026.07.30	09:46:00	4064.087	4065.653	4063.767	4065.450	149	0	240
2026.07.30	09:47:00	4065.498	4066.690	4065.147	4066.315	171	0	240
2026.07.30	09:48:00	4066.166	4067.531	4066.166	4066.971	197	0	240
2026.07.30	09:49:00	4066.854	4069.371	4066.329	4069.113	169	0	240
2026.07.30	09:50:00	4069.356	4070.875	4069.162	4069.916	277	0	240
2026.07.30	09:51:00	4069.920	4073.171	4069.920	4071.486	262	0	240
2026.07.30	09:52:00	4071.611	4071.885	4069.919	4070.143	156	0	240
2026.07.30	09:53:00	4069.839	4070.644	4069.136	4069.219	141	0	240
2026.07.30	09:54:00	4069.272	4069.557	4066.877	4066.989	203	0	240
2026.07.30	09:55:00	4066.925	4067.292	4066.179	4066.572	168	0	240
2026.07.30	09:56:00	4066.570	4066.768	4064.474	4064.970	191	0	240
2026.07.30	09:57:00	4064.899	4065.774	4064.899	4065.344	156	0	240
2026.07.30	09:58:00	4065.290	4065.605	4064.329	4064.841	124	0	240
2026.07.30	09:59:00	4064.792	4065.292	4062.185	4063.442	263	0	240
2026.07.30	10:00:00	4063.515	4064.894	4062.839	4064.187	311	0	240
2026.07.30	10:01:00	4064.464	4067.407	4063.942	4066.421	263	0	240
2026.07.30	10:02:00	4066.474	4068.202	4066.041	4067.017	245	0	240
2026.07.30	10:03:00	4066.884	4068.098	4066.570	4067.071	249	0	240
2026.07.30	10:04:00	4067.019	4067.074	4064.742	4064.742	257	0	240
2026.07.30	10:05:00	4064.944	4066.024	4064.548	4065.665	187	0	240
2026.07.30	10:06:00	4065.644	4067.320	4065.644	4067.320	114	0	240
2026.07.30	10:07:00	4067.064	4069.897	4066.712	4069.217	191	0	240
2026.07.30	10:08:00	4069.167	4070.753	4068.761	4070.267	200	0	240
2026.07.30	10:09:00	4070.335	4072.356	4069.750	4071.219	284	0	240
2026.07.30	10:10:00	4071.169	4074.803	4070.582	4071.107	525	0	240
2026.07.30	10:11:00	4071.173	4072.243	4069.070	4069.216	326	0	240
2026.07.30	10:12:00	4068.999	4069.102	4064.150	4066.919	555	0	240
2026.07.30	10:13:00	4066.968	4067.967	4065.487	4067.699	375	0	240
2026.07.30	10:14:00	4067.722	4068.848	4066.948	4068.367	309	0	240
2026.07.30	10:15:00	4068.421	4073.377	4067.418	4073.276	394	0	240
2026.07.30	10:16:00	4073.076	4077.646	4072.594	4075.003	667	0	240
2026.07.30	10:17:00	4075.095	4076.065	4073.865	4074.015	412	0	240
2026.07.30	10:18:00	4073.731	4075.539	4073.682	4075.265	223	0	240
2026.07.30	10:19:00	4075.342	4076.796	4074.373	4075.491	312	0	240
2026.07.30	10:20:00	4075.633	4076.077	4074.280	4075.741	310	0	240
2026.07.30	10:21:00	4075.740	4076.589	4074.307	4075.743	333	0	240
2026.07.30	10:22:00	4075.686	4077.147	4074.087	4076.536	256	0	240
2026.07.30	10:23:00	4076.539	4077.432	4074.601	4075.275	243	0	240
2026.07.30	10:24:00	4075.287	4076.145	4074.762	4076.087	232	0	240
2026.07.30	10:25:00	4076.139	4077.769	4075.495	4076.344	299	0	240
2026.07.30	10:26:00	4076.505	4076.895	4075.707	4075.956	254	0	240
2026.07.30	10:27:00	4075.960	4076.502	4075.142	4075.481	191	0	240
2026.07.30	10:28:00	4075.532	4076.719	4075.193	4075.955	166	0	240
2026.07.30	10:29:00	4076.012	4077.155	4075.875	4076.415	173	0	240
2026.07.30	10:30:00	4076.477	4076.761	4075.103	4076.046	258	0	240
2026.07.30	10:31:00	4075.857	4079.284	4075.857	4077.445	341	0	240
2026.07.30	10:32:00	4077.395	4078.000	4076.711	4077.246	185	0	240
2026.07.30	10:33:00	4077.389	4078.985	4076.959	4077.727	258	0	240
2026.07.30	10:34:00	4077.672	4078.514	4076.649	4077.480	254	0	240
2026.07.30	10:35:00	4077.495	4080.655	4077.112	4079.472	276	0	240
2026.07.30	10:36:00	4079.521	4081.462	4079.093	4079.845	285	0	240
2026.07.30	10:37:00	4079.894	4080.190	4077.404	4077.583	235	0	240
2026.07.30	10:38:00	4077.522	4078.054	4076.774	4076.871	200	0	240
2026.07.30	10:39:00	4076.967	4078.142	4076.541	4076.963	196	0	240
2026.07.30	10:40:00	4076.953	4081.110	4076.665	4080.574	425	0	240
2026.07.30	10:41:00	4080.525	4081.551	4079.293	4079.343	409	0	240
2026.07.30	10:42:00	4079.328	4080.301	4078.783	4079.707	286	0	240
2026.07.30	10:43:00	4079.760	4082.782	4079.107	4081.821	351	0	240
2026.07.30	10:44:00	4081.874	4081.967	4079.650	4081.232	391	0	240
2026.07.30	10:45:00	4080.910	4083.063	4080.506	4082.566	267	0	240
2026.07.30	10:46:00	4082.516	4082.787	4081.508	4081.828	267	0	240
2026.07.30	10:47:00	4081.775	4081.775	4080.099	4081.590	190	0	240
2026.07.30	10:48:00	4081.588	4081.635	4079.887	4080.241	186	0	240
2026.07.30	10:49:00	4080.189	4080.556	4079.507	4079.823	156	0	240
2026.07.30	10:50:00	4079.799	4081.669	4079.110	4080.685	332	0	240
2026.07.30	10:51:00	4080.616	4080.616	4078.206	4078.780	307	0	240
2026.07.30	10:52:00	4078.866	4079.878	4078.458	4078.791	248	0	240
2026.07.30	10:53:00	4078.900	4079.524	4078.045	4079.352	236	0	240
2026.07.30	10:54:00	4079.302	4079.987	4078.786	4079.045	170	0	240
2026.07.30	10:55:00	4079.103	4080.031	4078.122	4078.404	240	0	240
2026.07.30	10:56:00	4078.418	4079.315	4078.176	4078.973	200	0	240
2026.07.30	10:57:00	4079.116	4079.849	4078.159	4078.191	111	0	240
2026.07.30	10:58:00	4078.243	4079.464	4078.243	4078.974	102	0	240
2026.07.30	10:59:00	4078.965	4079.623	4078.067	4078.067	101	0	240
2026.07.30	11:00:00	4078.103	4079.803	4077.728	4078.735	245	0	240
2026.07.30	11:01:00	4078.804	4079.565	4078.280	4078.983	142	0	240
2026.07.30	11:02:00	4078.759	4079.226	4077.617	4078.315	128	0	240
2026.07.30	11:03:00	4078.324	4081.118	4077.801	4079.027	293	0	240
2026.07.30	11:04:00	4078.965	4079.775	4078.269	4078.775	238	0	240
2026.07.30	11:05:00	4078.912	4080.255	4078.679	4079.842	240	0	240
2026.07.30	11:06:00	4079.905	4080.997	4079.220	4080.987	237	0	240
2026.07.30	11:07:00	4080.973	4082.719	4080.536	4081.218	258	0	240
2026.07.30	11:08:00	4081.165	4081.953	4079.871	4080.469	248	0	240
2026.07.30	11:09:00	4080.492	4082.449	4080.221	4081.714	184	0	240
2026.07.30	11:10:00	4081.797	4082.719	4081.602	4081.715	198	0	240
2026.07.30	11:11:00	4081.755	4082.644	4081.693	4082.299	163	0	240
2026.07.30	11:12:00	4082.361	4082.804	4081.034	4081.425	218	0	240
2026.07.30	11:13:00	4081.367	4081.367	4078.750	4079.314	193	0	240
2026.07.30	11:14:00	4079.371	4080.384	4078.916	4079.763	203	0	240
2026.07.30	11:15:00	4079.806	4081.468	4079.121	4080.570	204	0	240
2026.07.30	11:16:00	4080.766	4081.700	4079.467	4081.523	194	0	240
2026.07.30	11:17:00	4081.574	4081.832	4080.699	4080.816	183	0	240
2026.07.30	11:18:00	4081.069	4081.226	4079.536	4079.536	191	0	240
2026.07.30	11:19:00	4079.758	4080.309	4078.014	4078.098	168	0	240
2026.07.30	11:20:00	4078.118	4078.637	4077.253	4077.494	126	0	240
2026.07.30	11:21:00	4077.438	4077.935	4076.513	4077.935	254	0	240
2026.07.30	11:22:00	4077.698	4079.112	4077.179	4078.802	207	0	240
2026.07.30	11:23:00	4078.751	4080.123	4078.751	4079.506	183	0	240
2026.07.30	11:24:00	4079.560	4081.571	4079.299	4081.162	162	0	240
2026.07.30	11:25:00	4081.156	4081.808	4079.613	4079.874	201	0	240
2026.07.30	11:26:00	4079.810	4080.216	4077.133	4077.211	216	0	240
2026.07.30	11:27:00	4077.311	4078.016	4076.774	4076.900	152	0	240
2026.07.30	11:28:00	4076.948	4077.561	4076.589	4077.245	157	0	240
2026.07.30	11:29:00	4077.117	4077.603	4076.572	4077.555	153	0	240
2026.07.30	11:30:00	4077.545	4078.706	4076.392	4076.810	229	0	240
2026.07.30	11:31:00	4076.891	4077.566	4076.396	4076.917	234	0	240
2026.07.30	11:32:00	4076.969	4077.851	4076.034	4076.682	252	0	240
2026.07.30	11:33:00	4076.705	4077.935	4076.443	4077.684	200	0	240
2026.07.30	11:34:00	4077.804	4078.017	4076.287	4077.357	188	0	240
2026.07.30	11:35:00	4077.221	4077.719	4076.741	4077.584	203	0	240
2026.07.30	11:36:00	4077.515	4078.809	4077.417	4078.223	119	0	240
2026.07.30	11:37:00	4078.516	4078.695	4077.594	4078.402	151	0	240
2026.07.30	11:38:00	4078.153	4079.174	4077.250	4078.853	143	0	240
2026.07.30	11:39:00	4078.906	4079.481	4077.483	4077.766	138	0	240
2026.07.30	11:40:00	4077.461	4078.132	4076.778	4077.736	135	0	240
2026.07.30	11:41:00	4077.789	4078.667	4077.789	4078.307	169	0	240
2026.07.30	11:42:00	4078.243	4078.514	4077.443	4078.134	165	0	240
2026.07.30	11:43:00	4078.199	4079.406	4077.951	4078.956	167	0	240
2026.07.30	11:44:00	4078.879	4079.075	4077.213	4077.521	178	0	240
2026.07.30	11:45:00	4077.540	4077.866	4076.258	4077.096	174	0	240
2026.07.30	11:46:00	4076.899	4077.311	4075.603	4076.779	188	0	240
2026.07.30	11:47:00	4076.564	4077.409	4076.331	4077.299	112	0	240
2026.07.30	11:48:00	4077.185	4077.511	4076.314	4077.246	129	0	240
2026.07.30	11:49:00	4077.504	4077.570	4076.321	4076.602	128	0	240
2026.07.30	11:50:00	4076.657	4077.919	4076.309	4077.182	173	0	240
2026.07.30	11:51:00	4077.232	4078.346	4076.794	4077.231	176	0	240
2026.07.30	11:52:00	4077.191	4078.327	4076.808	4078.078	184	0	240
2026.07.30	11:53:00	4078.051	4079.363	4077.902	4078.835	203	0	240
2026.07.30	11:54:00	4078.760	4080.590	4078.374	4080.186	212	0	240
2026.07.30	11:55:00	4080.137	4080.356	4078.908	4078.908	236	0	240
2026.07.30	11:56:00	4078.926	4079.784	4078.220	4078.680	164	0	240
2026.07.30	11:57:00	4078.621	4079.806	4077.100	4077.519	142	0	240
2026.07.30	11:58:00	4077.766	4078.040	4076.946	4077.155	150	0	240
2026.07.30	11:59:00	4077.155	4077.991	4076.661	4077.621	149	0	240
2026.07.30	12:00:00	4077.481	4078.593	4076.631	4076.637	178	0	240
2026.07.30	12:01:00	4076.637	4076.897	4074.558	4074.921	145	0	240
2026.07.30	12:02:00	4074.994	4076.540	4074.674	4076.104	123	0	240
2026.07.30	12:03:00	4075.869	4077.286	4075.767	4076.692	231	0	240
2026.07.30	12:04:00	4077.056	4079.576	4076.310	4078.260	258	0	240
2026.07.30	12:05:00	4078.299	4081.392	4078.299	4080.849	190	0	240
2026.07.30	12:06:00	4080.795	4082.126	4080.026	4081.774	210	0	240
2026.07.30	12:07:00	4081.812	4082.320	4079.812	4081.750	181	0	240
2026.07.30	12:08:00	4081.623	4082.382	4081.401	4081.977	166	0	240
2026.07.30	12:09:00	4082.091	4082.539	4080.897	4081.776	200	0	240
2026.07.30	12:10:00	4081.574	4081.750	4080.138	4080.846	200	0	240
2026.07.30	12:11:00	4080.906	4081.241	4075.766	4076.011	308	0	240
2026.07.30	12:12:00	4075.928	4077.172	4074.840	4075.707	329	0	240
2026.07.30	12:13:00	4075.825	4077.472	4075.519	4076.983	274	0	240
2026.07.30	12:14:00	4077.037	4080.406	4076.794	4078.637	301	0	240
2026.07.30	12:15:00	4078.695	4078.816	4074.762	4075.004	251	0	240
2026.07.30	12:16:00	4074.934	4076.065	4074.073	4075.271	287	0	240
2026.07.30	12:17:00	4075.325	4075.551	4073.695	4074.938	260	0	240
2026.07.30	12:18:00	4074.999	4074.999	4072.810	4074.416	206	0	240
2026.07.30	12:19:00	4074.476	4075.442	4073.880	4075.162	232	0	240
2026.07.30	12:20:00	4074.857	4075.366	4072.738	4073.272	390	0	240
2026.07.30	12:21:00	4073.471	4073.959	4072.404	4072.404	261	0	240
2026.07.30	12:22:00	4072.348	4073.652	4071.530	4072.356	292	0	240
2026.07.30	12:23:00	4072.454	4075.438	4072.318	4074.433	249	0	240
2026.07.30	12:24:00	4074.473	4076.531	4074.104	4076.249	216	0	240
2026.07.30	12:25:00	4076.447	4079.318	4076.337	4078.447	322	0	240
2026.07.30	12:26:00	4078.235	4081.339	4078.235	4080.789	183	0	240
2026.07.30	12:27:00	4080.846	4080.846	4079.325	4080.023	173	0	240
2026.07.30	12:28:00	4079.960	4080.011	4078.836	4079.298	177	0	240
2026.07.30	12:29:00	4079.300	4079.428	4076.623	4077.244	204	0	240
2026.07.30	12:30:00	4077.105	4086.886	4077.105	4079.579	372	0	240
2026.07.30	12:31:00	4079.569	4080.403	4071.838	4072.563	324	0	240
2026.07.30	12:32:00	4072.761	4075.098	4071.715	4074.534	225	0	240
2026.07.30	12:33:00	4074.586	4075.639	4071.557	4072.925	471	0	240
2026.07.30	12:34:00	4072.982	4075.158	4072.693	4073.706	497	0	240
2026.07.30	12:35:00	4073.656	4075.908	4072.862	4075.446	459	0	240
2026.07.30	12:36:00	4075.534	4076.474	4071.767	4073.538	589	0	240
2026.07.30	12:37:00	4073.446	4077.576	4073.316	4075.429	584	0	240
2026.07.30	12:38:00	4075.373	4076.611	4073.790	4076.428	578	0	240
2026.07.30	12:39:00	4076.335	4078.301	4074.264	4077.686	435	0	240
2026.07.30	12:40:00	4077.751	4078.203	4073.788	4074.179	537	0	240
2026.07.30	12:41:00	4074.112	4081.229	4074.112	4077.807	482	0	240
2026.07.30	12:42:00	4077.777	4081.916	4077.687	4078.869	706	0	240
2026.07.30	12:43:00	4079.019	4079.140	4074.769	4077.121	556	0	240
2026.07.30	12:44:00	4077.073	4078.253	4075.970	4077.241	453	0	240
2026.07.30	12:45:00	4077.300	4079.552	4076.587	4077.420	508	0	240
2026.07.30	12:46:00	4077.476	4079.201	4075.603	4076.583	517	0	240
2026.07.30	12:47:00	4076.533	4076.533	4072.923	4074.285	417	0	240
2026.07.30	12:48:00	4074.341	4075.464	4074.174	4074.588	347	0	240
2026.07.30	12:49:00	4074.639	4075.433	4073.747	4075.433	319	0	240
2026.07.30	12:50:00	4075.483	4076.988	4073.821	4074.397	431	0	240
2026.07.30	12:51:00	4074.343	4074.343	4071.231	4071.817	439	0	240
2026.07.30	12:52:00	4071.693	4072.234	4068.472	4069.373	508	0	240
2026.07.30	12:53:00	4069.483	4070.120	4067.032	4067.888	390	0	240
2026.07.30	12:54:00	4067.828	4071.802	4067.703	4069.810	459	0	240
2026.07.30	12:55:00	4069.723	4070.527	4069.178	4069.723	356	0	240
2026.07.30	12:56:00	4069.990	4070.578	4068.223	4070.476	350	0	240
2026.07.30	12:57:00	4070.679	4073.689	4069.835	4072.016	372	0	240
2026.07.30	12:58:00	4071.891	4073.380	4071.160	4071.647	302	0	240
2026.07.30	12:59:00	4071.451	4072.178	4068.660	4068.660	356	0	240
2026.07.30	13:00:00	4068.966	4070.562	4064.935	4070.048	1191	0	240
2026.07.30	13:01:00	4069.934	4073.070	4069.934	4070.888	799	0	240
2026.07.30	13:02:00	4070.978	4074.038	4070.500	4071.184	690	0	240
2026.07.30	13:03:00	4071.436	4072.339	4068.756	4068.911	567	0	240
2026.07.30	13:04:00	4068.960	4069.708	4066.271	4068.304	603	0	240
2026.07.30	13:05:00	4068.355	4070.515	4067.889	4068.742	420	0	240
2026.07.30	13:06:00	4068.541	4069.948	4066.419	4069.449	547	0	240
2026.07.30	13:07:00	4069.508	4076.430	4069.430	4075.518	867	0	240
2026.07.30	13:08:00	4075.581	4076.724	4074.238	4076.410	522	0	240
2026.07.30	13:09:00	4076.614	4076.614	4073.349	4073.454	423	0	240
2026.07.30	13:10:00	4073.591	4074.004	4070.534	4070.534	439	0	240
2026.07.30	13:11:00	4070.712	4072.846	4069.648	4071.495	425	0	240
2026.07.30	13:12:00	4071.559	4073.406	4070.913	4072.552	348	0	240
2026.07.30	13:13:00	4072.682	4076.537	4072.493	4075.373	549	0	240
2026.07.30	13:14:00	4075.322	4076.743	4074.092	4076.743	432	0	240
2026.07.30	13:15:00	4076.543	4077.489	4074.978	4075.645	410	0	240
2026.07.30	13:16:00	4075.655	4076.778	4074.309	4075.268	468	0	240
2026.07.30	13:17:00	4075.318	4075.866	4074.190	4075.412	358	0	240
2026.07.30	13:18:00	4075.462	4076.039	4073.520	4074.676	311	0	240
2026.07.30	13:19:00	4074.373	4075.515	4072.727	4073.230	356	0	240
2026.07.30	13:20:00	4073.179	4075.617	4071.898	4075.572	384	0	240
2026.07.30	13:21:00	4075.614	4080.072	4075.303	4079.517	333	0	240
2026.07.30	13:22:00	4079.464	4083.578	4079.217	4082.273	408	0	240
2026.07.30	13:23:00	4082.339	4084.111	4080.346	4081.544	502	0	240
2026.07.30	13:24:00	4081.821	4082.662	4080.903	4082.020	506	0	240
2026.07.30	13:25:00	4082.096	4082.977	4081.143	4081.862	457	0	240
2026.07.30	13:26:00	4081.746	4081.769	4078.229	4078.840	380	0	240
2026.07.30	13:27:00	4078.790	4079.033	4074.643	4074.958	403	0	240
2026.07.30	13:28:00	4074.906	4077.406	4074.144	4076.166	494	0	240
2026.07.30	13:29:00	4075.963	4080.144	4075.764	4080.144	348	0	240
2026.07.30	13:30:00	4080.051	4081.911	4077.121	4080.250	1078	0	240
2026.07.30	13:31:00	4080.300	4081.417	4077.816	4077.816	711	0	240
2026.07.30	13:32:00	4077.874	4079.823	4076.524	4077.385	667	0	240
2026.07.30	13:33:00	4077.455	4080.211	4076.970	4079.978	690	0	240
2026.07.30	13:34:00	4080.032	4081.496	4075.332	4075.875	689	0	240
2026.07.30	13:35:00	4075.825	4078.657	4074.821	4078.657	792	0	240
2026.07.30	13:36:00	4078.467	4085.076	4077.689	4083.985	1482	0	240
2026.07.30	13:37:00	4084.039	4093.950	4083.302	4093.753	1449	0	240
2026.07.30	13:38:00	4094.124	4098.780	4090.750	4097.799	1681	0	240
2026.07.30	13:39:00	4097.858	4098.732	4085.590	4091.401	1413	0	240
2026.07.30	13:40:00	4091.202	4091.783	4085.147	4090.047	1319	0	240
2026.07.30	13:41:00	4089.991	4093.233	4088.742	4091.634	1196	0	240
2026.07.30	13:42:00	4091.473	4095.511	4090.653	4093.276	1193	0	240
2026.07.30	13:43:00	4093.223	4096.092	4090.161	4094.128	950	0	240
2026.07.30	13:44:00	4094.187	4096.462	4088.082	4088.961	910	0	240
2026.07.30	13:45:00	4089.023	4091.237	4087.504	4088.062	817	0	240
2026.07.30	13:46:00	4087.760	4091.137	4085.542	4090.395	1071	0	240
2026.07.30	13:47:00	4090.541	4097.365	4089.940	4097.153	782	0	240
2026.07.30	13:48:00	4097.208	4101.676	4096.699	4099.385	1006	0	240
2026.07.30	13:49:00	4099.319	4099.929	4092.153	4094.958	981	0	240
2026.07.30	13:50:00	4094.755	4097.630	4093.274	4095.138	806	0	240
2026.07.30	13:51:00	4095.307	4100.991	4093.881	4100.060	976	0	240
2026.07.30	13:52:00	4100.180	4100.440	4096.058	4098.956	893	0	240
2026.07.30	13:53:00	4098.897	4102.945	4098.569	4100.109	873	0	240
2026.07.30	13:54:00	4100.164	4103.074	4099.223	4102.217	716	0	240
2026.07.30	13:55:00	4102.168	4104.494	4101.541	4103.360	699	0	240
2026.07.30	13:56:00	4103.315	4104.034	4102.039	4103.512	678	0	240
2026.07.30	13:57:00	4103.420	4103.477	4100.857	4102.528	547	0	240
2026.07.30	13:58:00	4102.597	4108.629	4102.597	4107.900	571	0	240
2026.07.30	13:59:00	4108.007	4112.606	4107.421	4111.998	904	0	240
2026.07.30	14:00:00	4112.110	4119.495	4109.520	4117.660	1722	0	240
2026.07.30	14:01:00	4117.722	4120.412	4109.548	4111.522	1830	0	240
2026.07.30	14:02:00	4111.596	4114.951	4107.955	4112.488	1525	0	240
2026.07.30	14:03:00	4112.610	4112.987	4108.676	4109.504	943	0	240
2026.07.30	14:04:00	4109.585	4110.250	4106.513	4107.462	705	0	240
2026.07.30	14:05:00	4107.526	4109.718	4105.083	4106.010	855	0	240
2026.07.30	14:06:00	4105.955	4106.550	4102.869	4103.594	924	0	240
2026.07.30	14:07:00	4103.655	4104.959	4095.753	4096.166	1112	0	240
2026.07.30	14:08:00	4096.223	4096.636	4093.817	4095.645	862	0	240
2026.07.30	14:09:00	4095.554	4100.783	4095.554	4099.172	956	0	240
2026.07.30	14:10:00	4099.031	4101.863	4098.941	4100.167	768	0	240
2026.07.30	14:11:00	4100.112	4102.505	4097.420	4102.222	651	0	240
2026.07.30	14:12:00	4101.891	4101.891	4096.554	4098.603	695	0	240
2026.07.30	14:13:00	4098.654	4098.810	4096.199	4097.370	670	0	240
2026.07.30	14:14:00	4097.313	4099.523	4096.700	4098.056	612	0	240
2026.07.30	14:15:00	4097.904	4100.105	4096.058	4097.874	720	0	240
2026.07.30	14:16:00	4098.144	4100.253	4097.702	4098.877	664	0	240
2026.07.30	14:17:00	4098.820	4099.836	4096.503	4097.895	630	0	240
2026.07.30	14:18:00	4097.837	4098.397	4091.869	4093.762	708	0	240
2026.07.30	14:19:00	4094.063	4094.908	4090.220	4090.908	667	0	240
2026.07.30	14:20:00	4090.859	4092.062	4087.714	4090.204	731	0	240
2026.07.30	14:21:00	4089.928	4092.707	4087.137	4092.429	729	0	240
2026.07.30	14:22:00	4092.739	4096.217	4092.277	4095.315	738	0	240
2026.07.30	14:23:00	4095.366	4098.508	4095.149	4097.324	579	0	240
2026.07.30	14:24:00	4097.382	4098.599	4088.271	4089.661	789	0	240
2026.07.30	14:25:00	4089.549	4092.414	4089.129	4091.341	607	0	240
2026.07.30	14:26:00	4091.631	4092.008	4087.119	4089.226	763	0	240
2026.07.30	14:27:00	4089.277	4093.973	4088.822	4093.072	730	0	240
2026.07.30	14:28:00	4092.969	4095.720	4092.768	4094.976	591	0	240
2026.07.30	14:29:00	4094.862	4096.241	4093.904	4096.213	695	0	240
2026.07.30	14:30:00	4096.017	4098.008	4094.573	4096.875	624	0	240
2026.07.30	14:31:00	4096.935	4098.681	4096.134	4097.145	680	0	240
2026.07.30	14:32:00	4097.091	4099.091	4095.963	4098.939	720	0	240
2026.07.30	14:33:00	4098.788	4103.037	4097.828	4100.015	846	0	240
2026.07.30	14:34:00	4099.900	4101.087	4098.957	4099.946	598	0	240
2026.07.30	14:35:00	4100.000	4102.014	4099.909	4100.883	440	0	240
2026.07.30	14:36:00	4100.825	4105.443	4100.204	4104.857	533	0	240
2026.07.30	14:37:00	4104.914	4105.170	4103.159	4104.309	414	0	240
2026.07.30	14:38:00	4104.497	4106.006	4102.259	4103.951	432	0	240
2026.07.30	14:39:00	4104.129	4106.144	4103.391	4105.922	386	0	240
2026.07.30	14:40:00	4105.869	4108.438	4105.340	4106.081	479	0	240
2026.07.30	14:41:00	4106.146	4107.438	4103.990	4106.240	422	0	240
2026.07.30	14:42:00	4106.052	4109.070	4105.679	4106.319	333	0	240
2026.07.30	14:43:00	4106.285	4109.337	4106.229	4107.744	374	0	240
2026.07.30	14:44:00	4107.669	4111.390	4107.513	4110.634	451	0	240
2026.07.30	14:45:00	4110.578	4113.247	4106.629	4106.824	640	0	240
2026.07.30	14:46:00	4107.019	4107.243	4104.092	4104.348	460	0	240
2026.07.30	14:47:00	4104.288	4104.633	4101.925	4102.818	389	0	240
2026.07.30	14:48:00	4102.768	4103.806	4101.800	4102.692	522	0	240
2026.07.30	14:49:00	4102.744	4105.662	4101.752	4104.609	416	0	240
2026.07.30	14:50:00	4104.403	4104.796	4098.639	4099.697	675	0	240
2026.07.30	14:51:00	4099.781	4102.257	4098.666	4102.197	501	0	240
2026.07.30	14:52:00	4101.928	4102.553	4099.488	4099.583	590	0	240
2026.07.30	14:53:00	4099.705	4100.290	4098.352	4100.043	660	0	240
2026.07.30	14:54:00	4099.990	4100.386	4098.990	4099.904	438	0	240
2026.07.30	14:55:00	4099.848	4100.395	4096.846	4100.361	526	0	240
2026.07.30	14:56:00	4100.290	4101.073	4097.285	4098.868	425	0	240
2026.07.30	14:57:00	4099.065	4099.183	4096.279	4098.991	499	0	240
2026.07.30	14:58:00	4098.823	4100.311	4097.513	4098.472	466	0	240
2026.07.30	14:59:00	4098.521	4100.936	4098.387	4099.895	377	0	240
2026.07.30	15:00:00	4099.949	4100.424	4097.303	4099.012	532	0	240
2026.07.30	15:01:00	4098.950	4099.806	4097.531	4097.531	629	0	240
2026.07.30	15:02:00	4097.470	4099.125	4096.174	4098.957	647	0	240
2026.07.30	15:03:00	4098.716	4100.303	4097.765	4098.677	698	0	240
2026.07.30	15:04:00	4098.756	4098.816	4096.312	4097.371	493	0	240
2026.07.30	15:05:00	4097.061	4098.373	4096.705	4097.082	615	0	240
2026.07.30	15:06:00	4097.137	4098.733	4094.035	4094.035	716	0	240
2026.07.30	15:07:00	4094.235	4095.414	4092.295	4092.575	585	0	240
2026.07.30	15:08:00	4092.516	4095.084	4089.604	4092.040	775	0	240
2026.07.30	15:09:00	4092.074	4092.074	4090.702	4090.802	486	0	240
2026.07.30	15:10:00	4090.852	4090.888	4087.288	4089.391	573	0	240
2026.07.30	15:11:00	4089.337	4090.466	4087.678	4088.099	471	0	240
2026.07.30	15:12:00	4088.046	4088.083	4084.616	4085.318	466	0	240
2026.07.30	15:13:00	4085.684	4085.754	4082.954	4084.981	517	0	240
2026.07.30	15:14:00	4084.861	4086.835	4084.351	4085.644	430	0	240
2026.07.30	15:15:00	4085.531	4091.237	4084.682	4090.801	478	0	240
2026.07.30	15:16:00	4090.802	4094.299	4090.464	4094.043	503	0	240
2026.07.30	15:17:00	4094.094	4094.773	4091.838	4093.243	551	0	240
2026.07.30	15:18:00	4093.193	4095.677	4092.912	4094.705	422	0	240
2026.07.30	15:19:00	4094.633	4096.669	4094.328	4095.693	394	0	240
2026.07.30	15:20:00	4095.805	4097.143	4095.313	4095.792	527	0	240
2026.07.30	15:21:00	4095.627	4097.058	4094.987	4095.507	481	0	240
2026.07.30	15:22:00	4095.556	4096.532	4094.366	4095.284	418	0	240
2026.07.30	15:23:00	4095.334	4095.553	4091.969	4094.062	358	0	240
2026.07.30	15:24:00	4093.982	4094.799	4093.078	4094.065	309	0	240
2026.07.30	15:25:00	4094.116	4095.106	4092.512	4092.674	328	0	240
2026.07.30	15:26:00	4092.683	4095.189	4091.869	4095.189	349	0	240
2026.07.30	15:27:00	4095.326	4096.006	4094.566	4094.745	282	0	240
2026.07.30	15:28:00	4094.925	4095.150	4093.566	4094.335	269	0	240
2026.07.30	15:29:00	4094.390	4096.566	4094.242	4096.086	266	0	240
2026.07.30	15:30:00	4096.033	4096.659	4092.464	4093.334	419	0	240
2026.07.30	15:31:00	4093.447	4095.483	4093.068	4093.994	398	0	240
2026.07.30	15:32:00	4093.934	4097.176	4093.751	4096.935	393	0	240
2026.07.30	15:33:00	4096.992	4098.432	4096.412	4098.318	309	0	240
2026.07.30	15:34:00	4098.245	4100.087	4098.132	4099.190	372	0	240
2026.07.30	15:35:00	4099.248	4100.053	4097.724	4098.240	388	0	240
2026.07.30	15:36:00	4097.882	4100.828	4097.882	4100.494	348	0	240
2026.07.30	15:37:00	4100.427	4100.785	4098.281	4098.333	299	0	240
2026.07.30	15:38:00	4098.384	4099.482	4098.077	4098.803	275	0	240
2026.07.30	15:39:00	4098.852	4099.581	4098.489	4098.851	270	0	240
2026.07.30	15:40:00	4098.900	4101.346	4098.618	4101.067	393	0	240
2026.07.30	15:41:00	4101.014	4101.946	4100.179	4101.337	301	0	240
2026.07.30	15:42:00	4101.350	4102.785	4100.324	4102.592	317	0	240
2026.07.30	15:43:00	4102.641	4105.509	4102.157	4104.567	438	0	240
2026.07.30	15:44:00	4104.616	4107.072	4104.505	4105.211	341	0	240
2026.07.30	15:45:00	4105.285	4106.521	4103.428	4103.591	319	0	240
2026.07.30	15:46:00	4103.663	4106.000	4103.613	4105.101	295	0	240
2026.07.30	15:47:00	4105.048	4106.253	4104.748	4105.312	251	0	240
2026.07.30	15:48:00	4105.533	4106.744	4105.231	4106.122	339	0	240
2026.07.30	15:49:00	4105.942	4106.962	4105.146	4106.654	298	0	240
2026.07.30	15:50:00	4106.406	4106.406	4104.495	4105.398	251	0	240
2026.07.30	15:51:00	4105.346	4107.997	4104.935	4107.446	254	0	240
2026.07.30	15:52:00	4107.438	4107.769	4105.326	4105.819	237	0	240
2026.07.30	15:53:00	4105.951	4106.887	4105.088	4105.523	230	0	240
2026.07.30	15:54:00	4105.581	4107.320	4104.963	4107.089	232	0	240
2026.07.30	15:55:00	4107.148	4110.095	4107.000	4107.740	290	0	240
2026.07.30	15:56:00	4107.796	4109.924	4107.752	4108.240	218	0	240
2026.07.30	15:57:00	4108.307	4108.722	4107.794	4108.041	130	0	240
2026.07.30	15:58:00	4107.988	4108.987	4107.562	4108.117	220	0	240
2026.07.30	15:59:00	4108.081	4108.431	4106.777	4107.999	229	0	240
2026.07.30	16:00:00	4107.945	4111.217	4107.611	4110.843	303	0	240
2026.07.30	16:01:00	4111.115	4112.980	4110.335	4110.855	290	0	240
2026.07.30	16:02:00	4110.973	4112.661	4110.611	4111.803	275	0	240
2026.07.30	16:03:00	4111.856	4113.301	4111.613	4113.012	227	0	240
2026.07.30	16:04:00	4113.062	4115.962	4113.062	4114.681	368	0	240
2026.07.30	16:05:00	4114.730	4115.099	4111.971	4112.498	247	0	240
2026.07.30	16:06:00	4112.722	4112.787	4111.081	4111.384	229	0	240
2026.07.30	16:07:00	4111.434	4113.241	4111.103	4113.110	221	0	240
2026.07.30	16:08:00	4113.160	4113.791	4111.120	4112.720	229	0	240
2026.07.30	16:09:00	4112.667	4113.120	4111.030	4111.160	203	0	240
2026.07.30	16:10:00	4111.109	4111.610	4108.984	4109.919	262	0	240
2026.07.30	16:11:00	4109.857	4112.197	4109.470	4111.303	231	0	240
2026.07.30	16:12:00	4111.101	4115.254	4110.518	4115.027	181	0	240
2026.07.30	16:13:00	4115.150	4115.992	4113.650	4114.200	211	0	240
2026.07.30	16:14:00	4114.253	4114.744	4113.295	4114.118	169	0	240
2026.07.30	16:15:00	4114.028	4115.165	4113.787	4114.819	194	0	240
2026.07.30	16:16:00	4114.765	4115.696	4113.748	4114.057	184	0	240
2026.07.30	16:17:00	4114.008	4115.942	4113.945	4115.939	166	0	240
2026.07.30	16:18:00	4115.669	4116.078	4114.186	4114.608	163	0	240
2026.07.30	16:19:00	4114.689	4115.853	4113.800	4113.991	170	0	240
2026.07.30	16:20:00	4114.103	4115.431	4113.491	4114.518	198	0	240
2026.07.30	16:21:00	4114.507	4115.895	4113.757	4115.825	164	0	240
2026.07.30	16:22:00	4115.852	4116.166	4114.766	4114.999	161	0	240
2026.07.30	16:23:00	4114.947	4116.239	4113.660	4115.971	239	0	240
2026.07.30	16:24:00	4116.002	4119.338	4115.739	4118.746	249	0	240
2026.07.30	16:25:00	4118.802	4119.026	4116.634	4116.779	216	0	240
2026.07.30	16:26:00	4117.008	4118.376	4116.653	4117.372	180	0	240
2026.07.30	16:27:00	4117.424	4117.726	4115.648	4116.392	150	0	240
2026.07.30	16:28:00	4116.503	4117.079	4115.553	4115.744	159	0	240
2026.07.30	16:29:00	4116.052	4116.870	4115.615	4116.077	158	0	240
2026.07.30	16:30:00	4116.190	4116.392	4114.097	4115.052	263	0	240
2026.07.30	16:31:00	4115.142	4115.957	4114.649	4115.808	193	0	240
2026.07.30	16:32:00	4115.673	4116.396	4114.622	4115.670	203	0	240
2026.07.30	16:33:00	4115.371	4116.166	4114.483	4114.483	191	0	240
2026.07.30	16:34:00	4114.732	4114.863	4112.570	4113.300	222	0	240
2026.07.30	16:35:00	4113.364	4115.047	4112.877	4113.869	207	0	240
2026.07.30	16:36:00	4113.907	4114.641	4112.108	4112.703	207	0	240
2026.07.30	16:37:00	4112.770	4112.770	4111.394	4111.793	182	0	240
2026.07.30	16:38:00	4111.848	4112.468	4110.910	4111.167	166	0	240
2026.07.30	16:39:00	4110.915	4111.262	4110.228	4111.100	172	0	240
2026.07.30	16:40:00	4111.159	4111.446	4109.752	4110.362	145	0	240
2026.07.30	16:41:00	4110.355	4112.061	4109.395	4111.624	209	0	240
2026.07.30	16:42:00	4111.928	4112.101	4110.238	4110.490	177	0	240
2026.07.30	16:43:00	4110.420	4110.478	4108.747	4108.874	149	0	240
2026.07.30	16:44:00	4109.041	4109.053	4108.200	4108.683	159	0	240
2026.07.30	16:45:00	4108.572	4109.137	4107.668	4108.338	189	0	240
2026.07.30	16:46:00	4108.455	4109.055	4107.305	4107.796	152	0	240
2026.07.30	16:47:00	4107.801	4108.323	4107.069	4107.716	134	0	240
2026.07.30	16:48:00	4107.716	4109.363	4107.716	4108.994	162	0	240
2026.07.30	16:49:00	4109.029	4109.724	4108.365	4109.607	145	0	240
2026.07.30	16:50:00	4109.378	4109.862	4108.821	4109.696	132	0	240
2026.07.30	16:51:00	4109.829	4110.393	4108.313	4108.360	155	0	240
2026.07.30	16:52:00	4108.510	4109.036	4108.055	4108.772	146	0	240
2026.07.30	16:53:00	4108.756	4109.262	4107.196	4107.529	152	0	240
2026.07.30	16:54:00	4107.327	4107.978	4106.455	4107.750	148	0	240
2026.07.30	16:55:00	4107.957	4109.589	4107.366	4109.323	159	0	240
2026.07.30	16:56:00	4109.379	4110.575	4109.379	4110.575	129	0	240
2026.07.30	16:57:00	4110.377	4110.783	4109.293	4109.354	111	0	240
2026.07.30	16:58:00	4109.308	4109.544	4108.893	4109.345	100	0	240
2026.07.30	16:59:00	4109.567	4110.839	4109.208	4110.839	125	0	240
2026.07.30	17:00:00	4110.778	4111.350	4109.184	4109.289	243	0	240
2026.07.30	17:01:00	4109.234	4110.395	4108.956	4109.692	188	0	240
2026.07.30	17:02:00	4109.741	4110.033	4107.584	4108.263	163	0	240
2026.07.30	17:03:00	4108.313	4108.640	4107.679	4108.046	151	0	240
2026.07.30	17:04:00	4107.783	4107.883	4106.621	4107.425	181	0	240
2026.07.30	17:05:00	4107.557	4108.576	4107.143	4108.377	135	0	240
2026.07.30	17:06:00	4108.485	4108.609	4107.651	4107.909	129	0	240
2026.07.30	17:07:00	4107.960	4108.506	4107.534	4108.374	110	0	240
2026.07.30	17:08:00	4108.365	4108.772	4107.545	4107.644	112	0	240
2026.07.30	17:09:00	4107.595	4108.361	4106.510	4107.651	120	0	240
2026.07.30	17:10:00	4107.434	4108.647	4107.238	4107.852	118	0	240
2026.07.30	17:11:00	4107.595	4108.291	4106.986	4108.291	133	0	240
2026.07.30	17:12:00	4108.065	4108.195	4106.102	4107.096	228	0	240
2026.07.30	17:13:00	4107.321	4107.574	4106.664	4107.203	132	0	240
2026.07.30	17:14:00	4106.940	4107.193	4104.731	4104.731	159	0	240
2026.07.30	17:15:00	4104.902	4105.728	4103.994	4104.173	155	0	240
2026.07.30	17:16:00	4104.229	4105.875	4103.808	4105.820	163	0	240
2026.07.30	17:17:00	4105.818	4106.613	4105.571	4106.123	105	0	240
2026.07.30	17:18:00	4106.066	4106.249	4105.178	4105.796	126	0	240
2026.07.30	17:19:00	4105.682	4106.806	4105.387	4106.229	154	0	240
2026.07.30	17:20:00	4106.197	4106.811	4105.582	4106.095	114	0	240
2026.07.30	17:21:00	4105.847	4106.085	4104.461	4105.526	117	0	240
2026.07.30	17:22:00	4105.569	4107.023	4105.374	4106.809	104	0	240
2026.07.30	17:23:00	4106.832	4107.860	4106.470	4106.983	140	0	240
2026.07.30	17:24:00	4106.872	4108.259	4106.758	4107.928	158	0	240
2026.07.30	17:25:00	4107.730	4108.037	4106.283	4106.283	134	0	240
2026.07.30	17:26:00	4105.973	4106.594	4104.532	4104.977	162	0	240
2026.07.30	17:27:00	4105.094	4105.894	4104.639	4105.357	127	0	240
2026.07.30	17:28:00	4105.323	4105.670	4104.064	4105.216	136	0	240
2026.07.30	17:29:00	4105.118	4105.118	4098.456	4101.579	627	0	240
2026.07.30	17:30:00	4101.486	4102.438	4100.110	4101.142	281	0	240
2026.07.30	17:31:00	4101.070	4101.527	4100.431	4100.431	169	0	240
2026.07.30	17:32:00	4100.681	4101.984	4100.536	4101.511	140	0	240
2026.07.30	17:33:00	4101.475	4102.039	4100.744	4101.790	147	0	240
2026.07.30	17:34:00	4101.587	4102.006	4100.145	4100.959	139	0	240
2026.07.30	17:35:00	4101.014	4101.429	4099.870	4100.508	156	0	240
2026.07.30	17:36:00	4100.381	4106.562	4100.143	4106.302	497	0	240
2026.07.30	17:37:00	4106.606	4108.401	4104.419	4104.825	429	0	240
2026.07.30	17:38:00	4104.748	4105.057	4100.475	4103.712	382	0	240
2026.07.30	17:39:00	4103.833	4105.685	4102.749	4102.909	327	0	240
2026.07.30	17:40:00	4102.856	4105.169	4102.412	4104.983	284	0	240
2026.07.30	17:41:00	4104.958	4106.780	4104.661	4105.913	238	0	240
2026.07.30	17:42:00	4105.860	4106.348	4103.198	4103.324	350	0	240
2026.07.30	17:43:00	4103.023	4105.040	4103.023	4104.906	213	0	240
2026.07.30	17:44:00	4104.984	4106.337	4104.746	4106.095	192	0	240
2026.07.30	17:45:00	4106.151	4108.544	4105.289	4107.746	258	0	240
2026.07.30	17:46:00	4107.801	4108.238	4107.451	4107.492	177	0	240
2026.07.30	17:47:00	4107.442	4107.645	4105.876	4106.263	146	0	240
2026.07.30	17:48:00	4106.248	4107.561	4105.827	4107.284	123	0	240
2026.07.30	17:49:00	4107.220	4107.373	4103.977	4103.977	155	0	240
2026.07.30	17:50:00	4104.263	4104.716	4103.131	4103.726	165	0	240
2026.07.30	17:51:00	4103.699	4104.611	4103.362	4104.548	130	0	240
2026.07.30	17:52:00	4104.269	4104.424	4102.774	4103.989	154	0	240
2026.07.30	17:53:00	4103.965	4104.293	4102.685	4102.720	144	0	240
2026.07.30	17:54:00	4102.775	4104.143	4102.775	4103.317	145	0	240
2026.07.30	17:55:00	4103.366	4103.492	4101.070	4102.355	173	0	240
2026.07.30	17:56:00	4102.407	4103.443	4102.103	4103.223	137	0	240
2026.07.30	17:57:00	4103.245	4103.762	4103.014	4103.498	102	0	240
2026.07.30	17:58:00	4103.446	4103.446	4102.220	4102.773	101	0	240
2026.07.30	17:59:00	4102.592	4103.001	4102.381	4102.450	83	0	240
2026.07.30	18:00:00	4102.645	4104.621	4102.645	4103.728	155	0	240
2026.07.30	18:01:00	4103.854	4105.394	4103.628	4104.430	185	0	240
2026.07.30	18:02:00	4104.489	4105.575	4104.248	4104.660	108	0	240
2026.07.30	18:03:00	4104.713	4105.372	4104.380	4104.983	109	0	240
2026.07.30	18:04:00	4105.257	4105.937	4104.985	4105.577	126	0	240
2026.07.30	18:05:00	4105.768	4106.543	4105.425	4105.870	122	0	240
2026.07.30	18:06:00	4105.923	4106.345	4105.078	4106.028	118	0	240
2026.07.30	18:07:00	4106.329	4106.386	4104.697	4104.965	148	0	240
2026.07.30	18:08:00	4104.916	4105.361	4104.262	4104.947	119	0	240
2026.07.30	18:09:00	4104.945	4106.806	4104.727	4106.302	190	0	240
2026.07.30	18:10:00	4106.136	4106.136	4104.997	4105.522	154	0	240
2026.07.30	18:11:00	4105.449	4106.504	4104.884	4106.441	144	0	240
2026.07.30	18:12:00	4106.348	4106.660	4105.816	4106.316	139	0	240
2026.07.30	18:13:00	4106.319	4106.828	4106.060	4106.432	116	0	240
2026.07.30	18:14:00	4106.482	4106.795	4105.574	4106.458	169	0	240
2026.07.30	18:15:00	4106.585	4106.874	4104.844	4105.031	153	0	240
2026.07.30	18:16:00	4105.042	4105.234	4103.813	4103.928	150	0	240
2026.07.30	18:17:00	4104.186	4104.955	4103.666	4104.218	152	0	240
2026.07.30	18:18:00	4104.423	4105.084	4104.001	4104.665	136	0	240
2026.07.30	18:19:00	4104.535	4104.535	4103.728	4104.187	105	0	240
2026.07.30	18:20:00	4104.071	4105.233	4103.733	4104.710	127	0	240
2026.07.30	18:21:00	4104.736	4105.447	4104.389	4105.316	141	0	240
2026.07.30	18:22:00	4105.372	4105.426	4101.253	4102.856	208	0	240
2026.07.30	18:23:00	4102.906	4103.499	4102.377	4103.283	118	0	240
2026.07.30	18:24:00	4102.981	4103.026	4102.127	4102.246	113	0	240
2026.07.30	18:25:00	4102.356	4102.579	4101.290	4101.632	95	0	240
2026.07.30	18:26:00	4101.620	4101.827	4100.642	4101.629	114	0	240
2026.07.30	18:27:00	4101.728	4102.293	4101.257	4102.023	122	0	240
2026.07.30	18:28:00	4102.071	4102.890	4101.606	4102.842	138	0	240
2026.07.30	18:29:00	4102.890	4103.781	4102.622	4103.535	161	0	240
2026.07.30	18:30:00	4103.674	4104.681	4102.940	4104.588	151	0	240
2026.07.30	18:31:00	4104.539	4105.431	4104.110	4105.350	138	0	240
2026.07.30	18:32:00	4105.358	4105.797	4104.659	4105.324	118	0	240
2026.07.30	18:33:00	4105.419	4106.309	4105.272	4105.702	101	0	240
2026.07.30	18:34:00	4105.650	4107.891	4105.321	4106.576	168	0	240
2026.07.30	18:35:00	4106.345	4106.493	4104.764	4105.284	145	0	240
2026.07.30	18:36:00	4105.230	4106.322	4104.843	4106.298	109	0	240
2026.07.30	18:37:00	4106.033	4106.350	4105.070	4105.482	127	0	240
2026.07.30	18:38:00	4105.701	4106.472	4105.546	4105.691	108	0	240
2026.07.30	18:39:00	4105.494	4105.874	4104.315	4104.780	121	0	240
2026.07.30	18:40:00	4104.537	4105.674	4104.245	4105.508	117	0	240
2026.07.30	18:41:00	4105.798	4105.935	4104.330	4104.464	107	0	240
2026.07.30	18:42:00	4104.455	4104.639	4103.796	4104.061	95	0	240
2026.07.30	18:43:00	4104.252	4104.808	4103.876	4104.622	91	0	240
2026.07.30	18:44:00	4104.571	4105.170	4104.196	4104.666	81	0	240
2026.07.30	18:45:00	4104.929	4105.358	4104.529	4104.795	87	0	240
2026.07.30	18:46:00	4104.749	4104.777	4103.689	4103.689	99	0	240
2026.07.30	18:47:00	4103.595	4104.209	4103.116	4103.462	123	0	240
2026.07.30	18:48:00	4103.156	4103.353	4100.930	4101.181	152	0	240
2026.07.30	18:49:00	4101.201	4101.307	4100.530	4101.009	139	0	240
2026.07.30	18:50:00	4100.814	4101.382	4100.364	4100.984	135	0	240
2026.07.30	18:51:00	4101.035	4101.587	4099.893	4100.082	133	0	240
2026.07.30	18:52:00	4100.033	4101.180	4099.773	4100.570	135	0	240
2026.07.30	18:53:00	4100.840	4100.998	4099.732	4099.805	143	0	240
2026.07.30	18:54:00	4099.782	4100.181	4098.693	4099.062	113	0	240
2026.07.30	18:55:00	4099.044	4100.122	4099.039	4099.528	109	0	240
2026.07.30	18:56:00	4099.479	4100.293	4099.190	4099.711	93	0	240
2026.07.30	18:57:00	4099.686	4100.277	4099.428	4099.664	101	0	240
2026.07.30	18:58:00	4099.676	4099.805	4098.749	4099.021	79	0	240
2026.07.30	18:59:00	4098.776	4100.075	4098.776	4099.622	141	0	240
2026.07.30	19:00:00	4099.767	4100.444	4098.705	4099.084	168	0	240
2026.07.30	19:01:00	4099.140	4100.919	4099.140	4100.555	118	0	240
2026.07.30	19:02:00	4100.813	4102.707	4100.429	4102.104	149	0	240
2026.07.30	19:03:00	4102.316	4103.236	4101.865	4102.317	123	0	240
2026.07.30	19:04:00	4102.065	4103.470	4101.547	4103.411	173	0	240
2026.07.30	19:05:00	4103.502	4104.533	4103.173	4103.408	115	0	240
2026.07.30	19:06:00	4103.457	4105.052	4102.580	4104.911	154	0	240
2026.07.30	19:07:00	4104.831	4105.378	4103.713	4103.762	138	0	240
2026.07.30	19:08:00	4103.767	4104.216	4103.066	4104.018	120	0	240
2026.07.30	19:09:00	4104.057	4105.480	4103.726	4105.257	156	0	240
2026.07.30	19:10:00	4105.199	4105.709	4104.667	4105.035	145	0	240
2026.07.30	19:11:00	4104.916	4105.148	4102.968	4103.411	149	0	240
2026.07.30	19:12:00	4103.215	4104.683	4102.931	4104.479	157	0	240
2026.07.30	19:13:00	4104.716	4105.561	4104.288	4105.210	129	0	240
2026.07.30	19:14:00	4105.196	4105.518	4104.189	4104.853	122	0	240
2026.07.30	19:15:00	4104.879	4104.879	4103.005	4103.992	149	0	240
2026.07.30	19:16:00	4103.900	4108.692	4103.809	4108.644	213	0	240
2026.07.30	19:17:00	4108.664	4112.527	4108.354	4112.034	197	0	240
2026.07.30	19:18:00	4112.095	4113.180	4110.882	4112.077	265	0	240
2026.07.30	19:19:00	4112.053	4112.207	4110.505	4110.696	194	0	240
2026.07.30	19:20:00	4110.755	4111.061	4109.381	4110.641	148	0	240
2026.07.30	19:21:00	4110.854	4111.465	4110.418	4111.110	118	0	240
2026.07.30	19:22:00	4111.061	4111.720	4110.356	4111.090	154	0	240
2026.07.30	19:23:00	4111.021	4111.334	4110.533	4110.857	119	0	240
2026.07.30	19:24:00	4110.984	4111.732	4109.859	4111.149	123	0	240
2026.07.30	19:25:00	4111.391	4114.214	4110.523	4112.820	185	0	240
2026.07.30	19:26:00	4112.794	4115.020	4112.794	4113.799	147	0	240
2026.07.30	19:27:00	4113.782	4114.665	4113.140	4113.698	162	0	240
2026.07.30	19:28:00	4113.748	4114.407	4112.889	4113.201	125	0	240
2026.07.30	19:29:00	4113.151	4113.179	4112.275	4112.687	96	0	240
2026.07.30	19:30:00	4112.748	4113.647	4112.511	4112.613	144	0	240
2026.07.30	19:31:00	4112.656	4113.681	4112.336	4113.370	128	0	240
2026.07.30	19:32:00	4113.454	4114.002	4112.212	4112.330	140	0	240
2026.07.30	19:33:00	4112.443	4113.832	4112.439	4113.739	109	0	240
2026.07.30	19:34:00	4113.683	4114.516	4113.405	4114.391	127	0	240
2026.07.30	19:35:00	4114.395	4115.484	4113.677	4113.841	142	0	240
2026.07.30	19:36:00	4113.867	4113.867	4112.025	4112.741	125	0	240
2026.07.30	19:37:00	4112.561	4113.747	4112.067	4112.269	107	0	240
2026.07.30	19:38:00	4112.210	4113.362	4112.173	4113.058	110	0	240
2026.07.30	19:39:00	4113.061	4113.316	4112.194	4112.965	84	0	240
2026.07.30	19:40:00	4113.026	4114.170	4112.666	4113.468	152	0	240
2026.07.30	19:41:00	4113.730	4113.730	4111.958	4112.177	137	0	240
2026.07.30	19:42:00	4111.977	4112.505	4111.388	4112.196	114	0	240
2026.07.30	19:43:00	4112.247	4113.592	4111.962	4113.210	126	0	240
2026.07.30	19:44:00	4113.151	4113.598	4111.991	4112.328	106	0	240
2026.07.30	19:45:00	4112.136	4112.916	4111.976	4112.210	132	0	240
2026.07.30	19:46:00	4112.186	4112.547	4111.527	4111.773	110	0	240
2026.07.30	19:47:00	4111.711	4112.354	4111.089	4112.196	114	0	240
2026.07.30	19:48:00	4112.207	4112.937	4112.032	4112.928	75	0	240
2026.07.30	19:49:00	4112.662	4113.036	4112.207	4112.553	103	0	240
2026.07.30	19:50:00	4112.488	4112.800	4111.753	4112.498	143	0	240
2026.07.30	19:51:00	4112.511	4112.791	4111.240	4111.658	143	0	240
2026.07.30	19:52:00	4111.711	4112.049	4110.458	4110.872	119	0	240
2026.07.30	19:53:00	4110.921	4111.309	4109.575	4110.187	132	0	240
2026.07.30	19:54:00	4110.189	4110.614	4109.553	4109.684	155	0	240
2026.07.30	19:55:00	4109.634	4110.664	4109.147	4110.251	202	0	240
2026.07.30	19:56:00	4110.310	4111.275	4109.843	4109.843	125	0	240
2026.07.30	19:57:00	4109.745	4110.375	4109.355	4109.988	167	0	240
2026.07.30	19:58:00	4109.983	4112.509	4109.266	4111.972	180	0	240
2026.07.30	19:59:00	4112.023	4112.792	4111.234	4112.162	177	0	240
2026.07.30	20:00:00	4112.217	4112.386	4109.982	4110.421	217	0	240
2026.07.30	20:01:00	4110.472	4115.573	4110.304	4115.134	586	0	240
2026.07.30	20:02:00	4115.187	4115.487	4113.828	4114.966	231	0	240
2026.07.30	20:03:00	4114.871	4116.709	4114.671	4116.364	151	0	240
2026.07.30	20:04:00	4116.427	4117.495	4114.845	4117.290	186	0	240
2026.07.30	20:05:00	4117.217	4117.217	4114.626	4114.902	217	0	240
2026.07.30	20:06:00	4114.626	4115.300	4113.592	4115.032	148	0	240
2026.07.30	20:07:00	4114.993	4115.361	4114.114	4114.584	119	0	240
2026.07.30	20:08:00	4114.280	4115.107	4114.206	4114.253	100	0	240
2026.07.30	20:09:00	4114.254	4115.379	4114.143	4114.402	124	0	240
2026.07.30	20:10:00	4114.245	4115.628	4114.163	4115.127	193	0	240
2026.07.30	20:11:00	4114.896	4115.149	4113.907	4114.100	97	0	240
2026.07.30	20:12:00	4114.047	4114.687	4113.066	4114.260	131	0	240
2026.07.30	20:13:00	4114.258	4114.428	4113.382	4113.529	77	0	240
2026.07.30	20:14:00	4113.406	4114.049	4112.864	4113.829	115	0	240
2026.07.30	20:15:00	4113.887	4114.877	4113.235	4114.332	128	0	240
2026.07.30	20:16:00	4114.324	4114.871	4114.052	4114.520	94	0	240
2026.07.30	20:17:00	4114.515	4114.594	4113.364	4113.733	146	0	240
2026.07.30	20:18:00	4113.935	4114.523	4112.082	4114.281	168	0	240
2026.07.30	20:19:00	4114.340	4114.340	4113.056	4113.708	124	0	240
2026.07.30	20:20:00	4113.786	4114.047	4113.294	4113.568	76	0	240
2026.07.30	20:21:00	4113.313	4113.797	4112.660	4112.875	98	0	240
2026.07.30	20:22:00	4112.925	4113.606	4112.468	4113.340	74	0	240
2026.07.30	20:23:00	4113.425	4113.830	4112.460	4112.996	89	0	240
2026.07.30	20:24:00	4113.006	4113.776	4112.632	4113.281	97	0	240
2026.07.30	20:25:00	4113.127	4113.967	4113.037	4113.668	77	0	240
2026.07.30	20:26:00	4113.802	4114.162	4113.516	4113.807	98	0	240
2026.07.30	20:27:00	4113.806	4114.172	4113.478	4113.526	76	0	240
2026.07.30	20:28:00	4113.595	4113.890	4111.837	4112.808	128	0	240
2026.07.30	20:29:00	4112.796	4113.360	4111.524	4111.987	99	0	240
2026.07.30	20:30:00	4112.037	4112.608	4109.444	4110.171	334	0	240
2026.07.30	20:31:00	4110.222	4110.583	4108.287	4108.376	189	0	240
2026.07.30	20:32:00	4108.325	4109.273	4107.520	4109.273	157	0	240
2026.07.30	20:33:00	4109.200	4109.583	4108.374	4108.941	107	0	240
2026.07.30	20:34:00	4108.991	4109.340	4108.492	4109.298	105	0	240
2026.07.30	20:35:00	4109.295	4109.295	4106.898	4107.081	122	0	240
2026.07.30	20:36:00	4107.198	4107.945	4106.221	4107.476	118	0	240
2026.07.30	20:37:00	4107.709	4107.709	4106.884	4107.333	100	0	240
2026.07.30	20:38:00	4107.395	4107.464	4106.610	4107.248	97	0	240
2026.07.30	20:39:00	4107.066	4107.300	4106.145	4106.948	132	0	240
2026.07.30	20:40:00	4106.923	4107.247	4106.114	4106.862	114	0	240
2026.07.30	20:41:00	4106.893	4106.893	4106.145	4106.579	99	0	240
2026.07.30	20:42:00	4106.658	4107.467	4106.245	4106.558	116	0	240
2026.07.30	20:43:00	4106.291	4106.871	4102.208	4103.123	229	0	240
2026.07.30	20:44:00	4103.180	4104.572	4102.497	4102.904	144	0	240
2026.07.30	20:45:00	4102.960	4103.655	4102.448	4103.562	168	0	240
2026.07.30	20:46:00	4103.619	4103.741	4103.089	4103.431	92	0	240
2026.07.30	20:47:00	4103.385	4103.444	4101.176	4101.611	158	0	240
2026.07.30	20:48:00	4101.733	4102.079	4100.916	4101.809	100	0	240
2026.07.30	20:49:00	4101.750	4102.681	4099.976	4100.127	156	0	240
2026.07.30	20:50:00	4100.178	4100.989	4098.982	4100.486	192	0	240
2026.07.30	20:51:00	4100.434	4101.919	4100.298	4101.615	149	0	240
2026.07.30	20:52:00	4101.508	4102.361	4100.901	4102.061	171	0	240
2026.07.30	20:53:00	4102.374	4102.717	4101.890	4102.417	88	0	240
2026.07.30	20:54:00	4102.337	4102.767	4101.189	4101.568	117	0	240
2026.07.30	20:55:00	4101.671	4101.959	4100.889	4101.713	141	0	240
2026.07.30	20:56:00	4101.768	4103.201	4101.731	4103.042	136	0	240
2026.07.30	20:57:00	4102.979	4103.123	4102.356	4103.046	97	0	240
2026.07.30	22:00:00	4105.237	4106.725	4103.894	4105.596	102	0	260
2026.07.30	22:01:00	4105.647	4105.647	4104.185	4105.475	88	0	260
2026.07.30	22:02:00	4105.450	4105.450	4104.053	4104.374	82	0	260
2026.07.30	22:03:00	4104.162	4106.523	4103.515	4105.916	86	0	260
2026.07.30	22:04:00	4105.862	4105.866	4103.302	4103.344	93	0	260
2026.07.30	22:05:00	4103.397	4103.455	4102.416	4103.147	78	0	260
2026.07.30	22:06:00	4103.416	4104.644	4103.073	4104.056	60	0	260
2026.07.30	22:07:00	4104.322	4104.931	4103.995	4104.715	61	0	260
2026.07.30	22:08:00	4104.715	4105.089	4104.344	4104.950	51	0	260
2026.07.30	22:09:00	4104.919	4105.977	4104.818	4105.478	69	0	260
2026.07.30	22:10:00	4105.502	4106.272	4105.244	4105.784	55	0	260
2026.07.30	22:11:00	4105.785	4106.435	4105.264	4105.571	70	0	260
2026.07.30	22:12:00	4105.602	4106.594	4105.200	4106.095	92	0	260
2026.07.30	22:13:00	4106.095	4107.074	4105.460	4106.867	104	0	260
2026.07.30	22:14:00	4106.871	4107.723	4106.631	4106.889	101	0	260
2026.07.30	22:15:00	4106.803	4108.115	4106.453	4107.769	123	0	260
2026.07.30	22:16:00	4107.640	4108.528	4107.224	4108.528	80	0	260
2026.07.30	22:17:00	4108.255	4108.365	4107.185	4107.466	107	0	260
2026.07.30	22:18:00	4107.466	4108.334	4107.300	4107.693	70	0	240
2026.07.30	22:19:00	4107.644	4108.312	4107.600	4108.132	59	0	240
2026.07.30	22:20:00	4108.367	4108.367	4107.598	4107.883	85	0	240
2026.07.30	22:21:00	4107.688	4108.161	4107.499	4108.001	58	0	240
2026.07.30	22:22:00	4107.966	4108.196	4107.307	4107.883	65	0	240
2026.07.30	22:23:00	4107.886	4108.009	4107.206	4107.256	58	0	240
2026.07.30	22:24:00	4107.521	4107.886	4107.243	4107.826	58	0	240
2026.07.30	22:25:00	4107.761	4108.160	4107.469	4107.847	61	0	240
2026.07.30	22:26:00	4107.850	4108.496	4107.476	4108.145	73	0	240
2026.07.30	22:27:00	4108.097	4108.316	4107.145	4107.228	64	0	240
2026.07.30	22:28:00	4107.339	4108.100	4107.308	4107.890	62	0	240
2026.07.30	22:29:00	4107.882	4108.018	4106.904	4107.647	69	0	240
2026.07.30	22:30:00	4107.573	4108.212	4107.437	4107.722	72	0	240
2026.07.30	22:31:00	4107.816	4107.959	4107.103	4107.657	82	0	240
2026.07.30	22:32:00	4107.772	4108.093	4107.285	4107.841	75	0	240
2026.07.30	22:33:00	4107.854	4108.285	4107.565	4107.916	88	0	240
2026.07.30	22:34:00	4107.848	4108.214	4107.331	4107.849	86	0	240
2026.07.30	22:35:00	4107.849	4108.605	4107.771	4108.284	61	0	240
2026.07.30	22:36:00	4108.597	4109.241	4108.124	4109.041	64	0	240
2026.07.30	22:37:00	4109.015	4109.470	4108.688	4108.969	78	0	240
2026.07.30	22:38:00	4109.166	4110.089	4108.946	4109.823	92	0	240
2026.07.30	22:39:00	4109.681	4110.447	4109.681	4109.882	97	0	240
2026.07.30	22:40:00	4109.821	4110.212	4109.692	4110.058	63	0	240
2026.07.30	22:41:00	4110.056	4110.156	4109.547	4110.156	51	0	240
2026.07.30	22:42:00	4109.904	4110.433	4109.437	4110.185	67	0	240
2026.07.30	22:43:00	4110.155	4110.541	4109.774	4109.883	60	0	240
2026.07.30	22:44:00	4110.128	4110.510	4109.382	4110.510	68	0	240
2026.07.30	22:45:00	4110.304	4110.665	4109.045	4109.201	76	0	240
2026.07.30	22:46:00	4108.967	4111.011	4108.908	4110.959	92	0	240
2026.07.30	22:47:00	4110.921	4110.921	4109.712	4109.777	56	0	240
2026.07.30	22:48:00	4109.777	4110.848	4109.518	4110.848	66	0	240
2026.07.30	22:49:00	4110.798	4111.020	4109.971	4110.635	61	0	240
2026.07.30	22:50:00	4110.545	4110.845	4110.035	4110.366	62	0	240
2026.07.30	22:51:00	4110.279	4110.701	4109.974	4110.499	57	0	240
2026.07.30	22:52:00	4110.502	4111.152	4110.502	4111.011	67	0	240
2026.07.30	22:53:00	4110.808	4111.108	4110.036	4110.584	70	0	240
2026.07.30	22:54:00	4110.338	4111.114	4110.182	4110.843	56	0	240
2026.07.30	22:55:00	4110.871	4111.071	4110.215	4110.267	53	0	240
2026.07.30	22:56:00	4110.616	4110.616	4109.465	4110.115	74	0	240
2026.07.30	22:57:00	4110.093	4110.093	4109.282	4109.523	53	0	240
2026.07.30	22:58:00	4109.414	4110.049	4109.292	4109.392	52	0	240
2026.07.30	22:59:00	4109.453	4110.247	4108.895	4109.252	74	0	240
2026.07.30	23:00:00	4109.271	4111.415	4108.948	4110.250	130	0	240
2026.07.30	23:01:00	4110.181	4110.902	4109.937	4110.845	78	0	240
2026.07.30	23:02:00	4110.894	4111.124	4110.526	4110.981	67	0	240
2026.07.30	23:03:00	4110.871	4110.998	4109.985	4110.639	75	0	240
2026.07.30	23:04:00	4110.598	4111.060	4110.488	4110.768	72	0	240
2026.07.30	23:05:00	4110.475	4111.811	4110.111	4111.568	107	0	240
2026.07.30	23:06:00	4111.542	4111.821	4111.151	4111.523	58	0	240
2026.07.30	23:07:00	4111.271	4111.654	4111.131	4111.651	45	0	240
2026.07.30	23:08:00	4111.350	4111.426	4109.838	4109.838	54	0	240
2026.07.30	23:09:00	4109.638	4109.900	4108.912	4109.588	69	0	240
2026.07.30	23:10:00	4109.448	4109.726	4108.286	4108.731	71	0	240
2026.07.30	23:11:00	4108.446	4108.531	4107.370	4107.571	95	0	240
2026.07.30	23:12:00	4107.563	4108.006	4107.223	4107.551	64	0	240
2026.07.30	23:13:00	4107.518	4107.890	4106.423	4106.708	79	0	240
2026.07.30	23:14:00	4106.401	4107.601	4106.401	4107.120	70	0	240
2026.07.30	23:15:00	4107.367	4107.591	4106.756	4106.982	54	0	240
2026.07.30	23:16:00	4107.010	4107.196	4106.664	4106.852	69	0	240
2026.07.30	23:17:00	4107.104	4107.104	4105.915	4106.914	94	0	240
2026.07.30	23:18:00	4106.576	4107.151	4106.390	4106.605	74	0	240
2026.07.30	23:19:00	4106.595	4106.878	4106.293	4106.695	67	0	240
2026.07.30	23:20:00	4106.694	4106.694	4105.042	4105.130	105	0	240
2026.07.30	23:21:00	4105.081	4105.359	4104.432	4104.999	88	0	240
2026.07.30	23:22:00	4105.046	4106.851	4104.799	4106.681	99	0	240
2026.07.30	23:23:00	4106.928	4107.193	4106.384	4106.407	56	0	240
2026.07.30	23:24:00	4106.428	4106.580	4105.702	4106.196	68	0	240
2026.07.30	23:25:00	4105.977	4106.382	4105.447	4106.161	72	0	240
2026.07.30	23:26:00	4106.150	4106.720	4105.653	4106.143	71	0	240
2026.07.30	23:27:00	4106.166	4106.309	4105.073	4105.073	53	0	240
2026.07.30	23:28:00	4105.099	4105.461	4104.662	4104.915	72	0	240
2026.07.30	23:29:00	4104.920	4104.951	4103.858	4104.217	85	0	240
2026.07.30	23:30:00	4104.195	4104.254	4103.505	4104.018	64	0	240
2026.07.30	23:31:00	4103.985	4104.947	4103.240	4104.272	101	0	240
2026.07.30	23:32:00	4104.524	4105.245	4104.325	4105.112	91	0	240
2026.07.30	23:33:00	4104.857	4105.014	4104.290	4104.554	74	0	240
2026.07.30	23:34:00	4104.554	4104.766	4103.876	4103.975	81	0	240
2026.07.30	23:35:00	4103.981	4103.981	4102.768	4103.526	91	0	240
2026.07.30	23:36:00	4103.274	4104.373	4102.113	4103.711	130	0	240
2026.07.30	23:37:00	4103.539	4104.311	4103.073	4104.311	120	0	240
2026.07.30	23:38:00	4104.038	4104.692	4103.746	4104.130	82	0	240
2026.07.30	23:39:00	4104.145	4106.020	4103.834	4105.633	107	0	240
2026.07.30	23:40:00	4105.581	4106.525	4105.295	4106.382	69	0	240
2026.07.30	23:41:00	4106.281	4107.545	4105.978	4106.767	89	0	240
2026.07.30	23:42:00	4106.856	4106.947	4104.921	4105.291	82	0	240
2026.07.30	23:43:00	4105.311	4105.864	4105.011	4105.667	67	0	240
2026.07.30	23:44:00	4105.592	4106.374	4105.571	4106.226	71	0	240
2026.07.30	23:45:00	4106.198	4109.608	4106.198	4109.132	166	0	240
2026.07.30	23:46:00	4109.112	4109.423	4108.133	4109.423	99	0	240
2026.07.30	23:47:00	4109.310	4110.144	4109.022	4109.022	72	0	240
2026.07.30	23:48:00	4109.070	4109.522	4108.309	4108.777	89	0	240
2026.07.30	23:49:00	4108.925	4109.036	4108.078	4108.436	79	0	240
2026.07.30	23:50:00	4108.403	4108.403	4106.429	4106.657	98	0	240
2026.07.30	23:51:00	4106.651	4109.117	4106.618	4109.117	91	0	240
2026.07.30	23:52:00	4109.060	4109.214	4108.151	4108.500	113	0	240
2026.07.30	23:53:00	4108.481	4108.481	4106.904	4107.034	110	0	240
2026.07.30	23:54:00	4107.027	4107.320	4106.291	4107.203	78	0	240
2026.07.30	23:55:00	4107.276	4107.421	4106.226	4106.304	77	0	240
2026.07.30	23:56:00	4106.492	4106.936	4106.138	4106.712	65	0	240
2026.07.30	23:57:00	4106.718	4107.268	4106.072	4107.233	86	0	240
2026.07.30	23:58:00	4107.127	4107.187	4105.849	4105.857	74	0	240
2026.07.30	23:59:00	4106.051	4106.672	4105.372	4105.645	103	0	240
2026.07.31	00:00:00	4105.694	4107.216	4101.635	4103.009	391	0	240
